sessao_id,item_ordem_id,resultado,materia_id,numero,ano,tipo_sigla,tipo_descricao,ementa,tema_proposto,classificador,revisada_por_humano,fonte_oficial
769,28847,UNANIMIDADE,25503,1,2026,ECOM,ELEIÇÃO DE COMISSÕES,ELEIÇÃO DOS MEMBROS DAS COMISSÕES PERMANENTES DA CAMARA MUNICIPAL DE CAMPO LARGO - 2ª SESSÃO LEGISLATIVA DA 41ª LEGISLATURA (2026),Outros,"IA, por regras temáticas documentadas",não,https://sapl.campolargo.pr.leg.br/materia/25503
769,28848,UNANIMIDADE,25501,2,2026,PLE,PROJETO DE LEI DO EXECUTIVO,"ALTERA OS DISPOSITIVOS DA LEI MUNICIPAL Nº 2353, DE 22 DE DEZEMBRO DE 2011, QUE INSTITUIU O NOVO PLANO DE CARGOS E VENCIMENTOS DOS SERVIDORES PÚBLICOS DO MUNICÍPIO DE CAMPO LARGO, CONFORME ESPECIFICA.

***COM REGIME DE URGÊNCIA***",Administração e finanças,"IA, por regras temáticas documentadas",não,https://sapl.campolargo.pr.leg.br/materia/25501
769,28849,UNANIMIDADE,25499,6,2026,PLE,PROJETO DE LEI DO EXECUTIVO,"ALTERA DISPOSITIVOS DA LEI MUNICIPAL Nº 2347 DE 22 DE NOVEMBRO DE 2011, QUE DISPÕE SOBRE O NOVO ESTATUTO DOS SERVIDORES DE CAMPO LARGO, CONFORME ESPECÍFICA.

***COM REGIME DE URGÊNCIA***",Administração e finanças,"IA, por regras temáticas documentadas",não,https://sapl.campolargo.pr.leg.br/materia/25499
769,28850,UNANIMIDADE,25502,8,2026,PLE,PROJETO DE LEI DO EXECUTIVO,"CONCEDE AUMENTO SALARIAL AOS PROFISSIONAIS DO MAGISTÉRIO DO MUNICÍPIO DE CAMPO LARGO, CONFORME ESPECIFÍCA.

***COM REGIME DE URGÊNCIA***",Educação,"IA, por regras temáticas documentadas",não,https://sapl.campolargo.pr.leg.br/materia/25502
769,28851,UNANIMIDADE,25505,1,2026,PR,PROJETO DE RESOLUÇÃO,"DISPÕE SOBRE A ABERTURA DE CRÉDITO ADICIONAL SUPLEMENTAR NO ORÇAMENTO DA CÂMARA MUNICIPAL DE CAMPO LARGO/PR, PARA O EXERCÍCI FINANCEIRO DE 2026, CONFORME ESPECIFICA.

***COM REGIME DE URGÊNCIA***",Administração e finanças,"IA, por regras temáticas documentadas",não,https://sapl.campolargo.pr.leg.br/materia/25505
770,28862,UNANIMIDADE,25576,1,2026,VRC,VOTAÇÃO REQUERIMENTOS EM CONJUNTO,VOTAÇÃO ENGLOBADA DE TODOS REQUERIMENTOS.,Outros,"IA, por regras temáticas documentadas",não,https://sapl.campolargo.pr.leg.br/materia/25576
770,28863,UNANIMIDADE,25550,76,2026,REQ,REQUERIMENTO,"SOLICITAR A SUBSTITUIÇÃO DA LIXEIRA COMUNITÁRIA LOCALIZADA NA ESTRADA DO SÃO PEDRO, NO DISTRITO DE SÃO SILVESTRE.",Iluminação e serviços urbanos,"IA, por regras temáticas documentadas",não,https://sapl.campolargo.pr.leg.br/materia/25550
770,28864,UNANIMIDADE,25560,90,2026,REQ,REQUERIMENTO,"SOLICITAR MELHORIAS NA ILUMINAÇÃO PÚBLICA DA RUA CABRAL, LOCALIZADA NO JARDIM SÃO VICENTE.",Iluminação e serviços urbanos,"IA, por regras temáticas documentadas",não,https://sapl.campolargo.pr.leg.br/materia/25560
770,28865,UNANIMIDADE,25561,91,2026,REQ,REQUERIMENTO,SOLICITAR A CONSTRUÇÃO DE UMA CALÇADA LIGANDO A AVENIDA PREFEITO MARCELO PUPPI À RUA PARAÍBA.,"Ruas, trânsito e transporte","IA, por regras temáticas documentadas",não,https://sapl.campolargo.pr.leg.br/materia/25561
770,28866,UNANIMIDADE,25562,93,2026,REQ,REQUERIMENTO,"SOLICITAR A REALIZAÇÃO DE DRAGAGEM DO RIO LOCALIZADO NA RUA SÍLVIO DALLAGRANA, NO TRECHO AO LADO DA ESTAÇÃO DE TRATAMENTO DE ESGOTO, ESTENDENDO-SE ATÉ A REPRESA DO PASSAÚNA.",Iluminação e serviços urbanos,"IA, por regras temáticas documentadas",não,https://sapl.campolargo.pr.leg.br/materia/25562
770,28867,UNANIMIDADE,25541,65,2026,REQ,REQUERIMENTO,"SOLICITA A INSTALAÇÃO DE REDUTOR DE VELOCIDADE NA RUA SÃO PAULO, NO BAIRRO JARDIM ESMERALDA, NESTE MUNICÍPIO.","Ruas, trânsito e transporte","IA, por regras temáticas documentadas",não,https://sapl.campolargo.pr.leg.br/materia/25541
770,28868,UNANIMIDADE,25542,66,2026,REQ,REQUERIMENTO,"SOLICITANDO O REPERFILAMENTO ASFÁLTICO RUA JOÃO DE JESUS MACHADO EM TODA A SUA EXTENSÃO, NO BAIRRO BATEIAS, NESTE MUNICÍPIO.","Ruas, trânsito e transporte","IA, por regras temáticas documentadas",não,https://sapl.campolargo.pr.leg.br/materia/25542
770,28869,UNANIMIDADE,25543,67,2026,REQ,REQUERIMENTO,"SOLICITA A AMPLIAÇÃO DOS HORÁRIOS DO TRANSPORTE COLETIVO PARA A LINHA DE ÔNIBUS PRÓXIMO A UNIDADE DA MULHER NA RUA HARROLD HEIN, VILA BANCÁRIA, NESTE MUNICÍPIO.","Ruas, trânsito e transporte","IA, por regras temáticas documentadas",não,https://sapl.campolargo.pr.leg.br/materia/25543
770,28870,UNANIMIDADE,25549,73,2026,REQ,REQUERIMENTO,"MUNICÍPIO SOLICITANDO A INSTALAÇÃO DE REDUTOR DE VELOCIDADE (LOMBADA) NA RUA EUCLIDES DE ANDRADE, NO LOTEAMENTO SANTA RITA (CONFORME MAPA ABAIXO), NESTE MUNICÍPIO.","Ruas, trânsito e transporte","IA, por regras temáticas documentadas",não,https://sapl.campolargo.pr.leg.br/materia/25549
770,28871,UNANIMIDADE,25516,40,2026,REQ,REQUERIMENTO,"PAVIMENTAÇÃO COM PEDRAS (CAMINHO DAS PEDRAS) EM TODA EXTENSÃO DA RUA NOSSA SENHORA DO MONTE CLARO, BAIRRO: COLÔNIA REVIER, FERRARIA.","Ruas, trânsito e transporte","IA, por regras temáticas documentadas",não,https://sapl.campolargo.pr.leg.br/materia/25516
770,28872,UNANIMIDADE,25517,41,2026,REQ,REQUERIMENTO,"INSTALACÃO DE TELA ALAMBRADO COM ALTURA DE 1,2 METRO NO ENTORNO DA PISTA DE SKATE DO PARQUE NEWTON PUPPI.","Cultura, esporte e lazer","IA, por regras temáticas documentadas",não,https://sapl.campolargo.pr.leg.br/materia/25517
770,28873,UNANIMIDADE,25518,42,2026,REQ,REQUERIMENTO,INSTALAÇÃO DE ILUMINAÇÃO PRÓPRIA PARA O PROLONGAMENTO DA CICLOVIA EXISTENTE AO LADO DA AVENIDA DO CANAL NO PONTO ENTRE A RUA JOÃO BATISTA MENDES ATÉ A RUA CARMEN MIRANDA.,Iluminação e serviços urbanos,"IA, por regras temáticas documentadas",não,https://sapl.campolargo.pr.leg.br/materia/25518
770,28874,UNANIMIDADE,25519,43,2026,REQ,REQUERIMENTO,"INSTALACÃO DE UMA ESTACÃO MUSCULACÃO/ACADEMIA DE CALISTENIA AO AR LIVRE NO ESPACO DE LAZER DA POPULAR VELHA, ASSOCIACÃO DE MORADORES.","Cultura, esporte e lazer","IA, por regras temáticas documentadas",não,https://sapl.campolargo.pr.leg.br/materia/25519
770,28875,UNANIMIDADE,25520,44,2026,REQ,REQUERIMENTO,"INSTALAÇÃO DE TELA ALAMBRADO COM ALTURA DE 1,2 METRO NO ENTORNO DO ESPACO DE LAZER PARQUINHO SITUADO AO LADO DA RUA: CASTRO ALVES, BAIRRO: VILA BANCÁRIA.","Cultura, esporte e lazer","IA, por regras temáticas documentadas",não,https://sapl.campolargo.pr.leg.br/materia/25520
770,28876,UNANIMIDADE,25521,45,2026,REQ,REQUERIMENTO,"SEJA SOLICITADO INFORMAÇÕES AO PODER EXECUTIVO MUNICIPAL, POR INTERMÉDIO DA SECRETARIA DE GOVERNO E DA OUVIDORIA GERAL DO MUNICÍPIO.",Iluminação e serviços urbanos,"IA, por regras temáticas documentadas",não,https://sapl.campolargo.pr.leg.br/materia/25521
770,28877,UNANIMIDADE,25522,46,2026,REQ,REQUERIMENTO,"SOLICITAÇÃO DE INSTALAÇÃO DE PONTO DE ÔNIBUS NA RUA MANIFE JULIO, Nº 185, BAIRRO SÃO LUIZ.","Ruas, trânsito e transporte","IA, por regras temáticas documentadas",não,https://sapl.campolargo.pr.leg.br/materia/25522
770,28878,UNANIMIDADE,25523,47,2026,REQ,REQUERIMENTO,"SOLICITAÇÃO DE INSTALAÇÃO DE PONTO DE ÔNIBUS NA RUA CARLOS PINTO DE LIMA, Nº 375, BAIRRO SÃO LUIZ.","Ruas, trânsito e transporte","IA, por regras temáticas documentadas",não,https://sapl.campolargo.pr.leg.br/materia/25523
770,28879,UNANIMIDADE,25524,48,2026,REQ,REQUERIMENTO,"ROÇADA DO MATO EM GALERIA NA ESQUINA DAS RUAS SÃO LUIZ E RUA SÃO SILVESTRE, NO BAIRRO SÃO LUIZ.",Iluminação e serviços urbanos,"IA, por regras temáticas documentadas",não,https://sapl.campolargo.pr.leg.br/materia/25524
770,28880,UNANIMIDADE,25525,49,2026,REQ,REQUERIMENTO,"REQUER INFORMAÇÕES AO PREFEITO MUNICIPAL DE CAMPO LARGO, POR MEIO DA SECRETARIA MUNICIPAL DE DESENVOLVIMENTO URBANO E DA SECRETARIA DE GOVERNO.",Outros,"IA, por regras temáticas documentadas",não,https://sapl.campolargo.pr.leg.br/materia/25525
770,28881,UNANIMIDADE,25508,24,2026,REQ,REQUERIMENTO,ANÁLISE E A POSSÍVEL IMPLEMENTAÇÃO DE PINTURA REFLETIVA (NAS CORES VERDE OU AMARELA) NOS POSTES DE RADARES EXISTENTES NO MUNICÍPIO DE CAMPO LARGO.,"Ruas, trânsito e transporte","IA, por regras temáticas documentadas",não,https://sapl.campolargo.pr.leg.br/materia/25508
770,28882,UNANIMIDADE,25552,79,2026,REQ,REQUERIMENTO,SOLICITA AO PODER EXECUTIVO MUNICIPAL A ANÁLISE PARA INSTALAÇÃO DE REDUTORES SONOROS (TACHINHAS) A UMA DISTÂNCIA DE 50 METROS DAS VIAS PRINCIPAIS QUE POSSUEM RADARES FIXOS.,"Ruas, trânsito e transporte","IA, por regras temáticas documentadas",não,https://sapl.campolargo.pr.leg.br/materia/25552
770,28883,UNANIMIDADE,25553,80,2026,REQ,REQUERIMENTO,"SUGERIR AO PODER EXECUTIVO MUNICIPAL A INSTALAÇÃO DE ABRIGO DE ÔNIBUS COBERTO NA RUA WALDEMAR LEO BRAGA, EM FRENTE À ESCOLA MUNICIPAL JOSÉ ALEXANDRE SÁVIO.",Educação,"IA, por regras temáticas documentadas",não,https://sapl.campolargo.pr.leg.br/materia/25553
770,28884,UNANIMIDADE,25554,81,2026,REQ,REQUERIMENTO,"INSTALAÇÃO DE ILUMINAÇÃO PÚBLICA NA AVENIDA MARCELO PUPPI, NO TRECHO ENTRE A DIVISA DO MUNICÍPIO COM A BALSA NOVA (VIADUTO) E A AVENIDA BOM JESUS.",Iluminação e serviços urbanos,"IA, por regras temáticas documentadas",não,https://sapl.campolargo.pr.leg.br/materia/25554
770,28885,UNANIMIDADE,25536,60,2026,REQ,REQUERIMENTO,SOLICITANDO AQUISICÃO DE MATERIAIS E EQUIPAMENTOS DESTINADOS À UPA 24H DE CAMPO LARGO EM ESPECIAL PARA ATENDIMENTO DA SALA DE PEDIATRIA CONFORME JÁ SOLICITADO NO OFICIO Nº 323/2025.,Saúde,"IA, por regras temáticas documentadas",não,https://sapl.campolargo.pr.leg.br/materia/25536
770,28886,UNANIMIDADE,25537,61,2026,REQ,REQUERIMENTO,"MANUTENCÃO ASFÁLTICA NA RUA IRAQUE PRÓXIMO A NUMERACÃO 50, BAIRRO FRANCISCO GORSKI.","Ruas, trânsito e transporte","IA, por regras temáticas documentadas",não,https://sapl.campolargo.pr.leg.br/materia/25537
770,28887,UNANIMIDADE,25538,62,2026,REQ,REQUERIMENTO,"SOLICITA A INSTALACÃO DE CAMERAS DE SEGURANCA DE MONITORAMENTO. VINCULADAS AO CIOSP NA QUADRA DE ESPORTES DO PARTENOPE, POR MEIO DA SECRETARIA MUNICIPAL DE ORDEM PÚBLICA.",Segurança pública,"IA, por regras temáticas documentadas",não,https://sapl.campolargo.pr.leg.br/materia/25538
770,28888,UNANIMIDADE,25539,63,2026,REQ,REQUERIMENTO,"SOLICITANDO PROVIDÊNCIAS PARA A REESTRUTURACÃO E RECUPERACÃO DO CORRIMÃO DA PONTE LOCALIZADA NO CRUZAMENTO ENTRE AS RUAS MANOEL RIBAS E FRANCISCO XAVIER DA SILVA, BEM COMO DEMAIS MELHORIAS NECESSÁRIAS À SEGURANÇA DO LOCAL. BAIRRO VILA BANCÁRIA.","Ruas, trânsito e transporte","IA, por regras temáticas documentadas",não,https://sapl.campolargo.pr.leg.br/materia/25539
770,28889,UNANIMIDADE,25551,78,2026,REQ,REQUERIMENTO,"MANUTENCÃO ASFÁLTICA NA RUA ALCEBIADES AFONSO GUIMARÃES EM FRENTE A NUMERACÃO 22, BAIRRO SÃO MARCOS.","Ruas, trânsito e transporte","IA, por regras temáticas documentadas",não,https://sapl.campolargo.pr.leg.br/materia/25551
770,28890,UNANIMIDADE,25559,89,2026,REQ,REQUERIMENTO,AQUISIÇÃO DE UNIFORMES PARA AGENTES COMUNITÁRIOS DE SAÚDE.,Saúde,"IA, por regras temáticas documentadas",não,https://sapl.campolargo.pr.leg.br/materia/25559
770,28891,UNANIMIDADE,25563,94,2026,REQ,REQUERIMENTO,"PRODUÇÃO DE UM PLANO DE APLICAÇÃO DETALHADO REFERENTE ÀS EMENDAS IMPOSITIVAS RECEBIDAS PELA SECRETARIA DE SAÚDE NA LOA 2026, EM ESPECÍFICO ÀQUELAS DIRECIONADAS À VIGILÂNCIA AMBIENTAL.",Saúde,"IA, por regras temáticas documentadas",não,https://sapl.campolargo.pr.leg.br/materia/25563
770,28892,UNANIMIDADE,25564,95,2026,REQ,REQUERIMENTO,AQUISIÇÃO DE MATERIAIS PARA MANEJO E TRANSPORTE DE ANIMAIS PARA A VIGILÂNCIA AMBIENTAL.,Meio ambiente e animais,"IA, por regras temáticas documentadas",não,https://sapl.campolargo.pr.leg.br/materia/25564
770,28893,UNANIMIDADE,25565,96,2026,REQ,REQUERIMENTO,APRIMORAMENTO DA ILUMINAÇÃO DA PRAÇA SAGRADO CORAÇÃO.,Iluminação e serviços urbanos,"IA, por regras temáticas documentadas",não,https://sapl.campolargo.pr.leg.br/materia/25565
770,28894,UNANIMIDADE,25566,97,2026,REQ,REQUERIMENTO,DESTINAÇÃO DE 1 (UM) VEÍCULO DA FROTA DA SAÚDE PARA UTILIZAÇÃO EXCLUSIVA DA VIGILÂNCIA AMBIENTAL.,Saúde,"IA, por regras temáticas documentadas",não,https://sapl.campolargo.pr.leg.br/materia/25566
770,28895,UNANIMIDADE,25526,50,2026,REQ,REQUERIMENTO,SEJA INSTALADA TRAVESSIA ELEVADA COM SINALIZAÇÃO DE REDUÇÃO DE VELOCIDADE PARA ÁREA ESCOLAR NA RUA JOÃO BATISTA VALÕES EM FRENTE AO COLÉGIO ESTADUAL DESEMBARGADOR CLOTÁRIO PORTUGAL.,"Ruas, trânsito e transporte","IA, por regras temáticas documentadas",não,https://sapl.campolargo.pr.leg.br/materia/25526
770,28896,UNANIMIDADE,25527,51,2026,REQ,REQUERIMENTO,SOLICITAR A INSTALAÇÃO DE UMA ACADEMIA AO AR LIVRE NA RUA BERNARDINO BASSANI - BAIRRO MORADIAS BOM JESUS.,"Cultura, esporte e lazer","IA, por regras temáticas documentadas",não,https://sapl.campolargo.pr.leg.br/materia/25527
770,28897,UNANIMIDADE,25528,52,2026,REQ,REQUERIMENTO,SOLICITAR O RETORNO DO PARQUINHO NA RUA BERNARDINO BASSANI - BAIRRO MORADIAS B0M JESUS.,"Cultura, esporte e lazer","IA, por regras temáticas documentadas",não,https://sapl.campolargo.pr.leg.br/materia/25528
770,28898,UNANIMIDADE,25529,53,2026,REQ,REQUERIMENTO,"SOLICITAR O CONSERTO DA CALÇADA LOCALIZADA NA RUA RUI BARBOSA, NO 1500, EM FRENTE AO PRÉDIO ILHA DO MEL,TENDO EM VISTA O AFUNDAMENTO DO PASSEIO.","Ruas, trânsito e transporte","IA, por regras temáticas documentadas",não,https://sapl.campolargo.pr.leg.br/materia/25529
770,28899,UNANIMIDADE,25530,54,2026,REQ,REQUERIMENTO,"PATROLAMENTO, NIVELAMENTO E INSERÇÃO DE MATERIAL NA RUA PARALELA A RUA JOÃO GASPARETTO NETO AO LADO DA CAPELA NOSSA SENHORA DOS QUADRAS – RONDINHA CEP83.667435.","Ruas, trânsito e transporte","IA, por regras temáticas documentadas",não,https://sapl.campolargo.pr.leg.br/materia/25530
770,28900,UNANIMIDADE,25509,29,2026,REQ,REQUERIMENTO,SINALIZAÇÃO VIÁRIA VERTICAL E HORIZONTAL NA PONTE DOS TRÊS RIOS.,"Ruas, trânsito e transporte","IA, por regras temáticas documentadas",não,https://sapl.campolargo.pr.leg.br/materia/25509
770,28901,UNANIMIDADE,25510,30,2026,REQ,REQUERIMENTO,"INSTALAÇÃO DE REDUTOR DE VELOCIDADE (TARTARUGA) NA RUA JOSÉ DE PAIVA VIDAL, PRÓXIMO AO RESIDENCIAL PARQUE ARVOREDO, LOCALIZADOS NO LOTEAMENTO SANTA RITA.","Ruas, trânsito e transporte","IA, por regras temáticas documentadas",não,https://sapl.campolargo.pr.leg.br/materia/25510
770,28902,UNANIMIDADE,25514,31,2026,REQ,REQUERIMENTO,"PATROLAMENTO E ENSAIBRAMENTO EM TODA EXTENSÃO DA RUA ANTONIO E LOPES DA SILVA, EM ANEXO A RUA ANTÓNIO JITKOSKI.","Ruas, trânsito e transporte","IA, por regras temáticas documentadas",não,https://sapl.campolargo.pr.leg.br/materia/25514
770,28903,UNANIMIDADE,25511,32,2026,REQ,REQUERIMENTO,"MANUTENÇÃO DE CAIXA DE DRENAGEM NA RUA AMAZILIO LAVAL, EM FRENTE AO IMÓVEL Nº 72 LOCALIZADO NO BAIRRO PARTENOPE.",Iluminação e serviços urbanos,"IA, por regras temáticas documentadas",não,https://sapl.campolargo.pr.leg.br/materia/25511
770,28904,UNANIMIDADE,25512,33,2026,REQ,REQUERIMENTO,"MANUTENÇÃO ASFALTICA NA ESQUINA DA RUA ANTONIO MUNARI COM A RUA ROMUALDO PORTUGAL, LOCALIZADA NO BAIRRO BOM JESUS.","Ruas, trânsito e transporte","IA, por regras temáticas documentadas",não,https://sapl.campolargo.pr.leg.br/materia/25512
770,28905,UNANIMIDADE,25513,38,2026,REQ,REQUERIMENTO,INSTALAÇÃO DE AR CONDICIONADO NO CIAC (CENTRO INTEGRADO DE ATENDIMENTO AO CIDADÃO).,Outros,"IA, por regras temáticas documentadas",não,https://sapl.campolargo.pr.leg.br/materia/25513
770,28906,UNANIMIDADE,25567,98,2026,REQ,REQUERIMENTO,"AMPLIAÇÃO DA LINHA DE ÓNIBUS ITAMBEZINO EM 2 KM, AVANÇANDO ATÉ A RUA CASEMIRO KARMAN.","Ruas, trânsito e transporte","IA, por regras temáticas documentadas",não,https://sapl.campolargo.pr.leg.br/materia/25567
770,28907,UNANIMIDADE,25568,100,2026,REQ,REQUERIMENTO,"REVITALIZAÇÃO ASFÁLTICA NA RUA FLORINDO ZANETTI E TODA SUA EXTENSÃO, OURO VERDE.","Ruas, trânsito e transporte","IA, por regras temáticas documentadas",não,https://sapl.campolargo.pr.leg.br/materia/25568
770,28908,UNANIMIDADE,25569,103,2026,REQ,REQUERIMENTO,REDUÇÃO DE TARIFA DE ÓNIBUS NO FINAL DE SEMANA.,"Ruas, trânsito e transporte","IA, por regras temáticas documentadas",não,https://sapl.campolargo.pr.leg.br/materia/25569
770,28909,UNANIMIDADE,25570,107,2026,REQ,REQUERIMENTO,"ROÇADA NA RUA JOÃO TIGRINHO DE FREITAS COM ANTÓNIO VIDAL, BAIRRO BOM JESUS.",Iluminação e serviços urbanos,"IA, por regras temáticas documentadas",não,https://sapl.campolargo.pr.leg.br/materia/25570
770,28910,UNANIMIDADE,25555,82,2026,REQ,REQUERIMENTO,"SOLICITANDO INSTALAÇÃO DE REDUTOR DE VELOCIDADE (TACHÕES/TARTARUGAS) NA AVENIDA GRALHA AZUL, PRÓXIMO AO MATERIAL DE CONSTRUÇÃO IAREKE, VILA GILCY, FERRARIA.","Ruas, trânsito e transporte","IA, por regras temáticas documentadas",não,https://sapl.campolargo.pr.leg.br/materia/25555
770,28911,UNANIMIDADE,25556,83,2026,REQ,REQUERIMENTO,"PEDIDO DE PROVIDÊNCIAS AO PODER EXECUTIVO DE CAMPO LARGO, SOLICITANDO PATRULHAMENTO OSTENSIVO DA GUARDA MUNICIPAL NAS RUAS CONDOR, BEM-TE-VI, R.C E AV. GRALHA AZUL, LOCALIZADAS NA VILA GILCY, FERRARIA.",Segurança pública,"IA, por regras temáticas documentadas",não,https://sapl.campolargo.pr.leg.br/materia/25556
770,28912,UNANIMIDADE,25557,84,2026,REQ,REQUERIMENTO,"PEDIDO DE PROVIDÊNCIAS AO PODER EXECUTIVO DE CAMPO LARGO, SOLICITANDO INSTALAÇÃO DE REDUTOR DE VELOCIDADE (TACHÓES/TARTARUGAS) NA AV. GRALHA AZUL, PRÓXIMO AOS NUMERAIS 550 E 449, VILA GILCY, CAMPO LARGO.","Ruas, trânsito e transporte","IA, por regras temáticas documentadas",não,https://sapl.campolargo.pr.leg.br/materia/25557
770,28913,UNANIMIDADE,25571,108,2026,REQ,REQUERIMENTO,"SOLICITANDO INSTALAÇÃO DE REDUTOR DE VELOCIDADE (TACHÓESITARTARUGAS) NA AV. BOM JESUS ESQUINA COM A RUA JOÃO GIONEDIS, BAIRRO BOM JESUS, CAMPO LARGO.","Ruas, trânsito e transporte","IA, por regras temáticas documentadas",não,https://sapl.campolargo.pr.leg.br/materia/25571
770,28914,UNANIMIDADE,25572,109,2026,REQ,REQUERIMENTO,"SOLICITANDO UMA PLACA INDICATIVA E A IMPLANTAÇÃO DE UMA COBERTURA DE PONTO DE ÔNIBUS DEFRONTE AO SUPERMERCADO SILVEIRA, LOCALIZADO NA AV. ARAPONGAS, DONA FINA, FERRARIA.","Ruas, trânsito e transporte","IA, por regras temáticas documentadas",não,https://sapl.campolargo.pr.leg.br/materia/25572
770,28915,UNANIMIDADE,25545,69,2026,REQ,REQUERIMENTO,"SOLICITA SEJA REALIZADO LIMPEZA E ROÇADA EM TODA EXTENSÃO DA RUA AVENIDA CRISTINA, JARDIM FLORESTAL, CAMPO LARGO - PR , DESTE MESMO MUNICÍPIO.",Iluminação e serviços urbanos,"IA, por regras temáticas documentadas",não,https://sapl.campolargo.pr.leg.br/materia/25545
770,28916,UNANIMIDADE,25546,70,2026,REQ,REQUERIMENTO,"IMPLANTAR REDE COLETORA DE ESGOTO EM TODA A EXTENSÃO DA RUA AV. AYRTON SENNA DA SILVA, 5390.",Iluminação e serviços urbanos,"IA, por regras temáticas documentadas",não,https://sapl.campolargo.pr.leg.br/materia/25546
770,28917,UNANIMIDADE,25547,71,2026,REQ,REQUERIMENTO,"REQUERER AO PODER EXECUTIVO DESTE MUNICIPIO, A CONCLUSÃO DA PAVIMENTAÇÃO ASFÁLTICA DA RUA: ANTONIO LUIZ RIVABEM.","Ruas, trânsito e transporte","IA, por regras temáticas documentadas",não,https://sapl.campolargo.pr.leg.br/materia/25547
770,28918,UNANIMIDADE,25548,72,2026,REQ,REQUERIMENTO,"PAVIMENTAÇÃO ASFÁLTICA DA RUA OSCAR FERREIRA, BAIRRO AGUAS CLARAS, DESTE MUNICIPIO.","Ruas, trânsito e transporte","IA, por regras temáticas documentadas",não,https://sapl.campolargo.pr.leg.br/materia/25548
770,28919,UNANIMIDADE,25531,55,2026,REQ,REQUERIMENTO,"PEDIDO DE PROVIDÊNCIAS AO PODER EXECUTIVO DESTE MUNICÍPIO, SOLICITANDO CONSTRUÇÃO DE CABECEIRA (PROTEÇÃO LATERAL) NA PONTE LOCALIZADA NA RUA TEIXEIRA SOARES, NO BAIRRO SÃO VICENTE, DESTE MUNICÍPIO.","Ruas, trânsito e transporte","IA, por regras temáticas documentadas",não,https://sapl.campolargo.pr.leg.br/materia/25531
770,28920,UNANIMIDADE,25532,56,2026,REQ,REQUERIMENTO,"PEDIDO DE PROVIDÊNCIAS AO PODER EXECUTIVO DESTE MUNICÍPIO, SOLICITANDO CONSTRUÇÃO DE CENTRO MUNICIPAL DE EDUCAÇÃO INFANTIL (CMEI), NO BAIRRO JARDIM LISE, NESTE MUNICÍPIO.",Educação,"IA, por regras temáticas documentadas",não,https://sapl.campolargo.pr.leg.br/materia/25532
770,28921,UNANIMIDADE,25533,57,2026,REQ,REQUERIMENTO,"PEDIDO DE PROVIDÊNCIAS AO PODER EXECUTIVO DESTE MUNICÍPIO, SOLICITANDO INSTALAÇÃO DE UM TOLDO DE PROTEÇÃO NO TRAJETO ENTRE O ACESSO PRINCIPAL DA ESCOLA MUNICIPAL PEDRO KAMINSKI E A QUADRA ESPORTIVA.",Educação,"IA, por regras temáticas documentadas",não,https://sapl.campolargo.pr.leg.br/materia/25533
770,28922,UNANIMIDADE,25534,58,2026,REQ,REQUERIMENTO,"SOLICITANDO MEIO FIO, NA EXTENSÃO DA RUA DOS PERIQUITOS, DISTRITO DA FERRARIA, DESTE MUNICÍPIO.","Ruas, trânsito e transporte","IA, por regras temáticas documentadas",não,https://sapl.campolargo.pr.leg.br/materia/25534
770,28923,UNANIMIDADE,25535,59,2026,REQ,REQUERIMENTO,"SOLICITANDO MELHORIAS NO ESCOAMENTO DE ÁGUA, NA RUA DOS PERIQUITOS, EM TODA A EXTENSÃO, VILA GILCY, DISTRITO DA FERRARIA.","Ruas, trânsito e transporte","IA, por regras temáticas documentadas",não,https://sapl.campolargo.pr.leg.br/materia/25535
770,28924,UNANIMIDADE,25577,15,2026,REQ,REQUERIMENTO,"SUBSTITUIÇÃO DE LÂMPADAS COMUNS POR LÂMPADAS DE LED NA RUA EUCLIDES DE ANDRADE, BATEIAS.",Iluminação e serviços urbanos,"IA, por regras temáticas documentadas",não,https://sapl.campolargo.pr.leg.br/materia/25577
770,28925,UNANIMIDADE,25578,16,2026,REQ,REQUERIMENTO,"SUBSTITUIÇÃO DE LÂMPADAS COMUNS POR LÂMPADAS DE LED NA RUA ANGELO ZAMPIER, BATEIAS.",Iluminação e serviços urbanos,"IA, por regras temáticas documentadas",não,https://sapl.campolargo.pr.leg.br/materia/25578
770,28926,UNANIMIDADE,25579,17,2026,REQ,REQUERIMENTO,SUBSTITUIÇÃO DE LÂMPADAS COMUNS POR LÂMPADAS DE LED NA RUA EUCLIDES DE ALMEIDA.,Iluminação e serviços urbanos,"IA, por regras temáticas documentadas",não,https://sapl.campolargo.pr.leg.br/materia/25579
770,28927,UNANIMIDADE,25580,18,2026,REQ,REQUERIMENTO,"SUBSTITUIÇÃO DE LÂMPADAS COMUNS POR LÂMPADAS DE LED NA RUA MANOEL MARQUES DA ROCHA, BATEIAS.",Iluminação e serviços urbanos,"IA, por regras temáticas documentadas",não,https://sapl.campolargo.pr.leg.br/materia/25580
770,28928,UNANIMIDADE,25581,19,2026,REQ,REQUERIMENTO,"SUBSTITUIÇÃO DE LÂMPADAS COMUNS POR LÂMPADAS DE LED NA RUA MANOEL, BATEIAS.",Iluminação e serviços urbanos,"IA, por regras temáticas documentadas",não,https://sapl.campolargo.pr.leg.br/materia/25581
771,28930,REJEITADO,25495,1,2026,VT,VETO,"VETO INTEGRAL AO PROJETO DE LEI DO LEGISLATIVO Nº123/2025, CUJA SÚMULA ""DEFINE O TRAÇADO DA RUA DOS GIRASSÓIS, JARDIM BUSMAYER, CONFORME ESPECIFICA"".","Ruas, trânsito e transporte","IA, por regras temáticas documentadas",não,https://sapl.campolargo.pr.leg.br/materia/25495
771,28933,UNANIMIDADE,25652,11,2026,PLE,PROJETO DE LEI DO EXECUTIVO,"DÁ NOVA REDAÇÃO AO ART. 22 DA LEI MUNICIPAL Nº 3975, DE 4 DE FEVEREIRO DE 2026, QUE ALTEROU A LEI MUNICIPAL Nº 2.353, DE 22 DE DEZEMBRO DE 2011, CONFORME ESPECIFICA.

***COM REGIME DE URGÊNCIA***",Outros,"IA, por regras temáticas documentadas",não,https://sapl.campolargo.pr.leg.br/materia/25652
771,28940,UNANIMIDADE,25665,2,2026,VRC,VOTAÇÃO REQUERIMENTOS EM CONJUNTO,VOTAÇÃO ENGLOBADA DE TODOS REQUERIMENTOS.,Outros,"IA, por regras temáticas documentadas",não,https://sapl.campolargo.pr.leg.br/materia/25665
773,29076,UNANIMIDADE,25494,1,2026,PLE,PROJETO DE LEI DO EXECUTIVO,"PRORROGA O PRAZO DE VIGÊNCIA DO PLANO MUNICIPAL DE EDUCAÇÃO DE CAMPO LARGO - PME-CAMPO LARGO, APROVADO ATRAVÉS DA LEI MUNICIPAL Nº 2684,DE12 DE JUNHO DE 2015 E ALTERAÇÕES, CONFORME ESPECIFICA.
***COM REGIME DE URGÊNCIA***",Educação,"IA, por regras temáticas documentadas",não,https://sapl.campolargo.pr.leg.br/materia/25494
773,29017,UNANIMIDADE,25742,18,2026,PLL,PROJETO DE LEI DO LEGISLATIVO,"ALTERA DISPOSITIVO DA LEI MUNICIPAL N° 3.624, DE 2023, PARA EXTINGUIR O CARGO EM COMISSÃO DE TESOUREIRO E CRIAR O CARGO EFETIVO DE TESOUREIRO NO QUADRO DE PESSOAL DA CÂMARA MUNICIPAL DE CAMPO LARGO, E DÁ OUTRAS PROVIDENCIAS.",Administração e finanças,"IA, por regras temáticas documentadas",não,https://sapl.campolargo.pr.leg.br/materia/25742
773,29019,UNANIMIDADE,25743,3,2026,VRC,VOTAÇÃO REQUERIMENTOS EM CONJUNTO,VOTAÇÃO ENGLOBADA DE TODOS REQUERIMENTOS.,Outros,"IA, por regras temáticas documentadas",não,https://sapl.campolargo.pr.leg.br/materia/25743
773,29020,UNANIMIDADE,25723,253,2026,REQ,REQUERIMENTO,"SOLICITA MODERNIZAÇÃO DO SISTEMA DE ILUMINAÇÃO COM INSTALAÇÃO DE LÂMPADAS DE LED EM TODA EXTENSÃO DA RUA SEBASTIÃO TOREZIN, BAIRRO SALGADINHO.",Iluminação e serviços urbanos,"IA, por regras temáticas documentadas",não,https://sapl.campolargo.pr.leg.br/materia/25723
773,29021,UNANIMIDADE,25724,255,2026,REQ,REQUERIMENTO,"SOLICITA PAVIMENTAÇÃO ASFÁLTICA EM TODA EXTENSÃO DA RUA GUAIRACÁ, BAIRRO FERRARIA.","Ruas, trânsito e transporte","IA, por regras temáticas documentadas",não,https://sapl.campolargo.pr.leg.br/materia/25724
773,29022,UNANIMIDADE,25725,256,2026,REQ,REQUERIMENTO,"SOLICITA MODERNIZAÇÃO DO SISTEMA DE ILUMINAÇÃO COM INSTALAÇÃO DE LÂMPADAS DE LED EM TODA EXTENSÃO DA RUA GREGÓRIO KRUL, BAIRRO JARDIM FLORESTAL.",Iluminação e serviços urbanos,"IA, por regras temáticas documentadas",não,https://sapl.campolargo.pr.leg.br/materia/25725
773,29023,UNANIMIDADE,25739,257,2026,REQ,REQUERIMENTO,"SOLICITA CONSTRUÇÃO DE UMA NOVA LOMBADA NA RUA SÃO BENEDITO, BAIRRO SALGADINHO.","Ruas, trânsito e transporte","IA, por regras temáticas documentadas",não,https://sapl.campolargo.pr.leg.br/materia/25739
773,29024,UNANIMIDADE,25679,209,2026,REQ,REQUERIMENTO,INSTALAÇÃO DE UM RADAR DE VELOCIDADE COM A DEVIDA SINALIZAÇÃO NA AVENIDA CAMPO LARGO – BAIRRO SÃO JERÔNIMO.,"Ruas, trânsito e transporte","IA, por regras temáticas documentadas",não,https://sapl.campolargo.pr.leg.br/materia/25679
773,29025,UNANIMIDADE,25680,210,2026,REQ,REQUERIMENTO,"SOLICITA PATROLAMENTO, NIVELAMENTO E INSERÇÃO DE MATERIAL NA RUA SANTO ÂNGELO – BAIRRO ITAQUI.","Ruas, trânsito e transporte","IA, por regras temáticas documentadas",não,https://sapl.campolargo.pr.leg.br/materia/25680
773,29026,UNANIMIDADE,25681,211,2026,REQ,REQUERIMENTO,"SOLICITA INSTALAÇÃO DE RADAR DE VELOCIDADE COM A DEVIDA SINALIZAÇÃO NA RUA JOÃO STUKAS, N° 3.395 – BAIRRO BOTIATUVA.","Ruas, trânsito e transporte","IA, por regras temáticas documentadas",não,https://sapl.campolargo.pr.leg.br/materia/25681
773,29027,UNANIMIDADE,25682,212,2026,REQ,REQUERIMENTO,"SOLICITA INSTALAÇÃO DE UM RADAR DE VELOCIDADE COM A DEVIDA SINALIZAÇÃO NA RUA DOMINGOS CORDEIRO, N° 2.403.","Ruas, trânsito e transporte","IA, por regras temáticas documentadas",não,https://sapl.campolargo.pr.leg.br/materia/25682
773,29028,UNANIMIDADE,25683,213,2026,REQ,REQUERIMENTO,"SOLICITA ALTERAÇÃO DO HORÁRIO DA LINHA DE ÔNIBUS TERMINAL – PARTENOPE, DAS 19H PARA AS 19:30H, AOS SÁBADOS E DOMINGOS.","Ruas, trânsito e transporte","IA, por regras temáticas documentadas",não,https://sapl.campolargo.pr.leg.br/materia/25683
773,29029,UNANIMIDADE,25674,204,2026,REQ,REQUERIMENTO,"INSTALAÇÃO DE REDUTOR DE VELOCIDADE (LOMBADA) NA RUA HIPÓLITO FERREIRA PORTELLA, Nº 275.","Ruas, trânsito e transporte","IA, por regras temáticas documentadas",não,https://sapl.campolargo.pr.leg.br/materia/25674
773,29030,UNANIMIDADE,25675,205,2026,REQ,REQUERIMENTO,SOLICITAÇÃO DE ESTUDO PARA REAJUSTE DAS BOLSAS-AUXILIO E AUXILIO-TRANSPORTE DE ESTAGIÁRIOS DE NIVEL MÉDIO E TÉCNICO DO MUNICIPIO DE CAMPO LARGO.,Outros,"IA, por regras temáticas documentadas",não,https://sapl.campolargo.pr.leg.br/materia/25675
773,29031,UNANIMIDADE,25676,206,2026,REQ,REQUERIMENTO,"INSTALAÇÃO DE SINALIZAÇÃO ELETRÔNICA DE VELOCIDADE (RADAR/LOMBADA ELETRÔNICA) NA RUA ADEMAR DE BARROS PRÓXIMO AO NUMERAL 1.539, BAIRRO JARDIM SOCIAL.","Ruas, trânsito e transporte","IA, por regras temáticas documentadas",não,https://sapl.campolargo.pr.leg.br/materia/25676
773,29032,UNANIMIDADE,25677,207,2026,REQ,REQUERIMENTO,"INSTALAÇÃO DE SINALIZAÇÃO ELETRÔNICA DE VELOCIDADE (RADAR) NA RUA GUAPIRAMA, BAIRRO JARDIM SANTA NELY.","Ruas, trânsito e transporte","IA, por regras temáticas documentadas",não,https://sapl.campolargo.pr.leg.br/materia/25677
773,29033,UNANIMIDADE,25678,208,2026,REQ,REQUERIMENTO,INSTALAÇÃO DE LÂMPADAS DE LED NA RUA ANTONIO DRUZIK BAIRRO ÁGUAS CLARAS.,Iluminação e serviços urbanos,"IA, por regras temáticas documentadas",não,https://sapl.campolargo.pr.leg.br/materia/25678
773,29034,UNANIMIDADE,25693,223,2026,REQ,REQUERIMENTO,"SOLICITA OPERAÇÃO TAPA-BURACOS NA RUA REGINALDO ROSSA, N° 299 – VILA GLÓRIA.","Ruas, trânsito e transporte","IA, por regras temáticas documentadas",não,https://sapl.campolargo.pr.leg.br/materia/25693
773,29035,UNANIMIDADE,25694,224,2026,REQ,REQUERIMENTO,SOLICITA PAVIMENTAÇÃO NA RUA IDAIR ANTÔNIA SIQUEIRA.,"Ruas, trânsito e transporte","IA, por regras temáticas documentadas",não,https://sapl.campolargo.pr.leg.br/materia/25694
773,29036,UNANIMIDADE,25695,225,2026,REQ,REQUERIMENTO,"SOLICITA INSTALAÇÃO DE REDUTOR DE VELOCIDADE NA RUA MATO GROSSO, N° 8206, NESTE MUNICIPIO.","Ruas, trânsito e transporte","IA, por regras temáticas documentadas",não,https://sapl.campolargo.pr.leg.br/materia/25695
773,29037,UNANIMIDADE,25696,226,2026,REQ,REQUERIMENTO,"SOLICITA CONSERTO DE BUEIRO QUEBRADO NA AVENIDA ARAPONGAS, N° 406, VILA GILCY, NESTE MUNICIPIO.",Iluminação e serviços urbanos,"IA, por regras temáticas documentadas",não,https://sapl.campolargo.pr.leg.br/materia/25696
773,29038,UNANIMIDADE,25697,227,2026,REQ,REQUERIMENTO,SOLICITA CONSERTO DA PONTE NA ESTRADA DO LIXÃO (ESTRADA DO RODRIGUES).,"Ruas, trânsito e transporte","IA, por regras temáticas documentadas",não,https://sapl.campolargo.pr.leg.br/materia/25697
773,29039,UNANIMIDADE,25712,248,2026,REQ,REQUERIMENTO,"SOLICITA MANUTENÇÃO ASFÁLTICA NA RUA MAURO PORTUGAL, PRÓXIMO À NUMERAÇÃO 1.000, BAIRRO VILA BANCÁRIA.","Ruas, trânsito e transporte","IA, por regras temáticas documentadas",não,https://sapl.campolargo.pr.leg.br/materia/25712
773,29040,UNANIMIDADE,25713,249,2026,REQ,REQUERIMENTO,"SOLICITA PROVIDÊNCIAS PARA QUE SEJA REALIZADA A REINSTALAÇÃO DE VAGA DE ESTACIONAMENTO ESPECIAL NA RUA ENGENHEIRO TOURINHO, N° 1.300, NA RUA LATERAL DO COLÉGIO SAGRADA FAMILIA.",Educação,"IA, por regras temáticas documentadas",não,https://sapl.campolargo.pr.leg.br/materia/25713
773,29041,UNANIMIDADE,25714,250,2026,REQ,REQUERIMENTO,"SOLICITA A VIABILIDADE DE INSTENSIFICAR E REFORÇAR O PATRULHAMENTO OSTENSIVO, BEM COMO MAIOR ATENÇÃO POR PARTE DOS ÓRGÃOS COMPETENTES NA PRAÇA DO MUSEU.","Cultura, esporte e lazer","IA, por regras temáticas documentadas",não,https://sapl.campolargo.pr.leg.br/materia/25714
773,29042,UNANIMIDADE,25715,251,2026,REQ,REQUERIMENTO,"SOLICITA REVITALIZAÇÃO DA CICLO-FAIXA DA AVENIDA PADRE NATAL PIGATTO, EM TODA A SUA EXTENSÃO.","Ruas, trânsito e transporte","IA, por regras temáticas documentadas",não,https://sapl.campolargo.pr.leg.br/materia/25715
773,29043,UNANIMIDADE,25716,252,2026,REQ,REQUERIMENTO,"SOLICITA QUE SEJA REALIZADA A INSTALAÇÃO DE UM TOLDO/COBERTURA NA ENTRADA E SAÍDA DOS ALUNOS DA ESCOLA PROFESSORA NEUZA JOKIMSEN BARBOSA E DO CEMAE LOCALIZADOS NA AVENIDA CRISTINA, N° 420, VILA BANCÁRIA.",Educação,"IA, por regras temáticas documentadas",não,https://sapl.campolargo.pr.leg.br/materia/25716
773,29044,UNANIMIDADE,25727,258,2026,REQ,REQUERIMENTO,SOLICITA A AQUISIÇÃO DE MONITORES MULTIPARÂMETROS PARA A UBS SÃO PEDRO.,Saúde,"IA, por regras temáticas documentadas",não,https://sapl.campolargo.pr.leg.br/materia/25727
773,29045,UNANIMIDADE,25728,259,2026,REQ,REQUERIMENTO,SOLICITA A AQUISIÇÃO DE MONITORES MULTIPARÂMETROS PARA A UBS ITAMBEZINHO.,Saúde,"IA, por regras temáticas documentadas",não,https://sapl.campolargo.pr.leg.br/materia/25728
773,29046,UNANIMIDADE,25729,260,2026,REQ,REQUERIMENTO,SOLICITA A AQUISIÇÃO DE MONITORES MULTIPARÂMETROS PARA A UBS SANTA CRUZ.,Saúde,"IA, por regras temáticas documentadas",não,https://sapl.campolargo.pr.leg.br/materia/25729
773,29047,UNANIMIDADE,25730,261,2026,REQ,REQUERIMENTO,SOLICITA A AQUISIÇÃO DE MONITORES MULTIPARÂMETROS PARA A UBS TRÊS CÓRREGOS.,Saúde,"IA, por regras temáticas documentadas",não,https://sapl.campolargo.pr.leg.br/materia/25730
773,29048,UNANIMIDADE,25731,262,2026,REQ,REQUERIMENTO,"SOLICITA A INSTALAÇÃO DE UM REDUTOR DE VELOCIDADE NA RUA JOÃO CECATTO NETO, BATEIAS.","Ruas, trânsito e transporte","IA, por regras temáticas documentadas",não,https://sapl.campolargo.pr.leg.br/materia/25731
773,29049,UNANIMIDADE,25698,228,2026,REQ,REQUERIMENTO,"SOLICITA PAGAMENTO RETROATIVO DE VANTAGENS FUNCIONAIS SUSPENSAS DURANTE O PERIODO DA PANDEMIA, EM ATENÇÃO À LEI COMPLEMENTAR 226/2026.",Administração e finanças,"IA, por regras temáticas documentadas",não,https://sapl.campolargo.pr.leg.br/materia/25698
773,29050,UNANIMIDADE,25699,229,2026,REQ,REQUERIMENTO,SOLICITA CRIAÇÃO DE UM PROGRAMA DE ESTÁGIOS DE GRADUAÇÃO E PÓS-GRADUAÇÃO EM MEDICINA VETERINÁRIA PARA AUXILIO NAS TAREFAS DA SECRETARIA MUNICIPAL DE MEIO AMBIENTE.,Meio ambiente e animais,"IA, por regras temáticas documentadas",não,https://sapl.campolargo.pr.leg.br/materia/25699
773,29051,UNANIMIDADE,25700,230,2026,REQ,REQUERIMENTO,SOLICITA PARCERIA COM CLINICAS VETERINÁRIAS PARA ATENDIMENTO DE ANIMAIS SILVESTRES.,Meio ambiente e animais,"IA, por regras temáticas documentadas",não,https://sapl.campolargo.pr.leg.br/materia/25700
773,29052,UNANIMIDADE,25702,231,2026,REQ,REQUERIMENTO,SOLICITA CÓPIAS DOS PROTOCOLOS DO PODER EXECUTIVO NO INSTITUTO ÀGUA E TERRA – IAT – REFERENTES A AUTORIZAÇÕES AMBIENTAIS PARA OBRAS A SEREM REALIZADAS PELO MUNICIPIO DE CAMPO LARGO.,Meio ambiente e animais,"IA, por regras temáticas documentadas",não,https://sapl.campolargo.pr.leg.br/materia/25702
773,29053,UNANIMIDADE,25703,232,2026,REQ,REQUERIMENTO,SOLICITA CRIAÇÃO DO FUNDO MUNICIPAL DE SEGURANÇA PÚBLICA E SEU PLANO DE APLICAÇÃO.,Segurança pública,"IA, por regras temáticas documentadas",não,https://sapl.campolargo.pr.leg.br/materia/25703
773,29054,UNANIMIDADE,25684,214,2026,REQ,REQUERIMENTO,"SOLICITA INSTALAÇÃO DE ONDULAÇÃO TRANSVERSAL NA RUA CÔNEGO ALBERTO ROGACHESKI, EM FRENTE AO IMÓVEL DE N° 23, LOCALIZADA NO BAIRRO POPULAR NOVA.","Ruas, trânsito e transporte","IA, por regras temáticas documentadas",não,https://sapl.campolargo.pr.leg.br/materia/25684
773,29055,UNANIMIDADE,25685,215,2026,REQ,REQUERIMENTO,SOLICITA INSTALAÇÃO DE UMA LIXEIRA COMUNITÁRIA NA LOCALIDADE DO PAVÃO DOS GOMES.,Iluminação e serviços urbanos,"IA, por regras temáticas documentadas",não,https://sapl.campolargo.pr.leg.br/materia/25685
773,29056,UNANIMIDADE,25686,216,2026,REQ,REQUERIMENTO,"SOLICITA ALTERAÇÃO DA ILUMINAÇÃO PÚBLICA EXISTENTE PARA ILUMINAÇÃO DE LED EM TODA EXTENSÃO DA RUA PEDRO MAGATÃO, LOCALIZADA NO BAIRRO ITABOA.",Iluminação e serviços urbanos,"IA, por regras temáticas documentadas",não,https://sapl.campolargo.pr.leg.br/materia/25686
773,29057,UNANIMIDADE,25687,217,2026,REQ,REQUERIMENTO,"SOLICITA ALTERAÇÃO DA ILUMINAÇÃO PÚBLICA EXISTENTE PARA ILUMINAÇÃO DE LED EM TODA EXTENSÃO DA RUA MARIA JOANA MAROCHI, LOCALIZADA NO BAIRRO ITABOA.",Iluminação e serviços urbanos,"IA, por regras temáticas documentadas",não,https://sapl.campolargo.pr.leg.br/materia/25687
773,29058,UNANIMIDADE,25737,268,2026,REQ,REQUERIMENTO,"SOLICITA ALTERAÇÃO DA ILUMINAÇÃO PUBLICA EXISTENTE PARA ILUMINAÇÃO DE LED EM TODA EXTENSÃO DA RUA EPAMINONDAS BULOW, LOCALIZADA NO BAIRRO ITABOA.",Iluminação e serviços urbanos,"IA, por regras temáticas documentadas",não,https://sapl.campolargo.pr.leg.br/materia/25737
773,29059,UNANIMIDADE,25704,237,2026,REQ,REQUERIMENTO,"SOLICITA IMPLANTAÇÃO DE RADAR NA RUA OSWALDO CRUZ, VILA OPERARIA.","Ruas, trânsito e transporte","IA, por regras temáticas documentadas",não,https://sapl.campolargo.pr.leg.br/materia/25704
773,29060,UNANIMIDADE,25705,238,2026,REQ,REQUERIMENTO,"SOLICITA IMPLANTAÇÃO DE PONTO DE ÔNIBUS LIGEIRINHO CURITIBA/CAMPO LARGO EM FRENTE AO HOSPITAL DO ROCIO, RUA MARIA APARECIDA DE OLIVEIRA, 599, LOTEAMENTO SÃO GERÔNIMO, CAMPO LARGO.","Ruas, trânsito e transporte","IA, por regras temáticas documentadas",não,https://sapl.campolargo.pr.leg.br/materia/25705
773,29061,UNANIMIDADE,25734,264,2026,REQ,REQUERIMENTO,"SOLICITA REPERFILAMENTO ASFÁLTICO NA RUA JOSÉ DOMINGUES PEREIRA, BAIRRO JARDIM BUSMAYER, NO TRECHO QUE COMPREENDE A FRENTE DO  RESIDENCIAL GARDEN VITALINA LEAL, ENTRE O NÚMERO 1.880 ATÉ O NÚMERO 1.846.","Ruas, trânsito e transporte","IA, por regras temáticas documentadas",não,https://sapl.campolargo.pr.leg.br/materia/25734
773,29062,UNANIMIDADE,25735,265,2026,REQ,REQUERIMENTO,"SOLICITA PATROLAMENTO DA RUA MARIA LUIZA TORTATO ANDREASSA LOCALIZADA NA COLÔNIA FIQUEIREDO, NESTA CIDADE.","Ruas, trânsito e transporte","IA, por regras temáticas documentadas",não,https://sapl.campolargo.pr.leg.br/materia/25735
773,29063,UNANIMIDADE,25736,266,2026,REQ,REQUERIMENTO,"SOLICITA PATROLAMENTO DA RUA IGNÁCIO BELINOVSKI, BAIRRO CERCADINHO, NESTA CIDADE.","Ruas, trânsito e transporte","IA, por regras temáticas documentadas",não,https://sapl.campolargo.pr.leg.br/materia/25736
773,29064,UNANIMIDADE,25690,220,2026,REQ,REQUERIMENTO,"SOLICITA REPAROS E/OU SUBSTITUIÇÃO DOS EQUIPAMENTOS DA ACADEMIA AO AR LIVRE, LOCALIZADA NA ESQUINA DA RUA DAS PALMEIRAS COM A RUA IPÊ, JARDIM GUARANY.","Cultura, esporte e lazer","IA, por regras temáticas documentadas",não,https://sapl.campolargo.pr.leg.br/materia/25690
773,29065,UNANIMIDADE,25691,221,2026,REQ,REQUERIMENTO,"SOLICITA IMPLANTAÇÃO DE REDUTORES DE VELOCIDADE (TARTARUGA/TACHÕES) PRÓXIMO À ESCOLA GERALDINA DA MOTA, LOCALIZADA NA RUA FALCÃO, DONA FINA, FERRARIA.","Ruas, trânsito e transporte","IA, por regras temáticas documentadas",não,https://sapl.campolargo.pr.leg.br/materia/25691
773,29066,UNANIMIDADE,25692,222,2026,REQ,REQUERIMENTO,"SOLICITA MELHORIAS NA PINTURA DAS LOMBADAS E IMPLANTAÇÃO DE PLACAS DE IDENTIFICAÇÃO DE LOMBADAS NA EXTENSÃO DA RUA ANTÔNIO GABARDO JUNIOR, ÁGUAS CLARAS.","Ruas, trânsito e transporte","IA, por regras temáticas documentadas",não,https://sapl.campolargo.pr.leg.br/materia/25692
773,29067,UNANIMIDADE,25711,247,2026,REQ,REQUERIMENTO,"SOLICITA IMPLANTAÇÃO DE PLACA INDICATIVA DE “PROIBIDO ESTACIONAR VEICULOS GRANDES E PESADOS” NA RUA MATO GROSSO, PRÓXIMO AO NUMERAL 7.505, FERRARIA.","Ruas, trânsito e transporte","IA, por regras temáticas documentadas",não,https://sapl.campolargo.pr.leg.br/materia/25711
773,29068,UNANIMIDADE,25688,218,2026,REQ,REQUERIMENTO,"SOLICITA REPERFILAMENTO ASFÁLTICO NA RUA ESTRADA DOM RODRIGO, COM INICIO NO NUMERAL 48 AO NUMERAL 112, ITABOA, CAMPO LARGO – PR.","Ruas, trânsito e transporte","IA, por regras temáticas documentadas",não,https://sapl.campolargo.pr.leg.br/materia/25688
773,29069,UNANIMIDADE,25689,219,2026,REQ,REQUERIMENTO,"SOLICITA OBRA DE PATROLAMENTO, ALARGAMENTO, NIVELAMENTO E ENSAIBRAMENTO NA RUA BOI CARNEIRO, NUMERO 290, JARDIM ITAQUI.","Ruas, trânsito e transporte","IA, por regras temáticas documentadas",não,https://sapl.campolargo.pr.leg.br/materia/25689
773,29070,UNANIMIDADE,25738,269,2026,REQ,REQUERIMENTO,"SOLICITA PATROLAMENTO E ENSAIBRAMENTO NA RUA DAS CURUCACAS, BAIRRO SALGADINHO.","Ruas, trânsito e transporte","IA, por regras temáticas documentadas",não,https://sapl.campolargo.pr.leg.br/materia/25738
773,29071,UNANIMIDADE,25706,242,2026,REQ,REQUERIMENTO,"SOLICITA INSTALAÇÃO DE COBERTURA DE PONTO DE ÔNIBUS, NA RUA THEODORO KOCHINSKI, PROXIMO AO SUPERMERCADO GRANMAX, BAIRRO ITAQUI, NESTE MUNICIPIO.","Ruas, trânsito e transporte","IA, por regras temáticas documentadas",não,https://sapl.campolargo.pr.leg.br/materia/25706
773,29072,UNANIMIDADE,25707,243,2026,REQ,REQUERIMENTO,SOLICITA CRIAÇÃO DE CENTRO DE ATENDIMENTO ESPECIALIZADO (CEMAE) NO DISTRITO DE BATEIAS DESTE MUNICIPIO.,Educação,"IA, por regras temáticas documentadas",não,https://sapl.campolargo.pr.leg.br/materia/25707
773,29073,UNANIMIDADE,25708,244,2026,REQ,REQUERIMENTO,"SOLICITA RECONSTRUÇÃO, COM ESTRUTURAS DE GALERIA, DA PONTE NA REGIÃO DE BATEIAS, QUE TEM COMO REFERENCIA A SAIDA DA PR 090 E FAZ LIGAÇÃO COM A VIA DE ACESSO AO RESTAURANTE VELHA ESTÂNCIA NESTE MUNICIPIO.","Ruas, trânsito e transporte","IA, por regras temáticas documentadas",não,https://sapl.campolargo.pr.leg.br/materia/25708
773,29074,UNANIMIDADE,25709,245,2026,REQ,REQUERIMENTO,SOLICITA MANUTENÇÃO DA ESTRADA DA LINHA ESCOLAR GEADA/BARREIRO E BARREIRO/CÓRREGO FUNDO DESTE MUNICIPIO.,Educação,"IA, por regras temáticas documentadas",não,https://sapl.campolargo.pr.leg.br/materia/25709
773,29075,UNANIMIDADE,25710,246,2026,REQ,REQUERIMENTO,"SOLICITA MANUTENÇÃO ASFALTICA NA RUA MUGUEL JULIO, PROXIMO AO NUMERAL 62, BAIRRO JARDIM BELA VISTA, DESTE MUNICIPIO.","Ruas, trânsito e transporte","IA, por regras temáticas documentadas",não,https://sapl.campolargo.pr.leg.br/materia/25710
774,29077,UNANIMIDADE,25669,14,2026,PLE,PROJETO DE LEI DO EXECUTIVO,"ALTERA A LEI MUNICIPAL N° 2.028, DE 02 DE ABRIL DE 2008, AUMENTANDO O NUMERO DE VAGAS DE CARGO PUBLICO DE PROFESSOR, CONFORME ESPECIFICA.",Educação,"IA, por regras temáticas documentadas",não,https://sapl.campolargo.pr.leg.br/materia/25669
774,29088,UNANIMIDADE,25507,1,2026,PLL,PROJETO DE LEI DO LEGISLATIVO,"INSTITUI A POLÍTICA MUNICIPAL DE AGROECOLOGIA, PRODUÇÃO ORGÂNICA E ALIMENTAÇÃO SAUDÁVEL NO MUNICÍPIODE CAMPO LARGO, ESTADO DO PARANÁ E DÁ OUTRAS PROVIDÊNCIAS.",Outros,"IA, por regras temáticas documentadas",não,https://sapl.campolargo.pr.leg.br/materia/25507
774,29090,UNANIMIDADE,25645,9,2026,PLL,PROJETO DE LEI DO LEGISLATIVO,"INSTITUI O PROGRAMA MUNICIPAL ""PLENA MENTE"" NAS UNIDADES DA REDE PÚBLICA MUNICIPAL DE ENSINO DE CAMPO LARGO E DÁ OUTRAS PROVIDÊNCIAS.",Educação,"IA, por regras temáticas documentadas",não,https://sapl.campolargo.pr.leg.br/materia/25645
774,29086,UNANIMIDADE,25814,4,2026,VRC,VOTAÇÃO REQUERIMENTOS EM CONJUNTO,VOTAÇÃO ENGLOBADA DE TODOS REQUERIMENTOS.,Outros,"IA, por regras temáticas documentadas",não,https://sapl.campolargo.pr.leg.br/materia/25814
774,29092,UNANIMIDADE,25760,296,2026,REQ,REQUERIMENTO,"SOLICITA RECAPEAMENTO NA RUA EMA TANNER DE ANDRADE, NAS PROXIMIDADES DA EMPRESA CATERPILLAR, NO LOTEAMENTO SÃO JOSÉ.","Ruas, trânsito e transporte","IA, por regras temáticas documentadas",não,https://sapl.campolargo.pr.leg.br/materia/25760
774,29093,UNANIMIDADE,25761,297,2026,REQ,REQUERIMENTO,"SOLICITA SUBSTITUIÇÃO DAS LÂMPADAS EXISTENTES POR LÂMPADAS DE LED, BEM COMO REPOSIÇÃO DE LÂMPADAS QUEIMADAS, NO PARQUE DA LAGOA, NO BAIRRO OURO VERDE.",Iluminação e serviços urbanos,"IA, por regras temáticas documentadas",não,https://sapl.campolargo.pr.leg.br/materia/25761
774,29094,UNANIMIDADE,25762,298,2026,REQ,REQUERIMENTO,"SOLICITA ROÇADA NA ESTRADA DO TAQUARAL, LOCALIZADA NO BAIRRO TAQUARAL.",Iluminação e serviços urbanos,"IA, por regras temáticas documentadas",não,https://sapl.campolargo.pr.leg.br/materia/25762
774,29095,UNANIMIDADE,25763,299,2026,REQ,REQUERIMENTO,"SOLICITA INTALAÇAO DE TACHÕES OU LOMBADA ELEVADA NA RUA JOSÉ DOMINGUES PEREIRA EM FRENTE AO NUMERO 554, PROXIMO AO CMEI OURO VERDE, LOCALIZADO NO BAIRRO OURO VERDE.","Ruas, trânsito e transporte","IA, por regras temáticas documentadas",não,https://sapl.campolargo.pr.leg.br/materia/25763
774,29096,UNANIMIDADE,25764,300,2026,REQ,REQUERIMENTO,"SOLICITA RECAPEAMENTO DA RUA JOSÉ ARNALDO COSMO, ESPECIALMENTE E COM URGENCIA, NA ÁREA QUE TERMINA O ASFALTO, NO BAIRRO SALGADINHO.","Ruas, trânsito e transporte","IA, por regras temáticas documentadas",não,https://sapl.campolargo.pr.leg.br/materia/25764
774,29097,UNANIMIDADE,25780,315,2026,REQ,REQUERIMENTO,"SOLICITA MODERNIZAÇÃO DO SISTEMA DE ILUMINAÇÃO COM INSTALAÇÃO DE LÂMPADAS DE LED EM TODA EXTENSÃO DA RUA VITÓRIO SIQUEIRA, BAIRRO SALGADINHO.",Iluminação e serviços urbanos,"IA, por regras temáticas documentadas",não,https://sapl.campolargo.pr.leg.br/materia/25780
774,29098,UNANIMIDADE,25781,316,2026,REQ,REQUERIMENTO,"SOLICITA MODERNIZAÇÃO DO SISTEMA DE ILUMINAÇÃO COM INSTALAÇÃO DE LÂMPADAS DE LED EM TODA EXTENSÃO DA RUA DAS CURUCACAS, BAIRRO SALGADINHO.",Iluminação e serviços urbanos,"IA, por regras temáticas documentadas",não,https://sapl.campolargo.pr.leg.br/materia/25781
774,29099,UNANIMIDADE,25782,317,2026,REQ,REQUERIMENTO,"SOLICITA MODERNIZAÇÃO DO SISTEMA DE ILUMINAÇÃO COM INSTALAÇÃO DE LÂMPADAS DE LED EM TODA EXTENSÃO DA RUA OSCAR KUROWSKI, BAIRRO FAZENDINHA.",Iluminação e serviços urbanos,"IA, por regras temáticas documentadas",não,https://sapl.campolargo.pr.leg.br/materia/25782
774,29100,UNANIMIDADE,25783,318,2026,REQ,REQUERIMENTO,"SOLICITA MODERNIZAÇÃO DO SISTEMA DE ILUMINAÇÃO COM INSTALAÇÃO DE LÂMPADAS DE LED EM TODA EXTENSÃO DA RUA JOÃO MISS, BAIRRO NOSSA SENHORA DO ROCIO.",Iluminação e serviços urbanos,"IA, por regras temáticas documentadas",não,https://sapl.campolargo.pr.leg.br/materia/25783
774,29101,UNANIMIDADE,25784,319,2026,REQ,REQUERIMENTO,"SOLICITA ESTUDO DE ALARGAMENTO DA RUA ALBINO LUNARDON, BAIRRO SÃO FRANCISCO DE ASSIS.","Ruas, trânsito e transporte","IA, por regras temáticas documentadas",não,https://sapl.campolargo.pr.leg.br/materia/25784
774,29102,UNANIMIDADE,25757,293,2026,REQ,REQUERIMENTO,"SOLICITA LIMPEZA DA VEGETAÇÃO NO TERRENO PERTENCENTE Á PREFEITURA MUNICIPAL NA RUA ZEFERINO MARCHIORATO, N° 1.063 – VILA ELIZABETH.",Iluminação e serviços urbanos,"IA, por regras temáticas documentadas",não,https://sapl.campolargo.pr.leg.br/materia/25757
774,29103,UNANIMIDADE,25758,294,2026,REQ,REQUERIMENTO,SOLICITA ROÇADA EM TODA A EXTENSÃO DA RUA ZEFERINO MARCHIORATO – VILA ELIZABETH.,Iluminação e serviços urbanos,"IA, por regras temáticas documentadas",não,https://sapl.campolargo.pr.leg.br/materia/25758
774,29104,UNANIMIDADE,25779,314,2026,REQ,REQUERIMENTO,SOLICITA LIMPEZA DA VEGETAÇÃO (ROÇADA) NA AVENIDA CAMPO LARGO – SÃO GERÔNIMO.,Iluminação e serviços urbanos,"IA, por regras temáticas documentadas",não,https://sapl.campolargo.pr.leg.br/materia/25779
774,29105,UNANIMIDADE,25786,324,2026,REQ,REQUERIMENTO,SOLICITA LIMPEZA DA VEGETAÇÃO (ROÇADA) NA RUA JORGE DEMÉTRIO PAULISTA – SAAD.,Iluminação e serviços urbanos,"IA, por regras temáticas documentadas",não,https://sapl.campolargo.pr.leg.br/materia/25786
774,29106,UNANIMIDADE,25806,347,2026,REQ,REQUERIMENTO,"PATROLAMENTO, NIVELAMENTO, ALARGAMENTO E INSERÇÃO DE MATERIAL (SAIBRO OU GRADUADO) NA ESTRADA DAS TRÊS BARRAS, REGIÃO ENTRE BATEIAS E CERNE.","Ruas, trânsito e transporte","IA, por regras temáticas documentadas",não,https://sapl.campolargo.pr.leg.br/materia/25806
774,29107,UNANIMIDADE,25753,285,2026,REQ,REQUERIMENTO,SOLICITA INFORMAÇÕES SOBRE DESCONTOS EM FOLHA DE PAGAMENTO VINCULADOS AO CARTÃO CONSIGNADO CREDCESTA.,Administração e finanças,"IA, por regras temáticas documentadas",não,https://sapl.campolargo.pr.leg.br/materia/25753
774,29108,UNANIMIDADE,25754,287,2026,REQ,REQUERIMENTO,SOLICITA INFORMAÇÕES SOBRE O EVENTO ARTISTICO DE COMEMORAÇÃO AO ANIVERSÁRIO DE CAMPO LARGO.,"Homenagens, nomes e datas","IA, por regras temáticas documentadas",não,https://sapl.campolargo.pr.leg.br/materia/25754
774,29109,UNANIMIDADE,25755,288,2026,REQ,REQUERIMENTO,SOLICITA IMPLANTAÇÃO DE VAGAS DE ESTACIONAMENTO DESTINADAS À IDOSOS NA RUA XAVIER DA SILVA.,"Ruas, trânsito e transporte","IA, por regras temáticas documentadas",não,https://sapl.campolargo.pr.leg.br/materia/25755
774,29110,UNANIMIDADE,25756,289,2026,REQ,REQUERIMENTO,SOLICITA PATRULHAMENTO DA GUARDA MUNICIPAL NA ESCOLA 1° CENTENARIO.,Segurança pública,"IA, por regras temáticas documentadas",não,https://sapl.campolargo.pr.leg.br/materia/25756
774,29111,UNANIMIDADE,25748,279,2026,REQ,REQUERIMENTO,"SOLICITA MANILHAMENTO NO CÓRREGO SITUADO NA AVENIDA MARCELO PUPPI, ESPECIFICAMENTE NO TRECHO LOCALIZADO EM FRENTE À EMPRESA MODELARTE FERRAMENTAS E AO BAR DO BAGRINHO.",Iluminação e serviços urbanos,"IA, por regras temáticas documentadas",não,https://sapl.campolargo.pr.leg.br/materia/25748
774,29112,UNANIMIDADE,25749,280,2026,REQ,REQUERIMENTO,"SOLICITA MANILHAMENTO NA RUA SIQUEIRA CAMPOS, N° 67 – BAIRRO RIVABEM.",Iluminação e serviços urbanos,"IA, por regras temáticas documentadas",não,https://sapl.campolargo.pr.leg.br/materia/25749
774,29113,UNANIMIDADE,25750,281,2026,REQ,REQUERIMENTO,"INSTALAÇÃO DE TACHÕES REFLETIVOS, NA RUA MARTHA SPRAMOVSKI DEFRONTE AO N° 59, BAIRRO NOVA TRENTO.","Ruas, trânsito e transporte","IA, por regras temáticas documentadas",não,https://sapl.campolargo.pr.leg.br/materia/25750
774,29114,UNANIMIDADE,25751,282,2026,REQ,REQUERIMENTO,"SOLICITA INSTALAÇÃO DE ACADEMIA AO AR LIVRE, LOCAL AVENIDA MARCELO PUPPI, BAIRRO BOM JESUS.","Cultura, esporte e lazer","IA, por regras temáticas documentadas",não,https://sapl.campolargo.pr.leg.br/materia/25751
774,29115,UNANIMIDADE,25788,328,2026,REQ,REQUERIMENTO,"SOLICITA ESTUDO DE VIABILIDADE PARA INSTALAÇÃO DE REDUTOR DE VELOCIDADE NA RUA CAETANO MUNHOZ DA ROCHA, PRÓXIMO À NUMERAÇÃO 1.430, BAIRRO OURO VERDE.","Ruas, trânsito e transporte","IA, por regras temáticas documentadas",não,https://sapl.campolargo.pr.leg.br/materia/25788
774,29116,UNANIMIDADE,25789,329,2026,REQ,REQUERIMENTO,SOLICITA A INSTALAÇÃO DE TELA DE PROTEÇÃO NA QUADRA DO CMEI CEU DO MELIANE.,Educação,"IA, por regras temáticas documentadas",não,https://sapl.campolargo.pr.leg.br/materia/25789
774,29117,UNANIMIDADE,25790,330,2026,REQ,REQUERIMENTO,SOLICITA PATROLAMENTO E DISPOSIÇÃO DE SAIBRO NA RUA DIONÍSIO CHEVA PRÓXIMO Á IGREJA SÃO BENEDITO.,"Ruas, trânsito e transporte","IA, por regras temáticas documentadas",não,https://sapl.campolargo.pr.leg.br/materia/25790
774,29118,UNANIMIDADE,25791,331,2026,REQ,REQUERIMENTO,SOLICITA INFORMAÇÕES SOBRE A CONVOCAÇÃO DOS APROVADOS NO ÚLTIMO CONCURSO PÚBLICO DA GUARDA MUNICIPAL DE CAMPO LARGO.,Segurança pública,"IA, por regras temáticas documentadas",não,https://sapl.campolargo.pr.leg.br/materia/25791
774,29119,UNANIMIDADE,25792,332,2026,REQ,REQUERIMENTO,SOLICITA INFORMAÇÕES SOBRE A INSTALAÇÃO E OPERAÇÃO DOS NOVOS RADARES DE FISCALIZAÇÃO ELETRONICA NO MUNICIPIO.,"Ruas, trânsito e transporte","IA, por regras temáticas documentadas",não,https://sapl.campolargo.pr.leg.br/materia/25792
774,29120,UNANIMIDADE,25800,340,2026,REQ,REQUERIMENTO,"SOLICITA REPERFILAMENTO ASFÁLTICO NA TRAVESSA FIALKOSKI, BAIRRO RIVABEM.","Ruas, trânsito e transporte","IA, por regras temáticas documentadas",não,https://sapl.campolargo.pr.leg.br/materia/25800
774,29121,UNANIMIDADE,25801,341,2026,REQ,REQUERIMENTO,"SOLICITA PINTURA VIÁRIA EM TODA EXTENSÃO DA RUA JOÃO CECCATO NETO, BATEIAS.","Ruas, trânsito e transporte","IA, por regras temáticas documentadas",não,https://sapl.campolargo.pr.leg.br/materia/25801
774,29122,UNANIMIDADE,25802,342,2026,REQ,REQUERIMENTO,"SOLICITA PATROLAMENTO E ENSAIBRAMENTO NA ESTRADA DA UVA, SENTIDO VERDE VELHO, BATEIAS.","Ruas, trânsito e transporte","IA, por regras temáticas documentadas",não,https://sapl.campolargo.pr.leg.br/materia/25802
774,29123,UNANIMIDADE,25803,343,2026,REQ,REQUERIMENTO,"SOLICITA PATROLAMENTO E ENSAIBRAMENTO NA ESTRADA QUEIMADA, OURO FINO, BATEIAS.","Ruas, trânsito e transporte","IA, por regras temáticas documentadas",não,https://sapl.campolargo.pr.leg.br/materia/25803
774,29124,UNANIMIDADE,25804,344,2026,REQ,REQUERIMENTO,"SOLICITA PATROLAMENTO E ENSAIBRAMENTO NA ESTRADA CAMPANHARO, BATEIAS.","Ruas, trânsito e transporte","IA, por regras temáticas documentadas",não,https://sapl.campolargo.pr.leg.br/materia/25804
774,29125,UNANIMIDADE,25809,351,2026,REQ,REQUERIMENTO,"SOLICITA APRIMORAMENTO DA SINALIZAÇÃO VIÁRIA DA TRAVESSA FIALKOSKI, JARDIM YARA.","Ruas, trânsito e transporte","IA, por regras temáticas documentadas",não,https://sapl.campolargo.pr.leg.br/materia/25809
774,29126,UNANIMIDADE,25810,352,2026,REQ,REQUERIMENTO,"SOLICITA APRIMORAMENTO DA SINALIZAÇÃO VIÁRIA DA AVENIDA BRASIL, JARDIM YARA.","Ruas, trânsito e transporte","IA, por regras temáticas documentadas",não,https://sapl.campolargo.pr.leg.br/materia/25810
774,29127,UNANIMIDADE,25811,353,2026,REQ,REQUERIMENTO,"SOLICITA PROVIDENCIAS NO MANILHAMENTO DO CÓRREGO DA RUA MIGUEL ARCANJO ROSSA, PRÓXIMO AO CRUZAMENTO COM A RUA EUCLIDES DE ALMEIDA.",Iluminação e serviços urbanos,"IA, por regras temáticas documentadas",não,https://sapl.campolargo.pr.leg.br/materia/25811
774,29128,UNANIMIDADE,25812,354,2026,REQ,REQUERIMENTO,"SOLICITA ESTUDO CONJUNTO DAS SECRETARIAS DE EDUCAÇÃO, ESPORTES E DESENVOLVIMENTOS SOCIAL E DA MULHER PARA EXTENSÃO DO HORÁRIO DE ATENDIMENTO NO CMEIS COM OFICINAS EDUCATIVAS E DE RECREAÇÃO.",Educação,"IA, por regras temáticas documentadas",não,https://sapl.campolargo.pr.leg.br/materia/25812
774,29129,UNANIMIDADE,25813,355,2026,REQ,REQUERIMENTO,SOLICITA INFORMAÇÕE SOBRE A QUANTIDADE DE MULTAS DE TRÂNSITO APLICADAS PELOS RADARES NOS PRIMEIROS 30 (TRINTA) DIAS DE INSTALAÇÃO.,"Ruas, trânsito e transporte","IA, por regras temáticas documentadas",não,https://sapl.campolargo.pr.leg.br/materia/25813
774,29130,UNANIMIDADE,25744,275,2026,REQ,REQUERIMENTO,"SOLICITA ALTERAÇÃO DA ILUMINAÇÃO PÚBLICA EXISTENTE PARA ILUMINAÇÃO DE LE EM TODA EXTENSÃO DA RUA JOSÉ FEDALTO, LOCALIZADA NO BAIRRO ITABOA.",Iluminação e serviços urbanos,"IA, por regras temáticas documentadas",não,https://sapl.campolargo.pr.leg.br/materia/25744
774,29131,UNANIMIDADE,25745,276,2026,REQ,REQUERIMENTO,"SOLICITA ALTERAÇÃO DA ILUMINAÇÃO PÚBLICA EXISTENTE PARA ILUMINAÇÃO DE LED EM TODA EXTENSÃO DA RUA JORGE ALVES FERREIRA, LOCALIZADA NO BAIRRO ITABOA.",Iluminação e serviços urbanos,"IA, por regras temáticas documentadas",não,https://sapl.campolargo.pr.leg.br/materia/25745
774,29132,UNANIMIDADE,25746,277,2026,REQ,REQUERIMENTO,"SOLICITA ALTERAÇÃO DA ILUMINAÇÃO PÚBLICA EXISTENTE PARA ILUMINAÇÃO DE LED EM TODA EXTENSÃO DA RUA JOÃO CAMPESI, LOCALIZADA NO BAIRRO ITABOA.",Iluminação e serviços urbanos,"IA, por regras temáticas documentadas",não,https://sapl.campolargo.pr.leg.br/materia/25746
774,29133,UNANIMIDADE,25747,278,2026,REQ,REQUERIMENTO,"SOLICITA ALTERAÇÃO DA ILUMINAÇÃO PÚBLICA EXISTENTE PARA ILUMINAÇÃO DE LED EM TODA EXTENSÃO DA RUA VALENTIN STROPARO, LOCALIZADA NO BAIRRO ITABOA.",Iluminação e serviços urbanos,"IA, por regras temáticas documentadas",não,https://sapl.campolargo.pr.leg.br/materia/25747
774,29134,UNANIMIDADE,25807,349,2026,REQ,REQUERIMENTO,"ALTERAÇÃO DA ILUMINAÇÃO PÚBLICA EXISTENTE PARA ILUMINAÇÃO DE LED EM TODA EXTENSÃO DA RUA FRANCISCO MAROCHI, LOCALIZADA NO BAIRRO ITABOA.",Iluminação e serviços urbanos,"IA, por regras temáticas documentadas",não,https://sapl.campolargo.pr.leg.br/materia/25807
774,29135,UNANIMIDADE,25793,334,2026,REQ,REQUERIMENTO,"SOLICITA TROCA DE COBERTURA DE PONTO DE ÔNIBUS NA RUA RUAL DE MACEDO, ESTRDA DO CERNE, PRÓXIMO AO NÚMERO 5.280.","Ruas, trânsito e transporte","IA, por regras temáticas documentadas",não,https://sapl.campolargo.pr.leg.br/materia/25793
774,29136,UNANIMIDADE,25794,335,2026,REQ,REQUERIMENTO,SOLICITA REALIZAÇÃO DE SHOW GOSPEL NO MUNICIPIO DE CAMPO LARGO.,"Cultura, esporte e lazer","IA, por regras temáticas documentadas",não,https://sapl.campolargo.pr.leg.br/materia/25794
774,29137,UNANIMIDADE,25795,336,2026,REQ,REQUERIMENTO,"SOLICITA REFORMA DA PONTE DE MADEIRA NA ESTRADA DA CACHOEIRA PRÓXIMO AO NÚMERO 2.000, FAZENDINHA.","Ruas, trânsito e transporte","IA, por regras temáticas documentadas",não,https://sapl.campolargo.pr.leg.br/materia/25795
774,29138,UNANIMIDADE,25796,337,2026,REQ,REQUERIMENTO,"SOLICITA TAPA BURACO NA RUA TEIXEIRA SOARES, BAIRRO SÃO VICENTE.","Ruas, trânsito e transporte","IA, por regras temáticas documentadas",não,https://sapl.campolargo.pr.leg.br/materia/25796
774,29139,UNANIMIDADE,25797,338,2026,REQ,REQUERIMENTO,"SOLICITA MANUTENÇÃO E REPARO DA BOCA DE LOBO LOCALIZADA NA RUA AMAZÍLIO LAVAL, N° 71, JARDIM FLORESTAL.",Iluminação e serviços urbanos,"IA, por regras temáticas documentadas",não,https://sapl.campolargo.pr.leg.br/materia/25797
774,29140,UNANIMIDADE,25752,284,2026,REQ,REQUERIMENTO,"SOLICITA IMPLANTAÇÃO DE REDUTORES DE VELOCIDADE (TARTARUGAS/TACHÕES) NA RUA JOÃO MOREIRA, PRÓXIMO À PRAÇA DO FERRARIA, VILA GILCY, FERRARIA.","Ruas, trânsito e transporte","IA, por regras temáticas documentadas",não,https://sapl.campolargo.pr.leg.br/materia/25752
774,29141,UNANIMIDADE,25759,295,2026,REQ,REQUERIMENTO,"SOLICITA OPERAÇÃO TAPA BURACO NA RUA ERNESTO PEDRO CROZETA, PRÓXIMO AO NUMERAL 451, SANTA ÂNGELA, FERRARIA.","Ruas, trânsito e transporte","IA, por regras temáticas documentadas",não,https://sapl.campolargo.pr.leg.br/materia/25759
774,29142,UNANIMIDADE,25765,301,2026,REQ,REQUERIMENTO,"SOLICITA REPARO NA PAVIMENTAÇÃO ASFÁLTICA DA RUA ALBERTO GONÇALVES, PROXIMO AO NUMERAL 18, SANTA ANGELA, FERRARIA.","Ruas, trânsito e transporte","IA, por regras temáticas documentadas",não,https://sapl.campolargo.pr.leg.br/materia/25765
774,29143,UNANIMIDADE,25785,320,2026,REQ,REQUERIMENTO,"SOLICITA EXTENSÃO DA REDE ELETRICA COM INSTALAÇÃO DE POSTES E ILUMINAÇÃO PÚBLICA NA RUA SALVADOR CAVALLIN, PRÓXIMO À CHÁCARA CAVALIN” LOCALIZADA NO REBOUÇAS, FERRARIA.",Iluminação e serviços urbanos,"IA, por regras temáticas documentadas",não,https://sapl.campolargo.pr.leg.br/materia/25785
774,29144,UNANIMIDADE,25805,345,2026,REQ,REQUERIMENTO,"SOLICITA ESTUDO DE VIABILIDADE PARA IMPLANTAÇÃO DE UMA PRAÇA PÚBLICA/ ÁREA DE LAZER NO BAIRRO VILA TORRES, DISTRITUO DA FERRARIA, NESTE MUNICIPIO.","Cultura, esporte e lazer","IA, por regras temáticas documentadas",não,https://sapl.campolargo.pr.leg.br/materia/25805
774,29145,UNANIMIDADE,25787,327,2026,REQ,REQUERIMENTO,"SOLICITA INFORMAÇÕES SOBRE AS RUAS SEM PAVIMENTAÇÃO NO MUNICIPIO DE CAMPO LARGO, COM ENVIO DO CRONOGRAMA OFICIAL DE PAVIMENTAÇÃO.","Ruas, trânsito e transporte","IA, por regras temáticas documentadas",não,https://sapl.campolargo.pr.leg.br/materia/25787
774,29146,UNANIMIDADE,25773,308,2026,REQ,REQUERIMENTO,SOLICITA ACADEMIA AO AR LIVRE NA REGIÃO DO JARDIM DAS ACÁCIAS DESTE MUNICIPIO.,"Cultura, esporte e lazer","IA, por regras temáticas documentadas",não,https://sapl.campolargo.pr.leg.br/materia/25773
774,29147,UNANIMIDADE,25774,309,2026,REQ,REQUERIMENTO,SOLICITA CONSTRUÇÃO DE QUADRA ESPORTIVA NA REGIÃO DO JARDIM DAS ACÁCIAS DESTE MUNICIPIO.,"Cultura, esporte e lazer","IA, por regras temáticas documentadas",não,https://sapl.campolargo.pr.leg.br/materia/25774
774,29148,UNANIMIDADE,25775,310,2026,REQ,REQUERIMENTO,SOLICITA CONSTRUÇÃO DE PORTAL DE IDENTIFICAÇÃO (TURISMO) NO ACESSO À COLÔNIA BALBINO CUNHA (COLONIA CAMPINA) DESTE MUNICIPIO.,"Cultura, esporte e lazer","IA, por regras temáticas documentadas",não,https://sapl.campolargo.pr.leg.br/materia/25775
774,29149,UNANIMIDADE,25776,311,2026,REQ,REQUERIMENTO,"SOLICITA CONSTRUÇÃO DE UM PORTAL POLONÊS NO ACESSO DA COLÔNIA DOM PEDRO, NESTE MUNICIPIO.",Outros,"IA, por regras temáticas documentadas",não,https://sapl.campolargo.pr.leg.br/materia/25776
774,29150,UNANIMIDADE,25777,312,2026,REQ,REQUERIMENTO,SOLICITA CONSTRUÇÃO DE GINASIO PARA ATIVIDADES DE GINÁSTICA RÍTMICA NESTE MUNICIPIO.,"Cultura, esporte e lazer","IA, por regras temáticas documentadas",não,https://sapl.campolargo.pr.leg.br/materia/25777
775,29152,UNANIMIDADE,25507,1,2026,PLL,PROJETO DE LEI DO LEGISLATIVO,"INSTITUI A POLÍTICA MUNICIPAL DE AGROECOLOGIA, PRODUÇÃO ORGÂNICA E ALIMENTAÇÃO SAUDÁVEL NO MUNICÍPIODE CAMPO LARGO, ESTADO DO PARANÁ E DÁ OUTRAS PROVIDÊNCIAS.",Outros,"IA, por regras temáticas documentadas",não,https://sapl.campolargo.pr.leg.br/materia/25507
775,29153,UNANIMIDADE,25645,9,2026,PLL,PROJETO DE LEI DO LEGISLATIVO,"INSTITUI O PROGRAMA MUNICIPAL ""PLENA MENTE"" NAS UNIDADES DA REDE PÚBLICA MUNICIPAL DE ENSINO DE CAMPO LARGO E DÁ OUTRAS PROVIDÊNCIAS.",Educação,"IA, por regras temáticas documentadas",não,https://sapl.campolargo.pr.leg.br/materia/25645
775,29158,UNANIMIDADE,25870,5,2026,VRC,VOTAÇÃO REQUERIMENTOS EM CONJUNTO,VOTAÇÃO ENGLOBADA DE TODOS REQUERIMENTOS.,Outros,"IA, por regras temáticas documentadas",não,https://sapl.campolargo.pr.leg.br/materia/25870
775,29159,UNANIMIDADE,25846,401,2026,REQ,REQUERIMENTO,"SOLICITA APRESENTAÇÃO DE CERTIDÃO DE ANTECEDENTES CRIMINAIS PARA PROFISSIONAIS QUE ATUAM DIRETA OU INDIRETAMENTE COM CRIANÇAS, ADOLESCENTES E PESSOAS COM DEFICIÊNCIA EM SITUAÇAO DE VULNERABILIDADE.",Assistência social e direitos,"IA, por regras temáticas documentadas",não,https://sapl.campolargo.pr.leg.br/materia/25846
775,29160,UNANIMIDADE,25864,426,2026,REQ,REQUERIMENTO,SOLICITA EXTENSÃO DA REDE DE ILUMINAÇÃO PÚBLICA BEM COMO A RETIRADA DE POSTES CAIDOS NA ESTRADA DO MORRO GRANDE NO BAIRRO TRÊS CÓRREGOS,Iluminação e serviços urbanos,"IA, por regras temáticas documentadas",não,https://sapl.campolargo.pr.leg.br/materia/25864
775,29161,UNANIMIDADE,25865,427,2026,REQ,REQUERIMENTO,"SOLICITA ESTUDO TECNICO VISANDO A MELHORIA E REVITALIZAÇÃO DO CALÇAMENTO, NA RUA CAETANO MUNHOZ DA ROCHA, APÓS A ROTATÓRIA, NAS PROXIMIDADES DO PARQUE DA LAGOA.","Ruas, trânsito e transporte","IA, por regras temáticas documentadas",não,https://sapl.campolargo.pr.leg.br/materia/25865
775,29162,UNANIMIDADE,25866,428,2026,REQ,REQUERIMENTO,"SOLICITA REVITALIZAÇÃO E PINTURA DA SINALIZAÇÃO HORIZONTAL VIÁRIA, COMPREENDENDO AS FAIXAS AMARELAS DE DELIMITAÇÃO E AS DEMARCAÇÕES DE VAGAS PARA ESTACIONAMENTO, DA AVENIDA DESEMBARGADOR CLOTÁRIO PORTUGAL.","Ruas, trânsito e transporte","IA, por regras temáticas documentadas",não,https://sapl.campolargo.pr.leg.br/materia/25866
775,29163,UNANIMIDADE,25867,429,2026,REQ,REQUERIMENTO,"SOLICITA O PATROLAMENTO E ENSAIBRAMENTO DA ESTRADA DO MORRO GRANDE, NO BAIRRO TRÊS CÓRREGOS.","Ruas, trânsito e transporte","IA, por regras temáticas documentadas",não,https://sapl.campolargo.pr.leg.br/materia/25867
775,29164,UNANIMIDADE,25835,389,2026,REQ,REQUERIMENTO,"SOLICITA PADRONIZAÇÃO (RECONSTRUÇÃO) DE CALÇADAS EM FRENTE À ESCOLA MUNICIPAL PROFESSORA ROSÁLIA ANDRADE REMONATO, SITUADA NA RUA MARTA S. DERING, BAIRRO VILA FERRARI.",Educação,"IA, por regras temáticas documentadas",não,https://sapl.campolargo.pr.leg.br/materia/25835
775,29165,UNANIMIDADE,25836,390,2026,REQ,REQUERIMENTO,"SOLICITA VISTORIA TECNICA E PROVIDÊNCIAS QUANTO À PODA OU RETIRADA DE UMA ÀRVORE, LOCALIZADA NA RUA SEBASTIÃO TOREZIN, PRÓXIMO AO N° 563, BAIRRO SALGADINHO.",Meio ambiente e animais,"IA, por regras temáticas documentadas",não,https://sapl.campolargo.pr.leg.br/materia/25836
775,29166,UNANIMIDADE,25837,391,2026,REQ,REQUERIMENTO,"SOLICITA INSTALAÇÃO DE UMA PASSARELA COBERTA NA ENTRADA PRINCIPAL DA (UBS) DANTE PORTUGAL CASTAGNOLLI, BAIRRO VILA BANCÁRIA.",Saúde,"IA, por regras temáticas documentadas",não,https://sapl.campolargo.pr.leg.br/materia/25837
775,29167,UNANIMIDADE,25838,392,2026,REQ,REQUERIMENTO,"SOLICITA LIMPEZA DO BUEIRO E MANILHAMENTO DA RUA SUBSTAÇÃO DA ENOLOGIA, VILA BANCÁRIA, PRÓXIMO AO N° 1.835.",Iluminação e serviços urbanos,"IA, por regras temáticas documentadas",não,https://sapl.campolargo.pr.leg.br/materia/25838
775,29168,UNANIMIDADE,25839,393,2026,REQ,REQUERIMENTO,"SOLICITA MANILHAMENTO DA RUA CLARA SIQUEIRA KOSINSKI, BAIRRO SALGADINHO.",Iluminação e serviços urbanos,"IA, por regras temáticas documentadas",não,https://sapl.campolargo.pr.leg.br/materia/25839
775,29169,UNANIMIDADE,25848,409,2026,REQ,REQUERIMENTO,"SOLICITA OBRA DE PATROLAMENTO, ALARGAMENTO, NIVELAMENTO E ENSAIBRAMENTO NA RUA PEDRO SEGURO DESDE A CAPELA SÃO ROQUE ATÉ A PR 423 – BAIRRO BOTIATUVA.","Ruas, trânsito e transporte","IA, por regras temáticas documentadas",não,https://sapl.campolargo.pr.leg.br/materia/25848
775,29170,UNANIMIDADE,25849,410,2026,REQ,REQUERIMENTO,SOLICITA VISTORIA TECNICA DA VIGILANCIA SANITÁRIA NO INICIO DA ESTRADA DO FELPUDO PERTINENTE À DENUNCIAS SOBRE UM CORRIMENTO DE ÁGUA POSSIVELMENTE POLUIDA EM DIREÇÃO AO RIO ITAQUI.,Saúde,"IA, por regras temáticas documentadas",não,https://sapl.campolargo.pr.leg.br/materia/25849
775,29208,UNANIMIDADE,25850,411,2026,REQ,REQUERIMENTO,SOLICITA SERVIÇO DE ROÇADA NA RUA CEZAR SCAPIM – GUABIROBA – PROXIMIDADE DO N° 1.550 (CURVA).,Iluminação e serviços urbanos,"IA, por regras temáticas documentadas",não,https://sapl.campolargo.pr.leg.br/materia/25850
775,29171,UNANIMIDADE,25824,368,2026,REQ,REQUERIMENTO,"SOLICITA RECUPERAÇÃO DE BOCA DE LOBO NA RUA ERNESTO PEDRO CROZETA, Nº 479, BAIRRO SANTA ÂNGELA.",Iluminação e serviços urbanos,"IA, por regras temáticas documentadas",não,https://sapl.campolargo.pr.leg.br/materia/25824
775,29172,UNANIMIDADE,25825,370,2026,REQ,REQUERIMENTO,"SOLICITA ADEQUAÇÃO DA SINALIZAÇÃO VIÁRIA NA RUA BENEDITO SOARES PINTO, ESQUINA COM A RUA ROCHA POMBO.","Ruas, trânsito e transporte","IA, por regras temáticas documentadas",não,https://sapl.campolargo.pr.leg.br/materia/25825
775,29173,UNANIMIDADE,25826,371,2026,REQ,REQUERIMENTO,SOLICITA INSTALAÇÃO DE REDUTORES DE VELOCIDADE (TARTARUGAS) NA RUA PRINCESA ISABEL.,"Ruas, trânsito e transporte","IA, por regras temáticas documentadas",não,https://sapl.campolargo.pr.leg.br/materia/25826
775,29174,UNANIMIDADE,25827,372,2026,REQ,REQUERIMENTO,"SOLICITA IMPLANTAÇÃO DE GUIA ELEVADA EM FRENTE AO POSTO DE SAÚDE DO BAIRRO BOM JESUS, LOCALIZADO NA RUA ADEMAR DE BARROS.",Saúde,"IA, por regras temáticas documentadas",não,https://sapl.campolargo.pr.leg.br/materia/25827
775,29175,UNANIMIDADE,25815,359,2026,REQ,REQUERIMENTO,"SOLICITA MANUTENÇÃO E O NIVELAMENTO DA CALÇADA LOCALIZADA NA RUA DOMINGOS CORDEIRO, N° 2.350, BAIRRO APARECIDA.","Ruas, trânsito e transporte","IA, por regras temáticas documentadas",não,https://sapl.campolargo.pr.leg.br/materia/25815
775,29176,UNANIMIDADE,25816,360,2026,REQ,REQUERIMENTO,SOLICITA INSTALAÇÃO DE UM MÓDULO FIXO DA GUARDA MUNICIPAL NAS DEPENDÊNCIAS DO PARQUE DA LAGOA.,Segurança pública,"IA, por regras temáticas documentadas",não,https://sapl.campolargo.pr.leg.br/materia/25816
775,29177,UNANIMIDADE,25817,361,2026,REQ,REQUERIMENTO,SOLICITA ESTUDO TECNICO PARA REVISÃO DO LIMITE DE VELOCIDADE DA AVENIDA CENTENÁRIO.,"Ruas, trânsito e transporte","IA, por regras temáticas documentadas",não,https://sapl.campolargo.pr.leg.br/materia/25817
775,29178,UNANIMIDADE,25818,362,2026,REQ,REQUERIMENTO,"SOLICITA QUE SEJA REALIZADA A LIMPEZA MECANIZADA EM TODA A EXTENSÃO DA RUA JORGE DEMÉTRIO PAULISTA, NO BAIRRO SÃO JERÔNIMO.",Iluminação e serviços urbanos,"IA, por regras temáticas documentadas",não,https://sapl.campolargo.pr.leg.br/materia/25818
775,29179,UNANIMIDADE,25819,363,2026,REQ,REQUERIMENTO,"SOLICITA MANILHAMENTO NA RUA SABIÁ, NAS PROXIMIDADES DO N° 13, NO BAIRRO JARDIM LISE.",Iluminação e serviços urbanos,"IA, por regras temáticas documentadas",não,https://sapl.campolargo.pr.leg.br/materia/25819
775,29180,UNANIMIDADE,25857,419,2026,REQ,REQUERIMENTO,"SOLICITA MANUTENÇÃO ASFÁLTICA NA RUA QUINTINO BOCAIUVA 470, PRÓXIMO AO CONDOMINIO CAMPO DAS FLORES, BAIRRO VILA BANCÁRIA.","Ruas, trânsito e transporte","IA, por regras temáticas documentadas",não,https://sapl.campolargo.pr.leg.br/materia/25857
775,29181,UNANIMIDADE,25858,420,2026,REQ,REQUERIMENTO,"SOLICITA ESTUDO DE VIABILIDADE PARA IMPLANTAÇÃO DE SENTIDO ÚNICO NA RUA SANTA MARIANA, NO TRECHO QUE PASSA NA LATERAL DAS ESCOLAS SER CRIANÇA E CMEI CLAUDETE ANDREASSA, BAIRRO VILA LOURDES.",Educação,"IA, por regras temáticas documentadas",não,https://sapl.campolargo.pr.leg.br/materia/25858
775,29182,UNANIMIDADE,25859,421,2026,REQ,REQUERIMENTO,"SOLICITA PROVIDENCIAS PARA FINALIZAÇÃO DAS OBRAS DAS GALERIAS PLUVIAIS, LOCALIZADAS NO CRUZAMENTO DA RUA MIGUEL ARCÂNGELO COM A RUA EUCLIDES DE ALMEIDA, NO DISTRITO DE BATEIAS.",Iluminação e serviços urbanos,"IA, por regras temáticas documentadas",não,https://sapl.campolargo.pr.leg.br/materia/25859
775,29183,UNANIMIDADE,25860,422,2026,REQ,REQUERIMENTO,"SOLICITA INSTALAÇÃO DE TACHÕES REDUTORES DE VALOCIDADE NA RUA GONÇALVES DIAS, ESQUINA COM A RUA JOÃO PESSOA, CENTRO, NESTE MUNICIPIO.","Ruas, trânsito e transporte","IA, por regras temáticas documentadas",não,https://sapl.campolargo.pr.leg.br/materia/25860
775,29184,UNANIMIDADE,25861,423,2026,REQ,REQUERIMENTO,"SOLICITA INSTALAÇÃO DE BANCOS NO LOCAL ONDE É REALIZADA A FEIRA DO PRODUTOR, NA LATERAL DA RODOVIÁRIA DARCI ANDREASSA, NA RUA SANTOS DUMONT, CENTRO, NESTE MUNICIPIO.","Ruas, trânsito e transporte","IA, por regras temáticas documentadas",não,https://sapl.campolargo.pr.leg.br/materia/25861
775,29185,UNANIMIDADE,25862,424,2026,REQ,REQUERIMENTO,"SOLICITA INFORMAÇÕES SOBRE OBRA DE CONSERTO DA ADUTORA DA SANEPAR REALIZADA NO DIA 20 DE FEVEREIRO DE 2026, NA AVENIDA CRISTINA, BAIRRO POPULAR NOVA, NESTE MUNICIPIO.","Ruas, trânsito e transporte","IA, por regras temáticas documentadas",não,https://sapl.campolargo.pr.leg.br/materia/25862
775,29186,UNANIMIDADE,25863,425,2026,REQ,REQUERIMENTO,"SOLICITA IMPLANTAÇÃO E CONSTRUÇÃO DE UM “CENTRO – DIA” NO MUNICIPIO, PARA ATENDER PESSOAS IDOSAS.",Assistência social e direitos,"IA, por regras temáticas documentadas",não,https://sapl.campolargo.pr.leg.br/materia/25863
775,29187,UNANIMIDADE,25841,396,2026,REQ,REQUERIMENTO,SOLICITA MELHORA NA ILUMINAÇÃO INTERNA E EXTERNA DA ESCOLA MUNICIPAL AUGUSTO PIRES DE PAULA.,Educação,"IA, por regras temáticas documentadas",não,https://sapl.campolargo.pr.leg.br/materia/25841
775,29188,UNANIMIDADE,25842,397,2026,REQ,REQUERIMENTO,SOLICITA REPARAÇÃO DOS PAINÉIS SOLARES INSTALADOS NA ESCOLA MUNICIPAL AUGUSTO PIRES DE PAULA.,Educação,"IA, por regras temáticas documentadas",não,https://sapl.campolargo.pr.leg.br/materia/25842
775,29189,UNANIMIDADE,25843,398,2026,REQ,REQUERIMENTO,SOLICITA MEDIDAS PARA APRIMORAR O FORNECIMENTO DE ÀGUA PARA A ESCOLA MUNICIPAL AUGUSTO PIRES DE PAULA.,Educação,"IA, por regras temáticas documentadas",não,https://sapl.campolargo.pr.leg.br/materia/25843
775,29190,UNANIMIDADE,25844,399,2026,REQ,REQUERIMENTO,"SOLICITA INSTALAÇÃO DE PLACAS INFORMATIVAS, NAS PROXIMIDADES DO ACESSO AOS TRÊS CÓRREGOS, ACERCA DA TIPIFICAÇÃO DE ABANDONO DE ANIMAIS COMO CRIME E INFRAÇÃO ADMINISTRATIVA.SOLICITA INSTALAÇÃO DE PLACAS INFORMATIVAS, NAS PROXIMIDADES DO ACESSO AOS TRÊS CÓRREGOS, ACERCA DA TIPIFICAÇÃO DE ABANDONO DE ANIMAIS COMO CRIME E INFRAÇÃO ADMINISTRATIVA.",Meio ambiente e animais,"IA, por regras temáticas documentadas",não,https://sapl.campolargo.pr.leg.br/materia/25844
775,29191,UNANIMIDADE,25845,400,2026,REQ,REQUERIMENTO,"SOLICITA PATROLAMENTO E ENSAIBRAMENTO DA ESTRADA GRAMADO GRANDE, NOS TRÊS CORREGOS.","Ruas, trânsito e transporte","IA, por regras temáticas documentadas",não,https://sapl.campolargo.pr.leg.br/materia/25845
775,29192,UNANIMIDADE,25820,364,2026,REQ,REQUERIMENTO,"SOLICITA ALTERAÇÃO DA ILUMINAÇÃO PÚBLICA EXISTENTE PARA ILUMINAÇÃO DE LED EM TODA EXTENSÃO DA RUA OSVALDO NASCIMENTO RAMOS, LOCALIZADA NO BAIRRO ITABOA.",Iluminação e serviços urbanos,"IA, por regras temáticas documentadas",não,https://sapl.campolargo.pr.leg.br/materia/25820
775,29193,UNANIMIDADE,25821,365,2026,REQ,REQUERIMENTO,"SOLICITA ALTERAÇÃO DA ILUMINAÇÃO PÚBLICA EXISTENTE PARA ILUMINAÇÃO DE LED EM TODA EXTENSÃO DA RUA AUGUSTO PERÚSSULO, LOCALIZADA NO BAIRRO ITABOA.",Iluminação e serviços urbanos,"IA, por regras temáticas documentadas",não,https://sapl.campolargo.pr.leg.br/materia/25821
775,29194,UNANIMIDADE,25822,366,2026,REQ,REQUERIMENTO,"SOLICITA ALTERAÇÃO DA ILUMINAÇÃO PÚBLICA EXISTENTE PARA ILUMINAÇÃO DE LED EM TODA EXTENSÃO DA RUA BERTOJA FILHO, LOCALIZADA NO BAIRRO ITABOA.",Iluminação e serviços urbanos,"IA, por regras temáticas documentadas",não,https://sapl.campolargo.pr.leg.br/materia/25822
775,29195,UNANIMIDADE,25823,367,2026,REQ,REQUERIMENTO,"SOLICITA ALTERAÇÃO DA ILUMINAÇÃO PÚBLICA EXISTENTE PARA ILUMINAÇÃO DE LED EM TODA EXTENSÃO DA RUA HIPÓLITO FERREIRA PORTELA, LOCALIZADA NO BAIRRO ITABOA.",Iluminação e serviços urbanos,"IA, por regras temáticas documentadas",não,https://sapl.campolargo.pr.leg.br/materia/25823
775,29196,UNANIMIDADE,25851,412,2026,REQ,REQUERIMENTO,SOLICITA ROÇADA NA RUA EMILIANO PERNETA EM FRENTE AO NÚMERO 2.277 – CENTRO – CAMPO LARGO.,Iluminação e serviços urbanos,"IA, por regras temáticas documentadas",não,https://sapl.campolargo.pr.leg.br/materia/25851
775,29197,UNANIMIDADE,25852,413,2026,REQ,REQUERIMENTO,"SOLICITA PATROLAMENTO E ENSAIBRAMENTO NA ESTRADA PRINCIPAL DO RASGADO, LOCALIZADO NO RIO DOS MATO.","Ruas, trânsito e transporte","IA, por regras temáticas documentadas",não,https://sapl.campolargo.pr.leg.br/materia/25852
775,29198,UNANIMIDADE,25853,414,2026,REQ,REQUERIMENTO,"SOLICITA PATROLAMENTO E ENSAIBRAMENTO NA RUA JOSÉ MARIA LOPES COELHO, BOTIATUVA.","Ruas, trânsito e transporte","IA, por regras temáticas documentadas",não,https://sapl.campolargo.pr.leg.br/materia/25853
775,29199,UNANIMIDADE,25854,416,2026,REQ,REQUERIMENTO,"SOLICITA TROCA DE PONTO DE ÔNIBUS NA RUA RAUL AZAVEDO DE MACEDO, ESTRADA DO CERNE, PRÓXIMO AO NÚMERO 5.280.","Ruas, trânsito e transporte","IA, por regras temáticas documentadas",não,https://sapl.campolargo.pr.leg.br/materia/25854
775,29200,UNANIMIDADE,25847,402,2026,REQ,REQUERIMENTO,"SOLICITA INSTALAÇÃO DE REDUTORES DE VELOCIDADE (TARTARUGAS) ANTES DOS RADARES EXISTENTES NA RUA TEODORO AUGUSTIN, NO TRECHO COMPREENDIDO ENTRE OS NÚMEROS 437 E 520.","Ruas, trânsito e transporte","IA, por regras temáticas documentadas",não,https://sapl.campolargo.pr.leg.br/materia/25847
775,29201,UNANIMIDADE,25855,417,2026,REQ,REQUERIMENTO,SOLICITA ESTUDO DE VIABILIDADE PARA CRIAÇÃO E DISPONIBILIZAÇÃO DE UM NÚMERO DE WHATSAPP OU CANAL DIGITAL PARA RECEBIMENTO DE DENÚNCIAS SOBRE DECARTE IRREGULAR DE LIXO E ENTULHOS EM ÀREAS PÚBLICAS E TERRENOS BALDIOS NO MUNICIPIO DE CAMPO LARGO.,Outros,"IA, por regras temáticas documentadas",não,https://sapl.campolargo.pr.leg.br/materia/25855
775,29202,UNANIMIDADE,25856,418,2026,REQ,REQUERIMENTO,"SOLICITA RECAPEAMENTO ASFÁLTICO NA RUA FRANÇA, LOCALIZADA NO BAIRRO GORSKI, NAS PROXIMIDADES DA ESCOLA MUNICIPAL AFFONSO AUGUSTO DA CUNHA.","Ruas, trânsito e transporte","IA, por regras temáticas documentadas",não,https://sapl.campolargo.pr.leg.br/materia/25856
775,29203,UNANIMIDADE,25830,384,2026,REQ,REQUERIMENTO,"SOLICITA REVITALIZAÇÃO DO CAMPO DE FUTEBOL (ÀREA ESPORTIVA) DO BAIRRO FRANCISCO GORSKI, LOCALIZADO NA RUA NIGÉRIA.","Cultura, esporte e lazer","IA, por regras temáticas documentadas",não,https://sapl.campolargo.pr.leg.br/materia/25830
775,29204,UNANIMIDADE,25831,385,2026,REQ,REQUERIMENTO,"SOLICITA MANILHAMENTO NA VIA AO LADO DA IGREJA SANTO ANTÔNIO DOS QUADRAS, REGIÃO DO MIQUELETO, DESTE MUNICIPIO.","Cultura, esporte e lazer","IA, por regras temáticas documentadas",não,https://sapl.campolargo.pr.leg.br/materia/25831
775,29205,UNANIMIDADE,25832,386,2026,REQ,REQUERIMENTO,SOLICITA CRIAÇÃO E IMPLANTAÇÃO DO “PONTO DO CICLISTA” NO MUNICIPIO DE CAMPO LARGO.,Outros,"IA, por regras temáticas documentadas",não,https://sapl.campolargo.pr.leg.br/materia/25832
775,29206,UNANIMIDADE,25833,387,2026,REQ,REQUERIMENTO,"SOLICITA INSTALAÇÃO DE TOLDOS NA ESCOLA MUNICIPAL HANS ERNST SCHMIDT, BAIRRO ITAQUI, DESTE MUNICIPIO.",Educação,"IA, por regras temáticas documentadas",não,https://sapl.campolargo.pr.leg.br/materia/25833
775,29207,UNANIMIDADE,25834,388,2026,REQ,REQUERIMENTO,SOLICITA IMPLANTAÇÃO DE UM PONTO DE INSCRIÇÃO E ENCAMINHAMENTO PARA ESTÁGIOS POR MEIO DA AGENCIA DO TRABALHADOR.,"Desenvolvimento, moradia e agricultura","IA, por regras temáticas documentadas",não,https://sapl.campolargo.pr.leg.br/materia/25834
776,29210,UNANIMIDADE,25769,17,2026,PLE,PROJETO DE LEI DO EXECUTIVO,"ALTERA DISPOSITIVOS DA LEI MUNICIPAL Nº 2353, DE 22 DE DEZEMBRO DE 2011, QUE INSTITUIU O NOVO PLANO DE CARGOS E VENCIMENTOS DOS SERVIDORES PÚBLICOS DO MUNICÍPIO DE CAMPO LARGO, CONFORME ESPECIFICA. (***COM EMENDA MODIFICATIVA***)",Administração e finanças,"IA, por regras temáticas documentadas",não,https://sapl.campolargo.pr.leg.br/materia/25769
776,29212,UNANIMIDADE,25583,5,2026,PLL,PROJETO DE LEI DO LEGISLATIVO,"DÁ DENOMINAÇÃO DE RUA MARISA AGE BINI O TRECHO INDICADO NO BAIRRO JARDIM SOCIAL, CONFORME ESPECIFICA.","Homenagens, nomes e datas","IA, por regras temáticas documentadas",não,https://sapl.campolargo.pr.leg.br/materia/25583
776,29213,MAIORIA ABSOLUTA,25650,13,2026,PLL,PROJETO DE LEI DO LEGISLATIVO,"INSTITUI FERIADO MUNICIPAL O DIA 23 DE FEVEREIRO, EM COMEMORAÇÃO À EMANCIPAÇÃO POLÍTICA DO MUNICÍPIO DE CAMPO LARGO.
***COM SUBSTITUTIVO GERAL, CUJA SÚMULA: DISPÕE SOBRE A CELEBRAÇÃO DO DIA MUNICIPAL DA EMANCIPAÇÃO POLITICA DE CAMPO LARGO.""","Homenagens, nomes e datas","IA, por regras temáticas documentadas",não,https://sapl.campolargo.pr.leg.br/materia/25650
776,29220,UNANIMIDADE,25943,6,2026,VRC,VOTAÇÃO REQUERIMENTOS EM CONJUNTO,VOTAÇÃO ENGLOBADA DE TODOS REUERIMENTOS.,Outros,"IA, por regras temáticas documentadas",não,https://sapl.campolargo.pr.leg.br/materia/25943
776,29222,UNANIMIDADE,25886,448,2026,REQ,REQUERIMENTO,"SOLICITA A INSTALAÇÃO DE REDUTOR DE VELOCIDADE (LOOMBADA/TACHÕES) NA RUA OTAVIO ENIK, MORADIAS BOM JESUS, NESTE MUNICIPIO (MAPA/LOCALIZAÇÃO ABAIXO).","Ruas, trânsito e transporte","IA, por regras temáticas documentadas",não,https://sapl.campolargo.pr.leg.br/materia/25886
776,29221,UNANIMIDADE,25938,512,2026,REQ,REQUERIMENTO,SOLICITA PONTO DE ÔNIBUS NA RUA VICENTE GOBER (CONFORME MAPA ANEXO).,"Ruas, trânsito e transporte","IA, por regras temáticas documentadas",não,https://sapl.campolargo.pr.leg.br/materia/25938
776,29223,UNANIMIDADE,25900,466,2026,REQ,REQUERIMENTO,"SOLICITA MANILHAMENTO NA RUA SEBASTIÃO GONÇALVES DE RESENDE, NO BAIRRO VILA SÃO LUIZ, NAS PROXIMIDADES DO NUMERO 57.",Iluminação e serviços urbanos,"IA, por regras temáticas documentadas",não,https://sapl.campolargo.pr.leg.br/materia/25900
776,29224,UNANIMIDADE,25939,513,2026,REQ,REQUERIMENTO,"SOLICITA PATROLAMENTO E ENSAIBRAMENTO DA ESTRADA DA BICA DE PEDRA, LOCALIZADA NO DISTRITO DE TRÊS CÓRREGOS.","Ruas, trânsito e transporte","IA, por regras temáticas documentadas",não,https://sapl.campolargo.pr.leg.br/materia/25939
776,29225,UNANIMIDADE,25940,516,2026,REQ,REQUERIMENTO,"SOLICITA INSTALAÇÃO DE LÂMPADAS DE LED NA RUA ALICE FERREIRA DE  LIMA, CONJUNTO ÁGUAS CLARAS.",Iluminação e serviços urbanos,"IA, por regras temáticas documentadas",não,https://sapl.campolargo.pr.leg.br/materia/25940
776,29226,UNANIMIDADE,25889,451,2026,REQ,REQUERIMENTO,"SOLICITA MODERNIZAÇÃO DO SISTEMA DE ILUMINAÇÃO COM INSTALAÇÃO DE LÂMPADAS DE LED EM TODA EXTENSÃO DA RUA GENERAL ARCI NEVES, BAIRRO FAZENDINHA.",Iluminação e serviços urbanos,"IA, por regras temáticas documentadas",não,https://sapl.campolargo.pr.leg.br/materia/25889
776,29227,UNANIMIDADE,25890,452,2026,REQ,REQUERIMENTO,"SOLICITA MODERNIZAÇÃO DO SISTEMA DE ILUMINAÇÃO COM INSTALAÇÃO DE LÂMPADAS DE LED EM TODA EXTENSÃO DA RUA CLARA SIQUEIRA KOSINSKI, BAIRRO SALGADINHO.",Iluminação e serviços urbanos,"IA, por regras temáticas documentadas",não,https://sapl.campolargo.pr.leg.br/materia/25890
776,29228,UNANIMIDADE,25903,469,2026,REQ,REQUERIMENTO,"SOLICITA MODERNIZAÇÃO DO SISTEMA DE ILUMINAÇÃO COM INSTALÇAO DE LAMPADAS DE LED EM TODA EXTENSÃO DA RUA JOSÉ ARNALDO COSMO, BAIRRO SALGADINHO.",Iluminação e serviços urbanos,"IA, por regras temáticas documentadas",não,https://sapl.campolargo.pr.leg.br/materia/25903
776,29229,UNANIMIDADE,25904,470,2026,REQ,REQUERIMENTO,"SOLICITA INTENSIFICAÇÃO DO PATRULHAMENTO DA GUARDA MUNICIPAL NA RUA SETE DE SETEMBRO, BAIRRO CENTRO, CASARÃO ANTIGO.",Segurança pública,"IA, por regras temáticas documentadas",não,https://sapl.campolargo.pr.leg.br/materia/25904
776,29230,UNANIMIDADE,25905,471,2026,REQ,REQUERIMENTO,"SOLICITA VISTORIA E PROVIDÊNCIAS NO IMÓVEL SITUADO NA RUA XV DE NOVEMBRO, ESQUINA COM A RUA SETE DE SETEMBRO, BAIRRO CENTRO.","Ruas, trânsito e transporte","IA, por regras temáticas documentadas",não,https://sapl.campolargo.pr.leg.br/materia/25905
776,29231,UNANIMIDADE,25887,449,2026,REQ,REQUERIMENTO,"SOLICITA RONDA OSTENSIVA DA GUARDA MUNICIPAL NA RUA ERMELINO RIBAS DE RAMOS, ESQUINA COM A RUA BELA HORIZONTE (VILA CAMPESI) – BAIRRO VILA GLÓRIA.",Segurança pública,"IA, por regras temáticas documentadas",não,https://sapl.campolargo.pr.leg.br/materia/25887
776,29232,UNANIMIDADE,25888,450,2026,REQ,REQUERIMENTO,"SOLICITA INSTALAÇÃO DE CÂMERAS (CIOSP) NA RUA ERMELINO RIBAS DE RAMOS, ESQUINA COM A RUA BELA HORIZONTE (VILA CAMPESI) – BAIRRO VILA GLÓRIA.",Segurança pública,"IA, por regras temáticas documentadas",não,https://sapl.campolargo.pr.leg.br/materia/25888
776,29233,UNANIMIDADE,25901,467,2026,REQ,REQUERIMENTO,SOLICITA REVITALIZAÇÃO DA QUADRA ESPORTIVA DA ESCOLA MUNICIPAL AFFONSO AUGUSTO DA CUNHA FILHO – BAIRRO GORSKI.,Educação,"IA, por regras temáticas documentadas",não,https://sapl.campolargo.pr.leg.br/materia/25901
776,29234,UNANIMIDADE,25915,483,2026,REQ,REQUERIMENTO,SOLICITA PROVIDÊNCIAS À COMPANHIA CAMPOLARGUENSE DE ENERGIA (COCEL) QUANTO A SUBSTITUIÇÃO DE LÂMPADAS COMUNS POR LÂMPADAS DE LED NA CEZAR SCAPIM – BAIRRO GUABIROBA.,Iluminação e serviços urbanos,"IA, por regras temáticas documentadas",não,https://sapl.campolargo.pr.leg.br/materia/25915
776,29235,UNANIMIDADE,25879,439,2026,REQ,REQUERIMENTO,"SOLICITA DESOBSTRUÇÃO DE GALERIA FLUVIAL NA RUA MANIFE JULIO, NA VILA SÃO LUIZ.","Ruas, trânsito e transporte","IA, por regras temáticas documentadas",não,https://sapl.campolargo.pr.leg.br/materia/25879
776,29236,UNANIMIDADE,25880,440,2026,REQ,REQUERIMENTO,"SOLICITA AÇÃO TAPA BURACO NA RUA DAS BROMÉLIAS, EM FRENTE AO N° 703.","Ruas, trânsito e transporte","IA, por regras temáticas documentadas",não,https://sapl.campolargo.pr.leg.br/materia/25880
776,29237,UNANIMIDADE,25881,441,2026,REQ,REQUERIMENTO,SOLICITA INFORMAÇÕES SOBRE SUPERLOTAÇÃO DOS ÔNIBUS CAMPO LARGO - CURITIBA.,Outros,"IA, por regras temáticas documentadas",não,https://sapl.campolargo.pr.leg.br/materia/25881
776,29238,UNANIMIDADE,25874,433,2026,REQ,REQUERIMENTO,SOLICITA AQUISIÇÃO E INSTALAÇÃO IMEDIATA DE SINALIZAÇÃO DE SEGURANÇA E FAIXAS ANTIDERRAPANTES NOS PISOS INTERNOS E RAMPAS DE ACESSO DA UNIDADE BÁSICA DE SAÚDE DO BOM JESUS.,Saúde,"IA, por regras temáticas documentadas",não,https://sapl.campolargo.pr.leg.br/materia/25874
776,29239,UNANIMIDADE,25875,434,2026,REQ,REQUERIMENTO,SOLICITA SINALIZAÇÃO DE “PROIBIDO CONVERSÃO À ESQUERDA” NO CRUZAMENTO DAS AVENIDAS MARCELO PUPPI E DOM RODRIGO.,"Ruas, trânsito e transporte","IA, por regras temáticas documentadas",não,https://sapl.campolargo.pr.leg.br/materia/25875
776,29240,UNANIMIDADE,25876,435,2026,REQ,REQUERIMENTO,SOLICITA ESTUDO TECNICO PARA REVISÃO DO LIMITE DE VELOCIDADE DA RUA EMA TANER DE ANDRADE.,"Ruas, trânsito e transporte","IA, por regras temáticas documentadas",não,https://sapl.campolargo.pr.leg.br/materia/25876
776,29241,UNANIMIDADE,25877,436,2026,REQ,REQUERIMENTO,"SOLICITA MANUTENÇÃO EMERGENCIAL NO PAVIMENTO, NA RUA OSCAR FERREIRA, DEFRONTE AO N° 04.","Ruas, trânsito e transporte","IA, por regras temáticas documentadas",não,https://sapl.campolargo.pr.leg.br/materia/25877
776,29242,UNANIMIDADE,25878,437,2026,REQ,REQUERIMENTO,"SOLICITA REPAROS NA MALHA ASFÁLTICA E A RELOCAÇÃO/ALINHAMENTO DE MEIO-FIO NA RUA GASPARINO FERREIRA, DEFRENTE AO NUMERAL 40, NO BAIRRO BOA VISTA.","Ruas, trânsito e transporte","IA, por regras temáticas documentadas",não,https://sapl.campolargo.pr.leg.br/materia/25878
776,29243,UNANIMIDADE,25932,506,2026,REQ,REQUERIMENTO,"SOLICITA ESTUDO DE VIABILIDADE PARA O RESTABELECIMENTO DE HORÁRIOS DA LINHA 102 DO TRANSPORTE COLETIVO AOS DOMINGOS E FERIADOS, NO ITINERÁRIO PARTENOPE/ VILA DE LOURDES/ POPULARES.","Ruas, trânsito e transporte","IA, por regras temáticas documentadas",não,https://sapl.campolargo.pr.leg.br/materia/25932
776,29244,UNANIMIDADE,25933,507,2026,REQ,REQUERIMENTO,"SOLICITA INSTALAÇÃO DE PLACA DE “PROIBIDO ESTACIONAR” E A PINTURA DO MEIO-FIO EM AMARELO EM TODA EXTENSÃO DA FRENTE DO CONDOMINIO LOCALIZADO NA RUA CHILE, N° 65, BAIRRO FRANCISCO GORSKI.","Ruas, trânsito e transporte","IA, por regras temáticas documentadas",não,https://sapl.campolargo.pr.leg.br/materia/25933
776,29245,UNANIMIDADE,25934,508,2026,REQ,REQUERIMENTO,"SOLICITA MANUTENÇÃO ASFÁLTICA NA RUA JOSÉ GAVLAK, EM FRENTE AO N° 28, ESQUINA COM O CRAS POPULAR NOVA, BAIRRO POPULAR NOVA.","Ruas, trânsito e transporte","IA, por regras temáticas documentadas",não,https://sapl.campolargo.pr.leg.br/materia/25934
776,29246,UNANIMIDADE,25935,509,2026,REQ,REQUERIMENTO,"SOLICITA ESTUDO DE VIABILIDADE PARA INSTALAÇÃO DE REDUTOR DE VELOCIDADE NA AVENIDA NATAL PIGATTO, EM FRENTE À FARMACIA ESPECIAL, PRÓXIMO À NUMERAÇÃO 1.675, BAIRRO VILA ELIZABETH.","Ruas, trânsito e transporte","IA, por regras temáticas documentadas",não,https://sapl.campolargo.pr.leg.br/materia/25935
776,29247,UNANIMIDADE,25936,510,2026,REQ,REQUERIMENTO,"SOLICITA MANUTENÇÃO ASFÁLTICA NA RUA JOÃO RIVABEM ESQUINA COM DOMINGOS CORDEIRO, BAIRRO NOSSA SENHORA APARECIDA.","Ruas, trânsito e transporte","IA, por regras temáticas documentadas",não,https://sapl.campolargo.pr.leg.br/materia/25936
776,29248,UNANIMIDADE,25917,486,2026,REQ,REQUERIMENTO,"SOLICITA SUBSTITUIÇÃO DE LÂMPADAS COMUNS POR LÂMPADAS DE LED NA RUA MIGUEL JULIO, JARDIM BELA VISTA.",Iluminação e serviços urbanos,"IA, por regras temáticas documentadas",não,https://sapl.campolargo.pr.leg.br/materia/25917
776,29249,UNANIMIDADE,25918,487,2026,REQ,REQUERIMENTO,"SOLICITA SUBSTITUIÇÃO DE LÂMPADAS COMUNS POR LÂMPADAS DE LED NA RUA SEBASTIÃO ALVES, JARDIM BELA VISTA.",Iluminação e serviços urbanos,"IA, por regras temáticas documentadas",não,https://sapl.campolargo.pr.leg.br/materia/25918
776,29250,UNANIMIDADE,25919,488,2026,REQ,REQUERIMENTO,"SOLICITA COLOCAÇÃO DE MEIOS-FIOS NA RUA OSWALDO CRUZ , ENTRE AS RUAS JOÃO MARKOVSC E DOMINGOS CORDEIROS, BAIRRO APARECIDA.","Ruas, trânsito e transporte","IA, por regras temáticas documentadas",não,https://sapl.campolargo.pr.leg.br/materia/25919
776,29251,UNANIMIDADE,25920,489,2026,REQ,REQUERIMENTO,"SOLICITA COLOCAÇÃO DE MEIOS-FIOS NA RUA JOÃO MARKOVSC, ENTRE AS RUAS OSWALDO CRUZ E DOM PEDRO II, BAIRRO APARECIDA.","Ruas, trânsito e transporte","IA, por regras temáticas documentadas",não,https://sapl.campolargo.pr.leg.br/materia/25920
776,29252,UNANIMIDADE,25921,490,2026,REQ,REQUERIMENTO,"SOLICITA COLOCAÇÃO DE MEIOS-FIOS NA RUA ESCOLASTICA AGGIO BARTON, BAIRRO APARECIDA.",Educação,"IA, por regras temáticas documentadas",não,https://sapl.campolargo.pr.leg.br/materia/25921
776,29253,UNANIMIDADE,25902,468,2026,REQ,REQUERIMENTO,SOLICITA INFORMAÇÕES SOBRE A INSTABILIDADE NA CONEXÃO DE INTERNET NO SERVIÇO PÚBLICO.,Outros,"IA, por regras temáticas documentadas",não,https://sapl.campolargo.pr.leg.br/materia/25902
776,29255,UNANIMIDADE,25928,498,2026,REQ,REQUERIMENTO,SOLICITA DISPONIBILIZAÇÃO DE MAIS BANCOS NA UBS BOTIATUVA.,Saúde,"IA, por regras temáticas documentadas",não,https://sapl.campolargo.pr.leg.br/materia/25928
776,29256,UNANIMIDADE,25929,499,2026,REQ,REQUERIMENTO,SOLICITA INFORMAÇÕES SOBRE OS EMPENHOS E GASTOS EFETIVAMENTE REALIZADOS PELA VIGILÂNCIA AMBIENTAL COM CASOS DE ESPOROTRICOSE NOS ÚLTIMOS 3 MESES.,Meio ambiente e animais,"IA, por regras temáticas documentadas",não,https://sapl.campolargo.pr.leg.br/materia/25929
776,29257,UNANIMIDADE,25930,500,2026,REQ,REQUERIMENTO,"SOLICITA INSTALAÇÃO DE PLACA INFORMATIVA NA ESQUINA DA RUA DOS IMIGRANTES COM A RUA 15 DE MAIO, NA COLÔNIA CAMPINA, ACERCA DE ABANDONO DE ANIMAIS COMO CRIME E INFRAÇÃO ADMINISTRATIVA.",Meio ambiente e animais,"IA, por regras temáticas documentadas",não,https://sapl.campolargo.pr.leg.br/materia/25930
776,29258,UNANIMIDADE,25882,444,2026,REQ,REQUERIMENTO,"SOLICITA MANILHAMENTO COM CONSTRUÇÃO DE CAIXA DE DRENAGEM EM TODA EXTENSÃO DA RUA DO COMERCIO, LOCALIZADA NO BAIRRO POPULAR VELHA.",Iluminação e serviços urbanos,"IA, por regras temáticas documentadas",não,https://sapl.campolargo.pr.leg.br/materia/25882
776,29259,UNANIMIDADE,25883,445,2026,REQ,REQUERIMENTO,"SOLICITA MANILHAMENTO COM CONSTRUÇÃO DE CAIXA DE DRENAGEM EM TODA EXTENSÃO DA RUA ANTONIO NUNES VIEIRA, LOCALIZADA NO BAIRRO POPULAR VELHA.",Iluminação e serviços urbanos,"IA, por regras temáticas documentadas",não,https://sapl.campolargo.pr.leg.br/materia/25883
776,29260,UNANIMIDADE,25884,446,2026,REQ,REQUERIMENTO,"SOLICITA MANILHAMENTO COM CONSTRUÇÃO DE CAIXA DE DRENAGEM EM TODA EXTENSÃO DA RUA PRINCESA ISABEL, LOCALIZADA NO BAIRRO POPULAR VELHA.",Iluminação e serviços urbanos,"IA, por regras temáticas documentadas",não,https://sapl.campolargo.pr.leg.br/materia/25884
776,29261,UNANIMIDADE,25885,447,2026,REQ,REQUERIMENTO,"SOLICITA MANILHAMENTO COM CONSTRUÇÃO DE CAIXA DE DRENAGEM EM TODA EXTENSÃO DA RUA JOVELINO APOLINARIO, LOCALIZADA NO BAIRRO POPULAR VELHA.",Iluminação e serviços urbanos,"IA, por regras temáticas documentadas",não,https://sapl.campolargo.pr.leg.br/materia/25885
776,29262,UNANIMIDADE,25899,465,2026,REQ,REQUERIMENTO,"SOLICITA MANILHAMENTO COM CONSTRUÇÃO DE CAIXA DE DRENAGEM EM TODA EXTENSÃO DA RUA GERMÂNCIO RODRIGUES DE MOURA, LOCALIZADA NO BAIRRO POPULAR VELHA.",Iluminação e serviços urbanos,"IA, por regras temáticas documentadas",não,https://sapl.campolargo.pr.leg.br/materia/25899
776,29263,UNANIMIDADE,25907,473,2026,REQ,REQUERIMENTO,"SOLICITA CONSTRUÇÃO DE NOVA PONTE NA LOCALIDADE DO JACUI, QUE PASSA PELA VIA PRINCIPAL, REGIÃO DO INTERIOR.","Ruas, trânsito e transporte","IA, por regras temáticas documentadas",não,https://sapl.campolargo.pr.leg.br/materia/25907
776,29264,UNANIMIDADE,25908,474,2026,REQ,REQUERIMENTO,"SOLICITA INTENSIFICAÇÃO DE ROÇADA NA ESTRADA DO GEADA, INTERIOR DO MUNICIPIO.",Iluminação e serviços urbanos,"IA, por regras temáticas documentadas",não,https://sapl.campolargo.pr.leg.br/materia/25908
776,29265,UNANIMIDADE,25909,475,2026,REQ,REQUERIMENTO,"SOLICITA INTENSIFICAÇÃO DE ROÇADA NA ESTRADA DO RASGADO, INTERIOR DO MUNICIPIO.",Iluminação e serviços urbanos,"IA, por regras temáticas documentadas",não,https://sapl.campolargo.pr.leg.br/materia/25909
776,29266,UNANIMIDADE,25910,476,2026,REQ,REQUERIMENTO,"SOLICITA INTENSIFICAÇÃO DE ROÇADA NA ESTRADA DO ITAMBEZINHO, INTERIOR DO MUNICIPIO.",Iluminação e serviços urbanos,"IA, por regras temáticas documentadas",não,https://sapl.campolargo.pr.leg.br/materia/25910
776,29267,UNANIMIDADE,25911,477,2026,REQ,REQUERIMENTO,"SOLICITA CRIAÇÃO DE LINHA DE TRANSPORTE ESCOLAR NA ESTRADA DA GEADA, INTERIOR DO MUNICIPIO.",Educação,"IA, por regras temáticas documentadas",não,https://sapl.campolargo.pr.leg.br/materia/25911
776,29268,UNANIMIDADE,25897,463,2026,REQ,REQUERIMENTO,"SOLICITA QUE SEJA INSTALADA UMA PLACA INDICATIVA DE “PROIBIDO TRÂNSITO DE CAMINHÕES ACIMA DE 7 TONELADAS” NOS DOIS SENTIDOS DA AV. ARAPONGAS JUNTO COM A RUA MATO GROSSO, DONA FINA, FERRARIA.","Ruas, trânsito e transporte","IA, por regras temáticas documentadas",não,https://sapl.campolargo.pr.leg.br/materia/25897
776,29269,UNANIMIDADE,25906,472,2026,REQ,REQUERIMENTO,"SOLICITA REPARO URGENTE NA BOCA DE LOBO NA RUA ÁGUIA–DO–MAR, PRÓXIMO AO NUMERAL 198, LOCALIZADA NO DONA FINA, FERRARIA.",Iluminação e serviços urbanos,"IA, por regras temáticas documentadas",não,https://sapl.campolargo.pr.leg.br/materia/25906
776,29270,UNANIMIDADE,25931,505,2026,REQ,REQUERIMENTO,"SOLICITA REVITALIZAÇÃO NO CAMPINHO, LOCALIZADO NA RUA MÉXICO, PRÓXIMO AO NUMERAL 166, CONJ. ÁGUAS CLARAS.","Ruas, trânsito e transporte","IA, por regras temáticas documentadas",não,https://sapl.campolargo.pr.leg.br/materia/25931
776,29271,UNANIMIDADE,25941,517,2026,REQ,REQUERIMENTO,"SOLICITA COBERTURA PARA PONTO DE ÔNIBUS, LOCALIZADO NA RUA MATO GROSSO, PRÓXIMO AO NUMERAL 9.998, FERRARIA.","Ruas, trânsito e transporte","IA, por regras temáticas documentadas",não,https://sapl.campolargo.pr.leg.br/materia/25941
776,29272,UNANIMIDADE,25898,464,2026,REQ,REQUERIMENTO,SOLICITA INFORMAÇÕES À SECRETARIA MUNICIPAL COMPETENTE PELA COLETA DE RESIDUOS ACERCA DA REGULARIDADE DA PRESTAÇÃO DE SERVIÇO DE COLETA DE LIXO NA RUA JOSÉ PAIVA VIDAL DESTE MUNICIPIO.,Meio ambiente e animais,"IA, por regras temáticas documentadas",não,https://sapl.campolargo.pr.leg.br/materia/25898
776,29273,UNANIMIDADE,25912,479,2026,REQ,REQUERIMENTO,"SOLICITA ESTUDO TECNICO DE VIABILIDADE VISANDO MELHORAR A SEGURANÇA DE PEDESTRE NA TRAVESSIA EXISTENTE EM FRENTE À RUA BENJAMIN GEDIÃO FERREIRA, NO BAIRRO JARDIM BELA VISTA.","Ruas, trânsito e transporte","IA, por regras temáticas documentadas",não,https://sapl.campolargo.pr.leg.br/materia/25912
776,29274,UNANIMIDADE,25913,480,2026,REQ,REQUERIMENTO,"SOLICITA ESTUDO TECNICO DE VIABILIDADE PARA IMPLANTAÇÃO DE PASSEIO PÚBLICO (CALÇADA) NA RUA BERNARDO ANTONIO GUERCHEWSKI, NO JARFIM DAS AMÉRICAS.","Ruas, trânsito e transporte","IA, por regras temáticas documentadas",não,https://sapl.campolargo.pr.leg.br/materia/25913
776,29275,UNANIMIDADE,25937,511,2026,REQ,REQUERIMENTO,SOLICITA SINALIZAÇÃO VERTICAL E HORIZONTAL NO CRUZAMENTO ENTRE AS RUAS MÁRIO DO NASCIMENTO CAMARGO E JOSÉ PAIVA VIDAL.,"Ruas, trânsito e transporte","IA, por regras temáticas documentadas",não,https://sapl.campolargo.pr.leg.br/materia/25937
776,29276,UNANIMIDADE,25891,454,2026,REQ,REQUERIMENTO,SOLICITA CONTRUÇÃO OU IMPLANTAÇÃO DE UMA CASA DE APOIO DESTINADA AOS ACOMPANHANTES DE PACIENTES DO INTERIOR DO MUNICIPIO QUE PERMANECEM EM ACOMPANHAMENTO HOSPITALAR NA CIDADE.,Saúde,"IA, por regras temáticas documentadas",não,https://sapl.campolargo.pr.leg.br/materia/25891
776,29277,UNANIMIDADE,25892,455,2026,REQ,REQUERIMENTO,SOLICITA SUBSTITUIÇÃO DE LIXEIRAS NA RUA CASEMIRO KARMAN.,Iluminação e serviços urbanos,"IA, por regras temáticas documentadas",não,https://sapl.campolargo.pr.leg.br/materia/25892
776,29278,UNANIMIDADE,25893,456,2026,REQ,REQUERIMENTO,SOLICITA REMANEJAMENTO DA SALA DE RECURSOS MULTIFUNCIONAIS (SALA DE APOIO) DA ESCOLA MUNICIPAL PROFESSORA ROSÁLIA ANDRADE REMONATO.,Educação,"IA, por regras temáticas documentadas",não,https://sapl.campolargo.pr.leg.br/materia/25893
776,29279,UNANIMIDADE,25894,457,2026,REQ,REQUERIMENTO,SOLICITA REFORMA NA ESCOLA MUNICIPAL PROFESSORA ROSÁLIA ANDRADE REMONATO.,Educação,"IA, por regras temáticas documentadas",não,https://sapl.campolargo.pr.leg.br/materia/25894
776,29280,UNANIMIDADE,25895,458,2026,REQ,REQUERIMENTO,"SOLICITA RECUO PARA ESTACIONAMENTO DE VEICULOS NA RUA ALBINO LUNARDON, BAIRRO SÃO FRANCISCO DE ASSIS, DESTE MUNICIPIO.","Ruas, trânsito e transporte","IA, por regras temáticas documentadas",não,https://sapl.campolargo.pr.leg.br/materia/25895
777,29281,UNANIMIDADE,26007,592,2026,REQ,REQUERIMENTO,"SOLICITA USO DA TRIBUNA LIVRE, PARA APRESENTAÇÃO DO PLANO MUNICIPAL DE REDUÇÃO DE RISCOS, PELO SENHOR GUSTAVO TANAGUCHI, REPRESENTANTE DA EMPRESA URBTEC.",Defesa Civil,"IA, por regras temáticas documentadas",não,https://sapl.campolargo.pr.leg.br/materia/26007
777,29282,UNANIMIDADE,25769,17,2026,PLE,PROJETO DE LEI DO EXECUTIVO,"ALTERA DISPOSITIVOS DA LEI MUNICIPAL Nº 2353, DE 22 DE DEZEMBRO DE 2011, QUE INSTITUIU O NOVO PLANO DE CARGOS E VENCIMENTOS DOS SERVIDORES PÚBLICOS DO MUNICÍPIO DE CAMPO LARGO, CONFORME ESPECIFICA. (***COM EMENDA MODIFICATIVA***)",Administração e finanças,"IA, por regras temáticas documentadas",não,https://sapl.campolargo.pr.leg.br/materia/25769
777,29283,UNANIMIDADE,25583,5,2026,PLL,PROJETO DE LEI DO LEGISLATIVO,"DÁ DENOMINAÇÃO DE RUA MARISA AGE BINI O TRECHO INDICADO NO BAIRRO JARDIM SOCIAL, CONFORME ESPECIFICA.","Homenagens, nomes e datas","IA, por regras temáticas documentadas",não,https://sapl.campolargo.pr.leg.br/materia/25583
777,29284,UNANIMIDADE,25650,13,2026,PLL,PROJETO DE LEI DO LEGISLATIVO,"INSTITUI FERIADO MUNICIPAL O DIA 23 DE FEVEREIRO, EM COMEMORAÇÃO À EMANCIPAÇÃO POLÍTICA DO MUNICÍPIO DE CAMPO LARGO.
***COM SUBSTITUTIVO GERAL, CUJA SÚMULA: DISPÕE SOBRE A CELEBRAÇÃO DO DIA MUNICIPAL DA EMANCIPAÇÃO POLITICA DE CAMPO LARGO.""","Homenagens, nomes e datas","IA, por regras temáticas documentadas",não,https://sapl.campolargo.pr.leg.br/materia/25650
777,29286,UNANIMIDADE,25668,15,2026,PLE,PROJETO DE LEI DO EXECUTIVO,"ALTERA DISPOSITIVOS  DA LEI MUNICIPAL N° 3.841, DE 23 DE ABRIL DE 2025, QUE CRIA, DENOMINA E REGULAMENTA O USO DE CENTRO DE EVENTOS DE CAMPO LARGO, CONFORME ESPECIFICA. ***COM SUBSTITUTIVO GERAL***","Homenagens, nomes e datas","IA, por regras temáticas documentadas",não,https://sapl.campolargo.pr.leg.br/materia/25668
777,29287,MAIORIA ABSOLUTA,25829,18,2026,PLE,PROJETO DE LEI DO EXECUTIVO,"DISPÕE SOBRE A CONCESSÃO E PAGAMENTO DE DIÁRIAS AO PREFEITO, AO VICE-PREFEITO, DEMAIS SERVIDORES DO PODER EXECUTIVO MUNICIPAL E DÁ OUTRAS PROVIDÊNCIAS.",Iluminação e serviços urbanos,"IA, por regras temáticas documentadas",não,https://sapl.campolargo.pr.leg.br/materia/25829
777,29288,UNANIMIDADE,25778,20,2026,PLL,PROJETO DE LEI DO LEGISLATIVO,"INSTITUI, NO ÂMBITO DO MUNICIPIO DE CAMPO LARGO A CAMPANHA “FEVEREIRO LARANJA”, DEDICADA Á CONSCIENTIZAÇÃO SOBRE A LEUCEMIA.",Outros,"IA, por regras temáticas documentadas",não,https://sapl.campolargo.pr.leg.br/materia/25778
777,29290,UNANIMIDADE,25868,2,2026,PR,PROJETO DE RESOLUÇÃO,"DISPÕE SOBRE A ABERTURA DE CRÉDITO ADICIONAL SUPLEMENTAR NO ORÇAMENTO DA CÂMARA MUNICIPAL DE CAMPO LARGO/PR, PARA O EXERCICIO FINANCIERO DE 2026, CONFORME ESPECIFICA.
***COM SUBSTITUTIVO GERAL***",Administração e finanças,"IA, por regras temáticas documentadas",não,https://sapl.campolargo.pr.leg.br/materia/25868
777,29295,UNANIMIDADE,25951,24,2026,PLE,PROJETO DE LEI DO EXECUTIVO,"AUTORIZA O PODER EXECUTIVO MUNICIPAL DE CAMPO LARGO A EFETUAR DOAÇÃO DE ÁREA DE TERRENO URBANO AO GOVERNO DO ESTADO DO PARANÁ, CONFORME ESPECIFICA.
***COM REGIME DE URGÊNCIA***",Iluminação e serviços urbanos,"IA, por regras temáticas documentadas",não,https://sapl.campolargo.pr.leg.br/materia/25951
777,29301,UNANIMIDADE,26023,7,2026,VRC,VOTAÇÃO REQUERIMENTOS EM CONJUNTO,VOTAÇÃO ENGLOBADA DE TODOS REQUERIMENTOS.,Outros,"IA, por regras temáticas documentadas",não,https://sapl.campolargo.pr.leg.br/materia/26023
777,29305,UNANIMIDADE,25980,562,2026,REQ,REQUERIMENTO,"SOLICITA MODERNIZAÇÃO DO SISTEMA DE ILUMINAÇÃO COM INSTALAÇÃO DE LÂMPADAS DE LED EM TODA EXTENSÃO DA RUA EVANGELISTA ERWIN BAHR, BAIRRO BOTIATUVA.",Iluminação e serviços urbanos,"IA, por regras temáticas documentadas",não,https://sapl.campolargo.pr.leg.br/materia/25980
777,29306,UNANIMIDADE,25981,563,2026,REQ,REQUERIMENTO,"SOLICITA CONSTRUÇÃO DE CAIXA DE DRENAGEM PLUVIAL DO LADO OPOSTO DA RUA CESÁRIO CURIAL, FINAL DA RUA, BAIRRO FERRARI.",Iluminação e serviços urbanos,"IA, por regras temáticas documentadas",não,https://sapl.campolargo.pr.leg.br/materia/25981
777,29307,UNANIMIDADE,25982,564,2026,REQ,REQUERIMENTO,"SOLICITA REPERFILAMENTO ASFÁLTICO EM TODA EXTENSÃO DA RUA GILBERTO AGE, BAIRRO BOTIATUVA.","Ruas, trânsito e transporte","IA, por regras temáticas documentadas",não,https://sapl.campolargo.pr.leg.br/materia/25982
777,29308,UNANIMIDADE,25983,565,2026,REQ,REQUERIMENTO,"SOLICITA REPERFILAMENTO ASFÁLTICO EM TODA EXTENSÃO DA RUA EVANGELISTA ERWIN BAHR, BAIRRO BOTIATUVA.","Ruas, trânsito e transporte","IA, por regras temáticas documentadas",não,https://sapl.campolargo.pr.leg.br/materia/25983
777,29309,UNANIMIDADE,25984,566,2026,REQ,REQUERIMENTO,SOLICITA ADESÃO DO MUNICIPIO DE CAMPO LARGO AO PROGRAMA CARREATA SAÚDE DA MULHER DISPONIBILIZADO PELO GOVERNO DO ESTADO DO PARANÁ.,Saúde,"IA, por regras temáticas documentadas",não,https://sapl.campolargo.pr.leg.br/materia/25984
777,29310,UNANIMIDADE,25960,537,2026,REQ,REQUERIMENTO,"SOLICITA CONSTRUÇÃO DE UMA ROTATORIA NA RUA CEZAR SCAPIN, ESQUINA COM A RUA ULISSES ÂNGELO – BAIRRO GUABIROBA.","Ruas, trânsito e transporte","IA, por regras temáticas documentadas",não,https://sapl.campolargo.pr.leg.br/materia/25960
777,29311,UNANIMIDADE,25977,556,2026,REQ,REQUERIMENTO,"SOLICITA CONSERTO DA CALÇADA EM TORNO DO HOSPITAL DO ROCIO CENTRO NA RUA ROMUALFO PORTUGAL, ESQUINA COM A RUA ROCHA POMBO.","Ruas, trânsito e transporte","IA, por regras temáticas documentadas",não,https://sapl.campolargo.pr.leg.br/materia/25977
777,29312,UNANIMIDADE,26024,584,2026,REQ,REQUERIMENTO,SOLICITA SINALIZAÇÃO HORIZONTAL E VERTICAL EM TODA EXTENSÃO DA RUA SÃO CAETANO – JARDIM BELA VISTA.,"Ruas, trânsito e transporte","IA, por regras temáticas documentadas",não,https://sapl.campolargo.pr.leg.br/materia/26024
777,29313,UNANIMIDADE,26000,585,2026,REQ,REQUERIMENTO,SOLICITA A INSERÇÃO DE TACHÕES NO SENTIDO HORIZONTAL E VERTICAL NA RUA SÃO CAETANO (PROXIMIDADES DA EMPRESA DEPECIL) – JARDIM BELA VISTA.,"Ruas, trânsito e transporte","IA, por regras temáticas documentadas",não,https://sapl.campolargo.pr.leg.br/materia/26000
777,29314,UNANIMIDADE,25956,527,2026,REQ,REQUERIMENTO,"SOLICITA INFORMAÇÕES SOBRE OS DOCUMENTOS APRESENTADOS NO ATO DA CONTRATAÇÃO DO SR. VINICIUS PIRINE, INCLUINDO INFORMAÇÕES SOBRE A EXISTÊNCIA DE DIPLOMASA APRESENTADOS E DA COMPROVAÇÃO DE REGISTRO JUNTO AO CREA, SE HOUVER.",Administração e finanças,"IA, por regras temáticas documentadas",não,https://sapl.campolargo.pr.leg.br/materia/25956
777,29315,UNANIMIDADE,25957,530,2026,REQ,REQUERIMENTO,SOLICITA INFORMAÇÕES SOBRE FUTURAS CONTRATAÇÕES REFERENTES AO ÚLTIMO CONCURSO PÚBLICO PARA O CARGO DE AGENTE DE TRÂNSITO.,Administração e finanças,"IA, por regras temáticas documentadas",não,https://sapl.campolargo.pr.leg.br/materia/25957
777,29316,UNANIMIDADE,25958,531,2026,REQ,REQUERIMENTO,"SOLICITA DESENTUPIMENTO DE BUEIRO NA RUA JOSÉ SABIN, N° 12, ITAQUI DE CIMA.",Iluminação e serviços urbanos,"IA, por regras temáticas documentadas",não,https://sapl.campolargo.pr.leg.br/materia/25958
777,29317,UNANIMIDADE,25952,523,2026,REQ,REQUERIMENTO,"SOLICITA PAVIMENTAÇÃO ASFÁLTICA NA RUA MATO QUEIMADO, BAIRRO GUABIROBA.","Ruas, trânsito e transporte","IA, por regras temáticas documentadas",não,https://sapl.campolargo.pr.leg.br/materia/25952
777,29318,UNANIMIDADE,25953,524,2026,REQ,REQUERIMENTO,SOLICITA ADEQUAÇÃO DO SISTEMA DE PENALIDADE E HORARIOS DO ESTACIONAMENTO ROTATIVO (ESTAR DIGITAL) DO MUNICIPIO DE CAMPO LARGO.,"Ruas, trânsito e transporte","IA, por regras temáticas documentadas",não,https://sapl.campolargo.pr.leg.br/materia/25953
777,29319,UNANIMIDADE,25954,525,2026,REQ,REQUERIMENTO,SOLICITA DESOBSTRUÇÃO DO SISTEMA DE DRENAGEM (BUEIRO) NA ESTRADA PRINCIPAL DA LOCALIDADE DE CAMPINA DO VARGEDO.,Iluminação e serviços urbanos,"IA, por regras temáticas documentadas",não,https://sapl.campolargo.pr.leg.br/materia/25954
777,29320,UNANIMIDADE,25955,526,2026,REQ,REQUERIMENTO,SOLICITA INSTALAÇÃO DE APARELHOS DE AR-CONDICIONADO NAS DEPENDENCIAS DO DEPARTAMENTO DE RELAÇÕES COMUNITÁRIAS.,Outros,"IA, por regras temáticas documentadas",não,https://sapl.campolargo.pr.leg.br/materia/25955
777,29321,UNANIMIDADE,26014,599,2026,REQ,REQUERIMENTO,"SOLICITA INSTALAÇÃO DE REDUTORES DE VELOCIDADE (LOMBADA) NA RUA DOMINGOS CORDEIRO, NAS PROXIMIDADES DO N° 2.640, BAIRRO SÃO VICENTE.","Ruas, trânsito e transporte","IA, por regras temáticas documentadas",não,https://sapl.campolargo.pr.leg.br/materia/26014
777,29322,UNANIMIDADE,26015,600,2026,REQ,REQUERIMENTO,"SOLICITA MANUTENÇÃO ASFÁLTICA NA RUA BAPTISTA SEGURO PRÓXIMO AO NUMERO 117, BAIRRO CENTRO.","Ruas, trânsito e transporte","IA, por regras temáticas documentadas",não,https://sapl.campolargo.pr.leg.br/materia/26015
777,29323,UNANIMIDADE,26016,601,2026,REQ,REQUERIMENTO,"SOLICITA PAVIMENTAÇÃO ASFÁLTICA SOBRE PARALELEPÍPEDO EM TODA A EXTENSÃO DA RUA ANTONIO FABRICIO DA SILVA, BAIRRO VILA SOLENE.","Ruas, trânsito e transporte","IA, por regras temáticas documentadas",não,https://sapl.campolargo.pr.leg.br/materia/26016
777,29324,UNANIMIDADE,26017,602,2026,REQ,REQUERIMENTO,"SOLICITA INSTALAÇÃO DE REDUTOR DE VELOCIDADE (LOMBADA) NA RUA GONÇALVES DIAS, NAS PROXIMIDADES DO N° 2.898, BAIRRO SÃO VICENTE.","Ruas, trânsito e transporte","IA, por regras temáticas documentadas",não,https://sapl.campolargo.pr.leg.br/materia/26017
777,29325,UNANIMIDADE,26018,603,2026,REQ,REQUERIMENTO,"SOLICITA MANUTENÇÃO EM PARALELEPÍPEDO NA RUA ANTONIO FABRICIO DA SILVA, N° 51, BAIRRO VILA SOLENE.","Ruas, trânsito e transporte","IA, por regras temáticas documentadas",não,https://sapl.campolargo.pr.leg.br/materia/26018
777,29326,UNANIMIDADE,25959,536,2026,REQ,REQUERIMENTO,SOLICITA EXTENSÃO DE REDE DE ÁGUA NA TAQUARA DOS PIRES.,Iluminação e serviços urbanos,"IA, por regras temáticas documentadas",não,https://sapl.campolargo.pr.leg.br/materia/25959
777,29327,UNANIMIDADE,25995,579,2026,REQ,REQUERIMENTO,"SOLICITA PAVIMENTAÇÃO ASFÁLTICA NA ESTRADA TRÊS CORREGOS, NO BAIRRO TRÊS CORREGOS.","Ruas, trânsito e transporte","IA, por regras temáticas documentadas",não,https://sapl.campolargo.pr.leg.br/materia/25995
777,29328,UNANIMIDADE,25996,580,2026,REQ,REQUERIMENTO,"SOLICITA PAVIMENTAÇÃO ASFÁLTICA NA RUA SÃO BENEDITO, NO BAIRRO SALGADINHO.","Ruas, trânsito e transporte","IA, por regras temáticas documentadas",não,https://sapl.campolargo.pr.leg.br/materia/25996
777,29329,UNANIMIDADE,25997,581,2026,REQ,REQUERIMENTO,"SOLICITA PAVIMENTAÇÃO ASFÁLTICA NA ESTRADA DA ERVA, NO BAIRRO SÃO SILVESTRE.","Ruas, trânsito e transporte","IA, por regras temáticas documentadas",não,https://sapl.campolargo.pr.leg.br/materia/25997
777,29330,UNANIMIDADE,25998,582,2026,REQ,REQUERIMENTO,SOLICITA PAVIMENTAÇÃO ASFÁLTICA NA ESTRADA DO RETIRO.,"Ruas, trânsito e transporte","IA, por regras temáticas documentadas",não,https://sapl.campolargo.pr.leg.br/materia/25998
777,29331,UNANIMIDADE,26009,594,2026,REQ,REQUERIMENTO,"SUBSTITUI A ONDULAÇÃO TRANSVERSAL NA RUA DOM PEDRO II, PRÓXIMO À ESQUINA COM A RUA IARA, NO CENTRO, POR UMA TRAVESSIA ELEVADA.","Ruas, trânsito e transporte","IA, por regras temáticas documentadas",não,https://sapl.campolargo.pr.leg.br/materia/26009
777,29332,UNANIMIDADE,26010,595,2026,REQ,REQUERIMENTO,"SOLICITA CONTRATAÇÃO DE TECNICO EM SAÚDE BUCAL PARA A UNIDADE DE SAÚDE AMADEU MAZZO, NO BOTIATUVA.",Saúde,"IA, por regras temáticas documentadas",não,https://sapl.campolargo.pr.leg.br/materia/26010
777,29333,UNANIMIDADE,26011,596,2026,REQ,REQUERIMENTO,"SOLICITA CONTRATAÇÃO DE AGENTE COMUNITÁRIO DE SAÚDE PARA A UNIDADE DE SAÚDE AMADEU MAZZO, NO BOTIATUVA.",Saúde,"IA, por regras temáticas documentadas",não,https://sapl.campolargo.pr.leg.br/materia/26011
777,29334,UNANIMIDADE,26012,597,2026,REQ,REQUERIMENTO,SOLICITA INFORMAÇÕES SOBRE O ALVARÁ EXPEDIDO PELO CORPO DE BOMBEIROS AO CMEI ALESSANDRE JOSÉ RETTMANN.,Educação,"IA, por regras temáticas documentadas",não,https://sapl.campolargo.pr.leg.br/materia/26012
777,29335,UNANIMIDADE,26013,598,2026,REQ,REQUERIMENTO,SOLICITA INFORMAÇÕES SOBRE IDENTIFICAÇÃO E LOTAÇÃO DE FUNCIONÁRIOS TERCERIZADOS EM PRÉDIOS PÚBLICOS MUNICIPAIS DE CAMPO LARGO.,Outros,"IA, por regras temáticas documentadas",não,https://sapl.campolargo.pr.leg.br/materia/26013
777,29336,UNANIMIDADE,25961,538,2026,REQ,REQUERIMENTO,"SOLICITA ESTUDO DE VIABILIDADE PARA ABERTURA DE VIA PUBLICA, COM A FINALIDADE DE PROMOVER A CONTINUIDADE DA RUA MARECHAL FLORIANO PEIXOTO, POSSIBILITANDO SUA LIGAÇÃO COM A AVENIDA MARCELO PUPPI E AVENIDA CORONEL CEZAR TORRES.","Ruas, trânsito e transporte","IA, por regras temáticas documentadas",não,https://sapl.campolargo.pr.leg.br/materia/25961
777,29337,UNANIMIDADE,25962,539,2026,REQ,REQUERIMENTO,"SOLICITA MANILHAMENTO COM CONSTRUÇÃO DE CAIXA DE DRENAGEM EM TODA EXTENSÃO DA RUA WANDERLEY CARTANO DA CRUZ, BAIRRO POPULAR VELHA.",Iluminação e serviços urbanos,"IA, por regras temáticas documentadas",não,https://sapl.campolargo.pr.leg.br/materia/25962
777,29338,UNANIMIDADE,25963,540,2026,REQ,REQUERIMENTO,"SOLICITA MANILHAMENTO COM CONSTRUÇÃO DE CAIXA DE DRENAGEM EM TODA EXTENSÃO DA RUA SALDANHA DE PAULA, BAIRRO POPULAR VELHA.",Iluminação e serviços urbanos,"IA, por regras temáticas documentadas",não,https://sapl.campolargo.pr.leg.br/materia/25963
777,29339,UNANIMIDADE,25964,541,2026,REQ,REQUERIMENTO,"SOLICITA MANILHAMENTO COM CONSTRUÇÃO DE CAIXA DE DRENAGEM EM TODA EXTENSÃO DA RUA JOAQUIM BATISTA DESIDÉRIO, BAIRRO POPULAR VELHA.",Iluminação e serviços urbanos,"IA, por regras temáticas documentadas",não,https://sapl.campolargo.pr.leg.br/materia/25964
777,29340,UNANIMIDADE,25978,560,2026,REQ,REQUERIMENTO,"SOLICITA VERIFICAÇÃO DE MANILHAMENTO NA ESTRADA DOM RODRIGO EM FRENTE AO IMÓVEL N° 300, LOCALIZADO NO LOTEAMENTO MIRANDA.",Iluminação e serviços urbanos,"IA, por regras temáticas documentadas",não,https://sapl.campolargo.pr.leg.br/materia/25978
777,29341,UNANIMIDADE,25986,568,2026,REQ,REQUERIMENTO,SOLICITA ROÇADA NA RUA GENEROSO MARQUES EM FRENTE AO NÚMERO 2.522 – CENTRO – CAMPO LARGO.,Iluminação e serviços urbanos,"IA, por regras temáticas documentadas",não,https://sapl.campolargo.pr.leg.br/materia/25986
777,29342,UNANIMIDADE,25987,569,2026,REQ,REQUERIMENTO,"SOLICITA TROCA DE PONTO DE ÔNIBUS NA RUA RAUL AZEVEDO DE MACEDO, ESTRADA DO CERNE, PRÓXIMO AO NÚMERO 5.300.","Ruas, trânsito e transporte","IA, por regras temáticas documentadas",não,https://sapl.campolargo.pr.leg.br/materia/25987
777,29343,UNANIMIDADE,25988,570,2026,REQ,REQUERIMENTO,SOLICITA INSTALAÇÃO DE PARQUINHO INFANTIL NA ESCOLA REINO DA LOUCINHA.,Educação,"IA, por regras temáticas documentadas",não,https://sapl.campolargo.pr.leg.br/materia/25988
777,29344,UNANIMIDADE,25989,571,2026,REQ,REQUERIMENTO,SOLICITA INSTALAÇÃO DE LÂMPADAS DE LED NA AV. AYRTON SENNA DA SILVA ATÉ RUA EMA TANER DE ANDRADE.,Iluminação e serviços urbanos,"IA, por regras temáticas documentadas",não,https://sapl.campolargo.pr.leg.br/materia/25989
777,29345,UNANIMIDADE,25994,578,2026,REQ,REQUERIMENTO,SOLICITA INFORMAÇÕES SOBRE O PROJETO CAPELANIA NAS ESCOLAS.,Educação,"IA, por regras temáticas documentadas",não,https://sapl.campolargo.pr.leg.br/materia/25994
777,29346,UNANIMIDADE,25974,552,2026,REQ,REQUERIMENTO,"SOLICITA SUBSTITUIÇÃO DA ATUAL COBERTURA DO PONTO DE ÔNIBUS LOCALIZADO NA AV. ARAPONGAS, PRÓXIMO AO NUMERAL 185, POR UMA ESTRUTURA DE ABRIGO FECHADO NA VILA GILCY, FERRARIA.","Ruas, trânsito e transporte","IA, por regras temáticas documentadas",não,https://sapl.campolargo.pr.leg.br/materia/25974
777,29347,UNANIMIDADE,25975,553,2026,REQ,REQUERIMENTO,"SOLICITA MANILHAMENTO NA RUA ALBERTO DYBAS, PRÓXIMO AO NUMERAL 550, COLÔNIA REBOUÇAS, FERRARIA.",Iluminação e serviços urbanos,"IA, por regras temáticas documentadas",não,https://sapl.campolargo.pr.leg.br/materia/25975
777,29348,UNANIMIDADE,25976,554,2026,REQ,REQUERIMENTO,"SOLICITA IMPLANTAÇÃO DE REDUTORES DE VELOCIDADE (TARTARUGAS/TACHÕES) NA RUA SÃO MIGUEL, PRÓXIMO AO NUMERAL 415, SANTA ÂNGELA, FERRARIA.","Ruas, trânsito e transporte","IA, por regras temáticas documentadas",não,https://sapl.campolargo.pr.leg.br/materia/25976
777,29349,UNANIMIDADE,25985,567,2026,REQ,REQUERIMENTO,"SOLICITA MELHORIAS NA PINTURA E SINALIZAÇÃO VIÁRIA NA EXTENSÃO DA RUA ERNESTO CARLOS ZOPPO, SANTA ÂNGELA, FERRARIA.","Ruas, trânsito e transporte","IA, por regras temáticas documentadas",não,https://sapl.campolargo.pr.leg.br/materia/25985
777,29350,UNANIMIDADE,25993,575,2026,REQ,REQUERIMENTO,"SOLICITA IMPLANTAÇÃO DE CICLOVIA NA EXTENSÃO DA RUA VICENTE NALEPA, QUE SERÁ PAVIMENTADA EM BREVE NA COLONIA DOM PEDRO.","Ruas, trânsito e transporte","IA, por regras temáticas documentadas",não,https://sapl.campolargo.pr.leg.br/materia/25993
777,29351,UNANIMIDADE,25973,551,2026,REQ,REQUERIMENTO,"SOLICITA LIGAÇÃO DE REDE DE ESGOTO NA RUA JOÃO PESSOA, N° 2526 – CENTRO, NESTE MUNICIPIO.",Iluminação e serviços urbanos,"IA, por regras temáticas documentadas",não,https://sapl.campolargo.pr.leg.br/materia/25973
777,29352,UNANIMIDADE,25979,561,2026,REQ,REQUERIMENTO,"SOLICITA MANUTENÇÃO/ REFORMA DA PONTE LOCALIZADA NA RUA TEIXEIRA SOARES, NO BAIRRO SÃO VICENTE.","Ruas, trânsito e transporte","IA, por regras temáticas documentadas",não,https://sapl.campolargo.pr.leg.br/materia/25979
777,29353,UNANIMIDADE,26003,588,2026,REQ,REQUERIMENTO,"SOLICITA INSTALAÇÃO DE SISTEMA CLIMATIZADO (AR-CONDICIONADO) NA CAPELA MORTUÁRIA MUNICIPAL DO CEMITÉRIO DO SANTA ÂNGELO, BAIRRO BOM JESUS.",Iluminação e serviços urbanos,"IA, por regras temáticas documentadas",não,https://sapl.campolargo.pr.leg.br/materia/26003
777,29354,UNANIMIDADE,26004,589,2026,REQ,REQUERIMENTO,SOLICITA ESTUDO DE VIABILIDADE PARA IMPLANTAÇÃO DE PASSEIO PÚBLICO (CALÇADA) NA AVENIDA DIRÇO RIBAS.,"Ruas, trânsito e transporte","IA, por regras temáticas documentadas",não,https://sapl.campolargo.pr.leg.br/materia/26004
777,29355,UNANIMIDADE,26005,590,2026,REQ,REQUERIMENTO,SOLICITA ESTUDO DE VIABILIDADE PARA IMPLANTAÇÃO DE INFRAESTRUTURA CICLOVIÁRIA (CICLOVIA OU CICLOFAIXA) NA AVENIDA DIRÇO RIBAS.,"Ruas, trânsito e transporte","IA, por regras temáticas documentadas",não,https://sapl.campolargo.pr.leg.br/materia/26005
777,29356,UNANIMIDADE,25965,542,2026,REQ,REQUERIMENTO,SOLICITA EXTENSÃO DE REDE DE ÁGUA NA REGIÃO DO RETIRO DESTE MUNICIPIO.,Iluminação e serviços urbanos,"IA, por regras temáticas documentadas",não,https://sapl.campolargo.pr.leg.br/materia/25965
777,29357,UNANIMIDADE,25966,543,2026,REQ,REQUERIMENTO,"SOLICITA MANILHAMENTO NA RUA MAURILIO JOSÉ LOPES, REGIÃO DO BAIRRO SÃO GERÔNIMO DESTE MUNICIPIO.",Iluminação e serviços urbanos,"IA, por regras temáticas documentadas",não,https://sapl.campolargo.pr.leg.br/materia/25966
777,29358,UNANIMIDADE,25967,544,2026,REQ,REQUERIMENTO,"SOLICITA INSTALAÇÃO DE BANCOS NO ESPAÇO ARI MORO (CAMPO 21), BAIRRO ITAQUI, DESTE MUNICIPIO.",Outros,"IA, por regras temáticas documentadas",não,https://sapl.campolargo.pr.leg.br/materia/25967
777,29359,UNANIMIDADE,25968,545,2026,REQ,REQUERIMENTO,"SOLICITA REPOSIÇÃO DE AREIA NA CANCHA DE VÔLEI DO ESPAÇO ARI MORO (CAMPO 21), BAIRRO ITAQUI, DESTE MUNICIPIO.","Cultura, esporte e lazer","IA, por regras temáticas documentadas",não,https://sapl.campolargo.pr.leg.br/materia/25968
777,29360,UNANIMIDADE,25969,546,2026,REQ,REQUERIMENTO,"SOLICITA REFORMA APARELHOS DE GINÁSTICA (ACADEMIA AO AR LIVRE) DO ESPAÇO ARI MORO (CAMPO 21), BAIRRO ITAQUI, DESTE MUNICIPIO.","Cultura, esporte e lazer","IA, por regras temáticas documentadas",não,https://sapl.campolargo.pr.leg.br/materia/25969
778,29361,UNANIMIDADE,26097,27,2026,PLE,PROJETO DE LEI DO EXECUTIVO,"ALTERA A LEI MUNICIPAL N° 3.869 DE 05 JUNHO DE 2025, QUE INSTITUI O PROGRAMA MULHER EMPREENDEDORA, CONFORME ESPECIFICA.
***COM REGIME DE URGÊNCIA***","Desenvolvimento, moradia e agricultura","IA, por regras temáticas documentadas",não,https://sapl.campolargo.pr.leg.br/materia/26097
778,29363,UNANIMIDADE,25498,5,2026,PLE,PROJETO DE LEI DO EXECUTIVO,"INSTITUI O PROGRAMA DE RECOMPOSIÇÃO DAS APRENDIZAGENS PARA AS ESCOLAS DA REDE MUNICIPAL DE ENSINO DE CAMPO LARGO E ESTABELECE DIRETRIZES, OBJETIVOS, METAS E DÁ OUTRAS PROVIDÊNCIAS.",Educação,"IA, por regras temáticas documentadas",não,https://sapl.campolargo.pr.leg.br/materia/25498
778,29364,UNANIMIDADE,25653,12,2026,PLE,PROJETO DE LEI DO EXECUTIVO,"DISPÕE SOBRE A CONCESSÃO DE HOMENAGENS, A TÍTULO DE RECONHECIMENTO, NO ÂMBITO DA GUARDA MUNICIPAL DE CAMPO LARGO.","Homenagens, nomes e datas","IA, por regras temáticas documentadas",não,https://sapl.campolargo.pr.leg.br/materia/25653
778,29365,UNANIMIDADE,25649,12,2026,PLL,PROJETO DE LEI DO LEGISLATIVO,"INCLUI NO CALENDÁRIO OFICIAL DE EVENTOS DO MUNICÍPIO DE CAMPO LARGO A ""CAMINHADA DE CONSCIENTIZAÇÃO DO AUTISMO"", A SER REALIZADA ANUALMENTE NO MÊS DE ABRIL.
***COM SUBSTITUTIVO GERAL***","Homenagens, nomes e datas","IA, por regras temáticas documentadas",não,https://sapl.campolargo.pr.leg.br/materia/25649
778,29367,UNANIMIDADE,25668,15,2026,PLE,PROJETO DE LEI DO EXECUTIVO,"ALTERA DISPOSITIVOS  DA LEI MUNICIPAL N° 3.841, DE 23 DE ABRIL DE 2025, QUE CRIA, DENOMINA E REGULAMENTA O USO DE CENTRO DE EVENTOS DE CAMPO LARGO, CONFORME ESPECIFICA. ***COM SUBSTITUTIVO GERAL***","Homenagens, nomes e datas","IA, por regras temáticas documentadas",não,https://sapl.campolargo.pr.leg.br/materia/25668
778,29368,MAIORIA ABSOLUTA,25829,18,2026,PLE,PROJETO DE LEI DO EXECUTIVO,"DISPÕE SOBRE A CONCESSÃO E PAGAMENTO DE DIÁRIAS AO PREFEITO, AO VICE-PREFEITO, DEMAIS SERVIDORES DO PODER EXECUTIVO MUNICIPAL E DÁ OUTRAS PROVIDÊNCIAS.",Iluminação e serviços urbanos,"IA, por regras temáticas documentadas",não,https://sapl.campolargo.pr.leg.br/materia/25829
778,29369,UNANIMIDADE,25778,20,2026,PLL,PROJETO DE LEI DO LEGISLATIVO,"INSTITUI, NO ÂMBITO DO MUNICIPIO DE CAMPO LARGO A CAMPANHA “FEVEREIRO LARANJA”, DEDICADA Á CONSCIENTIZAÇÃO SOBRE A LEUCEMIA.",Outros,"IA, por regras temáticas documentadas",não,https://sapl.campolargo.pr.leg.br/materia/25778
778,29370,UNANIMIDADE,25868,2,2026,PR,PROJETO DE RESOLUÇÃO,"DISPÕE SOBRE A ABERTURA DE CRÉDITO ADICIONAL SUPLEMENTAR NO ORÇAMENTO DA CÂMARA MUNICIPAL DE CAMPO LARGO/PR, PARA O EXERCICIO FINANCIERO DE 2026, CONFORME ESPECIFICA.
***COM SUBSTITUTIVO GERAL***",Administração e finanças,"IA, por regras temáticas documentadas",não,https://sapl.campolargo.pr.leg.br/materia/25868
778,29385,UNANIMIDADE,26100,8,2026,VRC,VOTAÇÃO REQUERIMENTOS EM CONJUNTO,VOTAÇÃO ENGLOBADA DE TODOS REQUERIMENTOS.,Outros,"IA, por regras temáticas documentadas",não,https://sapl.campolargo.pr.leg.br/materia/26100
778,29386,UNANIMIDADE,25970,548,2026,REQ,REQUERIMENTO,SOLICITA IMPLEMENTAÇÃO DE UM SISTEMA DE REGULARIZAÇÃO E EMISSÃO DE CARTEIRINHAS PARA MOTORISTAS DE APLICATIVOS.,Outros,"IA, por regras temáticas documentadas",não,https://sapl.campolargo.pr.leg.br/materia/25970
778,29387,UNANIMIDADE,25971,549,2026,REQ,REQUERIMENTO,SOLICITA INSTALAÇÃO DE UMA VAGA DE ESTACIONAMENTO DESTINADA À PESSOAS COM DEFICIENCIA EM FRENTE AO COLÉGIO PADRE FRANCISCO BELINOVSKI.,Educação,"IA, por regras temáticas documentadas",não,https://sapl.campolargo.pr.leg.br/materia/25971
778,29388,UNANIMIDADE,26002,587,2026,REQ,REQUERIMENTO,"SOLICITA ADOÇÃO DE MEDIDAS URGENTES VISANDO GARANTIR A SEGURANÇA E A FLUIDEZ DO TRÁFEGO E DO TRÂNSITO DE PEDESTRES NAS PROXIMIDADES DAS INSTITUIÇÕES DE ENSINO E.M. MAURO PORTUGAL, CMEI DR. RUDOLF E COLEGIO ESTADUAL ALBINA MUGINOSKI.",Educação,"IA, por regras temáticas documentadas",não,https://sapl.campolargo.pr.leg.br/materia/26002
778,29389,UNANIMIDADE,26042,626,2026,REQ,REQUERIMENTO,"SOLICITA ROÇADA NA RUA OLAVO BILAC, NO JARDIM BUSMAYER.",Iluminação e serviços urbanos,"IA, por regras temáticas documentadas",não,https://sapl.campolargo.pr.leg.br/materia/26042
778,29390,UNANIMIDADE,26077,665,2026,REQ,REQUERIMENTO,SOLICITA MELHORIA DAS CONDIÇÕES DE ACESSIBILIDADE NO POSTO DE SAÚDE LOCALIZADO NO BAIRRO JARDIM RONDINHA.,Saúde,"IA, por regras temáticas documentadas",não,https://sapl.campolargo.pr.leg.br/materia/26077
778,29391,UNANIMIDADE,26078,666,2026,REQ,REQUERIMENTO,"SOLICITA REPERFILAMENTO ASFÁLTICO NA RUA JOÃO ZORECK, VILA NOSSA SRA DO CARMO.","Ruas, trânsito e transporte","IA, por regras temáticas documentadas",não,https://sapl.campolargo.pr.leg.br/materia/26078
778,29392,UNANIMIDADE,26079,667,2026,REQ,REQUERIMENTO,SOLICITA PATROLAMENTO E ENSAIBRAMENTO NA ESTRADA DO CERRINHO (REGIÃO DOS TRÊS CÓRREGOS).,"Ruas, trânsito e transporte","IA, por regras temáticas documentadas",não,https://sapl.campolargo.pr.leg.br/materia/26079
778,29393,UNANIMIDADE,26092,682,2026,REQ,REQUERIMENTO,SOLICITA AMPLIAÇÃO DO NUMERO DE ASSISTENTES SOCIAIS NA UNIDADE DE PRONTO ATENDIMENTO NO INTERIOR DESTE MUNICIPIO.,Saúde,"IA, por regras temáticas documentadas",não,https://sapl.campolargo.pr.leg.br/materia/26092
778,29394,UNANIMIDADE,26093,683,2026,REQ,REQUERIMENTO,"SOLICITA MODERNIZAÇÃO DO SISTEMA DE ILUMINAÇÃO COM INSTALAÇÃO DE LÂMPADAS DE LED EM TODA EXTENSÃO DA RUA GILBERTO AGE, BAIRRO BOTIATUVA.",Iluminação e serviços urbanos,"IA, por regras temáticas documentadas",não,https://sapl.campolargo.pr.leg.br/materia/26093
778,29395,UNANIMIDADE,26094,684,2026,REQ,REQUERIMENTO,"SOLICITA MODERNIZAÇÃO DO SISTEMA DE ILUMINAÇÃO COM INSTALAÇÃO DE LÂMPADAS DE LED EM TODA EXTENSÃO DA RUA CARLOS PINTO DE LIMA, BAIRRO VILA SÃO LUIZ.",Iluminação e serviços urbanos,"IA, por regras temáticas documentadas",não,https://sapl.campolargo.pr.leg.br/materia/26094
778,29396,UNANIMIDADE,26095,685,2026,REQ,REQUERIMENTO,"SOLICITA MODERNIZAÇÃO DO SISTEMA DE ILUMINAÇÃO COM INSTALAÇÃO DE LÂMPADAS DE LED EM TODA EXTENSÃO DA RUA SÃO SILVESTRE, BAIRRO VILA SÃO LUIZ.",Iluminação e serviços urbanos,"IA, por regras temáticas documentadas",não,https://sapl.campolargo.pr.leg.br/materia/26095
778,29397,UNANIMIDADE,26057,645,2026,REQ,REQUERIMENTO,"SOLICITA PAVIMENTAÇÃO ASFÁLTICA NO TRECHO DA RUA VEREADOR CONSTANTE PANGRÁCIO, LOCALIZADO NO LOTEAMENTO LEAL, QUE AINDA SE ENCONTRA DESPROVIDO DE PAVIMENTAÇÃO.","Ruas, trânsito e transporte","IA, por regras temáticas documentadas",não,https://sapl.campolargo.pr.leg.br/materia/26057
778,29398,UNANIMIDADE,26063,651,2026,REQ,REQUERIMENTO,"SOLICITA PATROLAMENTO, NIVELAMENTO E ENSAIBRAMENTO NA RUA DE SERVIDÃO RURAL VICINAL DA RUA CÉSAR SCAPIM, PROXIMO À PONTE E NUMERAL 57 – SALGADINHO.","Ruas, trânsito e transporte","IA, por regras temáticas documentadas",não,https://sapl.campolargo.pr.leg.br/materia/26063
778,29399,UNANIMIDADE,26064,652,2026,REQ,REQUERIMENTO,SOLICITA COBERTURA ASFÁLTICA SOBRE AS PEDRAS IRREGULARES NA RUA JOÃO MARKOVSC – BAIRRO APARECIDA.,"Ruas, trânsito e transporte","IA, por regras temáticas documentadas",não,https://sapl.campolargo.pr.leg.br/materia/26064
778,29400,UNANIMIDADE,26025,606,2026,REQ,REQUERIMENTO,"SOLICITA AÇÃO TAPA-BURACOS NA RUA JOSÉ NEY MONFRON, NO JARDIM SOCIAL.","Ruas, trânsito e transporte","IA, por regras temáticas documentadas",não,https://sapl.campolargo.pr.leg.br/materia/26025
778,29401,UNANIMIDADE,26026,607,2026,REQ,REQUERIMENTO,SOLICITA REPAROS NA CONTENÇÃO LATERAL DO RIO CAMBUÍ.,Meio ambiente e animais,"IA, por regras temáticas documentadas",não,https://sapl.campolargo.pr.leg.br/materia/26026
778,29402,UNANIMIDADE,26027,608,2026,REQ,REQUERIMENTO,"SOLICITA LIMPEZA DAS GALERIAS PLUVIAIS DA RUA PAVÃO, VILA GILCY.",Iluminação e serviços urbanos,"IA, por regras temáticas documentadas",não,https://sapl.campolargo.pr.leg.br/materia/26027
778,29403,UNANIMIDADE,26028,609,2026,REQ,REQUERIMENTO,"SOLICITA AÇÃO TAPA-BURACOS NA RUA ADEMIR BATISTA LIMA, NO JARDIM SOCIAL.","Ruas, trânsito e transporte","IA, por regras temáticas documentadas",não,https://sapl.campolargo.pr.leg.br/materia/26028
778,29404,UNANIMIDADE,26029,610,2026,REQ,REQUERIMENTO,SOLICITA INFORMAÇÕES SOBRE A IMPLEMENTAÇÃO DA LEI FEDERAL N° 15.326/2026 NO MUNICIPIO DE CAMPO LARGO.,Outros,"IA, por regras temáticas documentadas",não,https://sapl.campolargo.pr.leg.br/materia/26029
778,29405,UNANIMIDADE,26033,615,2026,REQ,REQUERIMENTO,SOLICITA MANUTENÇÃO DE CERÂMICA DO DEPOSITO DE MATERIAL DE LIMPEZA (DML) DA UNIDADE BASICA DE SAÚDE DO SÃO SILVESTRE.,Saúde,"IA, por regras temáticas documentadas",não,https://sapl.campolargo.pr.leg.br/materia/26033
778,29406,UNANIMIDADE,26034,616,2026,REQ,REQUERIMENTO,INSTALAÇÃO DE BANHEIROS INDIVIDUAIS (MASCULINO E FEMININO) NA UNIDADE BÁSICA DE SAÚDE (UBS) DE SÃO SILVESTRE.,Saúde,"IA, por regras temáticas documentadas",não,https://sapl.campolargo.pr.leg.br/materia/26034
778,29407,UNANIMIDADE,26035,617,2026,REQ,REQUERIMENTO,SOLICITA INSTALAÇÃO DE TRAVESSIA COM BUEIRO (MANILHAMENTO) NA RUA PRINCIPAL DA LOCALIDADE DE ERVAL DOS CASTROS.,Iluminação e serviços urbanos,"IA, por regras temáticas documentadas",não,https://sapl.campolargo.pr.leg.br/materia/26035
778,29408,UNANIMIDADE,26036,618,2026,REQ,REQUERIMENTO,SOLICITA AMPLIAÇÃO NO TOLDO DA UNIDADE BASICA DE SAÚDE DO SÃO SILVESTRE.,Saúde,"IA, por regras temáticas documentadas",não,https://sapl.campolargo.pr.leg.br/materia/26036
778,29409,UNANIMIDADE,26037,619,2026,REQ,REQUERIMENTO,SOLICITA MANUTENÇÃO DA CALHA NA UNIDADE BASICA DE SAÚDE DO SÃO SILVESTRE.,Saúde,"IA, por regras temáticas documentadas",não,https://sapl.campolargo.pr.leg.br/materia/26037
778,29410,UNANIMIDADE,26052,640,2026,REQ,REQUERIMENTO,"SOLICITA OFICIO AOS CORREIOS PARA IMPLEMENTAÇÃO DE CÓDIGO POSTAL (CEP) PARA A RUA JOAQUIM FERREIRA VIEIRA, GUABIROBA.","Ruas, trânsito e transporte","IA, por regras temáticas documentadas",não,https://sapl.campolargo.pr.leg.br/materia/26052
778,29411,UNANIMIDADE,26053,641,2026,REQ,REQUERIMENTO,"SOLICITA PAVIMENTAÇÃO ASFÁLTICA NA RUA JOAQUIM FERREIRA VIEIRA, A PARTIR DA RUA CAETANO MUNHOZ DA ROCHA ATÉ A PONTE, GUABIROBA.","Ruas, trânsito e transporte","IA, por regras temáticas documentadas",não,https://sapl.campolargo.pr.leg.br/materia/26053
778,29412,UNANIMIDADE,26054,642,2026,REQ,REQUERIMENTO,"SOLICITA IMPLEMENTAÇÃO DE REDUTORES DE VELOCIDADE, PLACAS E SINALIZAÇÃO DE TRÂNSITO EM TODA EXTENSÃO DA RUA JOAQUIM FERREIRA VIEIRA, GUABIROBA.","Ruas, trânsito e transporte","IA, por regras temáticas documentadas",não,https://sapl.campolargo.pr.leg.br/materia/26054
778,29413,UNANIMIDADE,26055,643,2026,REQ,REQUERIMENTO,"SOLICITA MANILHAMENTO COM CONSTRUÇÃO DE CAIXA DE DRENAGEM EM TODA EXTENSÃO DA RUA JOAQUIM FERREIRA VIEIRA, GUABIROBA.",Iluminação e serviços urbanos,"IA, por regras temáticas documentadas",não,https://sapl.campolargo.pr.leg.br/materia/26055
778,29414,UNANIMIDADE,26056,644,2026,REQ,REQUERIMENTO,"SOLICITA INSTALAÇÃO DE MEIO-FIO EM TODA EXTENSÃO DA RUA JOAQUIM FERREIRA VIEIRA, GUABIROBA.","Ruas, trânsito e transporte","IA, por regras temáticas documentadas",não,https://sapl.campolargo.pr.leg.br/materia/26056
778,29415,UNANIMIDADE,26083,672,2026,REQ,REQUERIMENTO,SOLICITA ADESÃO DO MUNICIPIO DE CAMPO LARGO AO PROJETO SANDBOX REGULARÓRIO DA ANATEL.,Outros,"IA, por regras temáticas documentadas",não,https://sapl.campolargo.pr.leg.br/materia/26083
778,29416,UNANIMIDADE,26084,673,2026,REQ,REQUERIMENTO,"SOLICITA MANILHAMENTO NA RUA EDUARDO COSMO, ENTRE AS RUAS 21 DE ABRIL E ANTONIO BARAUSSE, VILA OTTO.",Iluminação e serviços urbanos,"IA, por regras temáticas documentadas",não,https://sapl.campolargo.pr.leg.br/materia/26084
778,29417,UNANIMIDADE,26085,674,2026,REQ,REQUERIMENTO,"SOLICITA SUBSTITUIÇÃO DE LÂMPADAS COMUNS POR LÂMPADAS DE LED NA RUA BENJAMIN GEDIÃO FERREIRA, JARDIM BELA VISTA.",Iluminação e serviços urbanos,"IA, por regras temáticas documentadas",não,https://sapl.campolargo.pr.leg.br/materia/26085
778,29418,UNANIMIDADE,26086,675,2026,REQ,REQUERIMENTO,"SOLICITA SUBSTITUIÇÃO DE LÂMPADAS COMUNS POR LÂMPADAS DE LED NA RUA PEDRO CARLOS ANSOLIM, JARDIM BELA VISTA.",Iluminação e serviços urbanos,"IA, por regras temáticas documentadas",não,https://sapl.campolargo.pr.leg.br/materia/26086
778,29419,UNANIMIDADE,26087,676,2026,REQ,REQUERIMENTO,"SOLICITA SUBSTITUIÇÃO DE LÂMPADAS COMUNS POR LÂMPADAS DE LED NA AVENIDA DIRÇO RIBAS, JARDIM ESMERALDA.",Iluminação e serviços urbanos,"IA, por regras temáticas documentadas",não,https://sapl.campolargo.pr.leg.br/materia/26087
778,29420,UNANIMIDADE,26068,656,2026,REQ,REQUERIMENTO,SOLICITA CONTRATAÇÃO DE RECEPCIONISTA PARA A UNIDADE DE SAÚDE DA FAMILIA BOM JESUS.,Saúde,"IA, por regras temáticas documentadas",não,https://sapl.campolargo.pr.leg.br/materia/26068
778,29421,UNANIMIDADE,26069,657,2026,REQ,REQUERIMENTO,SOLICITA CONTRATAÇÃO DE MÉDICO PARA A UNIDADE DE SAÚDE DA FAMILIA BOM JESUS.,Saúde,"IA, por regras temáticas documentadas",não,https://sapl.campolargo.pr.leg.br/materia/26069
778,29422,UNANIMIDADE,26070,658,2026,REQ,REQUERIMENTO,SOLICITA INSTALAÇÃO DE EQUIPAMENTO DE CLIMATIZAÇÃO NA UNIDADE DE SAÚDE DO ITABOA.,Saúde,"IA, por regras temáticas documentadas",não,https://sapl.campolargo.pr.leg.br/materia/26070
778,29423,UNANIMIDADE,26071,659,2026,REQ,REQUERIMENTO,SOLICITA CONTRATAÇÃO DE DOIS AGENTES COMUNITÁRIOS PARA A UNIDADE DE SAÚDE DA FAMILIA BOM JESUS.,Saúde,"IA, por regras temáticas documentadas",não,https://sapl.campolargo.pr.leg.br/materia/26071
778,29424,UNANIMIDADE,26072,660,2026,REQ,REQUERIMENTO,SOLICITA INSTALAÇÃO DE CÂMERA DE SEGURANÇA NA UNIDADE DE SAÚDE DO ITABOA.,Saúde,"IA, por regras temáticas documentadas",não,https://sapl.campolargo.pr.leg.br/materia/26072
778,29425,UNANIMIDADE,26058,646,2026,REQ,REQUERIMENTO,"SOLICITA MANILHAMENTO COM CONSTRUÇÃO DE CAIXA DE DRENAGEM EM TODA EXTENSÃO DA RUA RAUL BUENO DA ROCHA, LOCALIZADA NO BAIRRO POPULAR VELHA.",Iluminação e serviços urbanos,"IA, por regras temáticas documentadas",não,https://sapl.campolargo.pr.leg.br/materia/26058
778,29426,UNANIMIDADE,26059,647,2026,REQ,REQUERIMENTO,"SOLICITA MANILHAMENTO COM CONSTRUÇÃO DE CAIXA DE DRENAGEM EM TODA EXTENSÃO DA TRAVESSA ISRAEL DE FRANÇA, LOCALIZADA NO BAIRRO POPULAR VELHA.",Iluminação e serviços urbanos,"IA, por regras temáticas documentadas",não,https://sapl.campolargo.pr.leg.br/materia/26059
778,29427,UNANIMIDADE,26060,648,2026,REQ,REQUERIMENTO,"SOLICITA MANILHAMENTO COM CONSTRUÇÃO DE CAIXA DE DRENAGEM EM TODA EXTENSÃO DA TRAVESSA DOIS, LOCALIZADA NO BAIRRO POPULAR VELHA.",Iluminação e serviços urbanos,"IA, por regras temáticas documentadas",não,https://sapl.campolargo.pr.leg.br/materia/26060
778,29428,UNANIMIDADE,26061,649,2026,REQ,REQUERIMENTO,"SOLICITA MANILHAMENTO COM CONSTRUÇÃO DE CAIXA DE DRENAGEM EM TODA EXTENSÃO DA TRAVESSA ALCIDES PACHECO, LOCALIZADA NO BAIRRO POPULAR VELHA.",Iluminação e serviços urbanos,"IA, por regras temáticas documentadas",não,https://sapl.campolargo.pr.leg.br/materia/26061
778,29429,UNANIMIDADE,26062,650,2026,REQ,REQUERIMENTO,"SOLICITA MANILHAMENTO COM CONSTRUÇÃO DE CAIXA DE DRENAGEM EM TODA EXTENSÃO DA TRAVESSA JOÃO MARIA FERREIRA VIEIRA, LOCALIZADA NO BAIRRO POPULAR VELHA.",Iluminação e serviços urbanos,"IA, por regras temáticas documentadas",não,https://sapl.campolargo.pr.leg.br/materia/26062
778,29430,UNANIMIDADE,26075,662,2026,REQ,REQUERIMENTO,"SOLICITA TAPA BURACO NA RUA JOSÉ MIOTTO, VILA BANCÁRIA.","Ruas, trânsito e transporte","IA, por regras temáticas documentadas",não,https://sapl.campolargo.pr.leg.br/materia/26075
778,29431,UNANIMIDADE,26076,663,2026,REQ,REQUERIMENTO,"SOLICITA ROÇADA EM TODA EXTENSÃO DA RUA PAULO BIANCO, JARDIM FLORESTAL.",Iluminação e serviços urbanos,"IA, por regras temáticas documentadas",não,https://sapl.campolargo.pr.leg.br/materia/26076
778,29432,UNANIMIDADE,26082,671,2026,REQ,REQUERIMENTO,"SOLICITA LIMPEZA COMPLETA DO CÓRREGO NO LOTEAMENTO SANTA ANA, ABINA GRIGOLETI, BAIRRO BOM JESUS.",Meio ambiente e animais,"IA, por regras temáticas documentadas",não,https://sapl.campolargo.pr.leg.br/materia/26082
778,29433,UNANIMIDADE,26088,677,2026,REQ,REQUERIMENTO,"SOLICITA PATROLAMENTO E ENSAIBRAMENTO NA ESTRADA DO VALÉRIO, INTERIOR DO MUNICIPIO.","Ruas, trânsito e transporte","IA, por regras temáticas documentadas",não,https://sapl.campolargo.pr.leg.br/materia/26088
778,29434,UNANIMIDADE,26089,678,2026,REQ,REQUERIMENTO,"SOLICITA ROÇADA EM TODA A EXTENSÃOO NA ESTRADA DO VALÉRIO, INTERIOR DO MUNICIPIO.",Iluminação e serviços urbanos,"IA, por regras temáticas documentadas",não,https://sapl.campolargo.pr.leg.br/materia/26089
778,29435,UNANIMIDADE,26065,653,2026,REQ,REQUERIMENTO,"SOLICITA PINTURA DE FAIXA AMARELA NOS DOIS SENTIDOS DA RUA DO CURIÓ, EM FRENTE À ESCOLA MUNICIPAL DONA FINA, FERRARIA.",Educação,"IA, por regras temáticas documentadas",não,https://sapl.campolargo.pr.leg.br/materia/26065
778,29436,UNANIMIDADE,26066,654,2026,REQ,REQUERIMENTO,"SOLICITA ROÇADA DA VEGETAÇÃO QUE ESTÁ INVADINDO A RUA WADISLAO GURSKI, PRÓXIMO AO NUMERAL 125, VILA GILCY, FERRARIA.",Iluminação e serviços urbanos,"IA, por regras temáticas documentadas",não,https://sapl.campolargo.pr.leg.br/materia/26066
778,29437,UNANIMIDADE,26067,655,2026,REQ,REQUERIMENTO,"SOLICITA PATROLAMENTO E ENSAIBRAMENTO NA EXTENSÃO DA RUA ALBERTO DYBAS, LOCALIZADA NA COLÔNIA REBOUÇAS, FERRARIA","Ruas, trânsito e transporte","IA, por regras temáticas documentadas",não,https://sapl.campolargo.pr.leg.br/materia/26067
778,29438,UNANIMIDADE,26090,679,2026,REQ,REQUERIMENTO,"SOLICITA INSTALAÇÃO DE REDUTORES DE VELOCIDADE (TACHÕES/TARTARUGAS) NOS CRUZAMENTOS DA AVENIDA ARAPONGAS COM A RUA PAVÃO, LOCALIZADA NA VILA GILCY, FERRARIA.","Ruas, trânsito e transporte","IA, por regras temáticas documentadas",não,https://sapl.campolargo.pr.leg.br/materia/26090
778,29439,UNANIMIDADE,26091,680,2026,REQ,REQUERIMENTO,"SOLICITA INSTALAÇÃO DE REDUTORES DE VELOCIDADE (TACHÕES/TARTARUGAS) NOS CRUZAMENTOS DA AVENIDA ARAPONGAS COM A RUA PAPAGAIOS, LOCALIZADA NA VILA GILCY, FERRARIA.","Ruas, trânsito e transporte","IA, por regras temáticas documentadas",não,https://sapl.campolargo.pr.leg.br/materia/26091
778,29449,UNANIMIDADE,26102,624,2026,REQ,REQUERIMENTO,"SOLICITA DESOBSTRUÇÃO DE BOCA DE LOBO NA EXTENSÃO DA RUA, NO BAIRRO FRANCISCO GORSKI, NESTE MUNICIPIO.",Iluminação e serviços urbanos,"IA, por regras temáticas documentadas",não,https://sapl.campolargo.pr.leg.br/materia/26102
778,29440,UNANIMIDADE,26041,625,2026,REQ,REQUERIMENTO,"SOLICITA IMPLANTAÇÃO DE REDUTORES DE VELOCIDADE (TARTARUGA/TACHÕES) NA RUA CENTENÁRIO, 1.541, CENTRO DE CAMPO LARGO.","Ruas, trânsito e transporte","IA, por regras temáticas documentadas",não,https://sapl.campolargo.pr.leg.br/materia/26041
778,29441,UNANIMIDADE,26043,630,2026,REQ,REQUERIMENTO,"SOLICITA DESOBSTRUÇÃO DE BOCA DE LOBO EXISTENTE E IMPLANTAÇÃO DE NOVOS BUEIROS NA RUA OTALIPIO PEREIRA DE ANDRADE, ESQUINA COM A RUA QUATRO (OLAVO BILAC), BAIRRO JARDIM BUSMAYER, NESTE MUNICIPIO.",Iluminação e serviços urbanos,"IA, por regras temáticas documentadas",não,https://sapl.campolargo.pr.leg.br/materia/26043
778,29442,UNANIMIDADE,26044,631,2026,REQ,REQUERIMENTO,"SOLICITA TERMINO DA PAVIMENTAÇÃO ASFÁLTICA NA RUA OTALIPIO PEREIRA DE ANDRADE, ESQUINA COM A RUA QUATRO (OLAVO BILAC), BAIRRO JARDIM BUSMAYER, NESTE MUNICIPIO.","Ruas, trânsito e transporte","IA, por regras temáticas documentadas",não,https://sapl.campolargo.pr.leg.br/materia/26044
778,29444,UNANIMIDADE,26045,633,2026,REQ,REQUERIMENTO,SOLICITA INFORMAÇÕES SOBRE O TERMO DE PARCERIA PARA REGULARIZAÇÃO FUNDIARIA JUNTO AO TRIBUNAL DE JUSTIÇA.,"Desenvolvimento, moradia e agricultura","IA, por regras temáticas documentadas",não,https://sapl.campolargo.pr.leg.br/materia/26045
778,29445,UNANIMIDADE,26046,634,2026,REQ,REQUERIMENTO,SOLICITA REGULARIZAÇÃO FUNDIARIA NO BAIRRO JARDIM ITAQUI DESTE MUNICIPIO.,"Desenvolvimento, moradia e agricultura","IA, por regras temáticas documentadas",não,https://sapl.campolargo.pr.leg.br/materia/26046
778,29446,UNANIMIDADE,26047,635,2026,REQ,REQUERIMENTO,"SOLICITA ENSAIBRAMENTO E PATROLAMENTO NA REGIÃO DA ARVORE ALTA, NA VIA DE ACESSO DA REGIÃ DA TAQUARINHA.","Ruas, trânsito e transporte","IA, por regras temáticas documentadas",não,https://sapl.campolargo.pr.leg.br/materia/26047
778,29447,UNANIMIDADE,26048,636,2026,REQ,REQUERIMENTO,"SOLICITA ENSAIBRAMENTO E PATROLAMENTO NA ESTRADA CONHECIDA COMO “ESTRADA DO DÁRIO DRANKA”, PRÓXIMO À IGREJA DO DIVINO, REGIÃO DA GEADA, INTERIOR DESTE MUNICIPIO.","Ruas, trânsito e transporte","IA, por regras temáticas documentadas",não,https://sapl.campolargo.pr.leg.br/materia/26048
778,29448,UNANIMIDADE,26049,637,2026,REQ,REQUERIMENTO,"SOLICITA DESTINAÇÃO DE EQUIPAMENTOS DO TIPO CHROMEBOOK PARA USO EDUCACIONAL NA ESCOLA MUNICIPAL PREFESSORA ROSÁLIA ANDRADE REMONATO, DESTE MUNICIPIO.",Educação,"IA, por regras temáticas documentadas",não,https://sapl.campolargo.pr.leg.br/materia/26049
779,29530,REJEITADO,26159,753,2026,REQ,REQUERIMENTO,SOLICITA USO DA TRIBUNA LIVRE/ ESPAÇO DE FALA PARA DENÚNCIA DE IRREGULARIDADES NA ADMINISTRAÇÃO PUBLICA E GUARDA MUNICIPAL.,Segurança pública,"IA, por regras temáticas documentadas",não,https://sapl.campolargo.pr.leg.br/materia/26159
779,29453,UNANIMIDADE,25668,15,2026,PLE,PROJETO DE LEI DO EXECUTIVO,"ALTERA DISPOSITIVOS  DA LEI MUNICIPAL N° 3.841, DE 23 DE ABRIL DE 2025, QUE CRIA, DENOMINA E REGULAMENTA O USO DE CENTRO DE EVENTOS DE CAMPO LARGO, CONFORME ESPECIFICA. ***COM SUBSTITUTIVO GERAL***","Homenagens, nomes e datas","IA, por regras temáticas documentadas",não,https://sapl.campolargo.pr.leg.br/materia/25668
779,29454,UNANIMIDADE,25769,17,2026,PLE,PROJETO DE LEI DO EXECUTIVO,"ALTERA DISPOSITIVOS DA LEI MUNICIPAL Nº 2353, DE 22 DE DEZEMBRO DE 2011, QUE INSTITUIU O NOVO PLANO DE CARGOS E VENCIMENTOS DOS SERVIDORES PÚBLICOS DO MUNICÍPIO DE CAMPO LARGO, CONFORME ESPECIFICA. (***COM EMENDA MODIFICATIVA***)",Administração e finanças,"IA, por regras temáticas documentadas",não,https://sapl.campolargo.pr.leg.br/materia/25769
779,29450,UNANIMIDADE,25498,5,2026,PLE,PROJETO DE LEI DO EXECUTIVO,"INSTITUI O PROGRAMA DE RECOMPOSIÇÃO DAS APRENDIZAGENS PARA AS ESCOLAS DA REDE MUNICIPAL DE ENSINO DE CAMPO LARGO E ESTABELECE DIRETRIZES, OBJETIVOS, METAS E DÁ OUTRAS PROVIDÊNCIAS.",Educação,"IA, por regras temáticas documentadas",não,https://sapl.campolargo.pr.leg.br/materia/25498
779,29451,UNANIMIDADE,25653,12,2026,PLE,PROJETO DE LEI DO EXECUTIVO,"DISPÕE SOBRE A CONCESSÃO DE HOMENAGENS, A TÍTULO DE RECONHECIMENTO, NO ÂMBITO DA GUARDA MUNICIPAL DE CAMPO LARGO.","Homenagens, nomes e datas","IA, por regras temáticas documentadas",não,https://sapl.campolargo.pr.leg.br/materia/25653
779,29452,UNANIMIDADE,25649,12,2026,PLL,PROJETO DE LEI DO LEGISLATIVO,"INCLUI NO CALENDÁRIO OFICIAL DE EVENTOS DO MUNICÍPIO DE CAMPO LARGO A ""CAMINHADA DE CONSCIENTIZAÇÃO DO AUTISMO"", A SER REALIZADA ANUALMENTE NO MÊS DE ABRIL.
***COM SUBSTITUTIVO GERAL***","Homenagens, nomes e datas","IA, por regras temáticas documentadas",não,https://sapl.campolargo.pr.leg.br/materia/25649
779,29455,UNANIMIDADE,25924,20,2026,PLE,PROJETO DE LEI DO EXECUTIVO,"ALTERA DENOMINAÇÃO DE CARGO PÚBLICO DE QUE TRATA A LEI MUNICIPAL Nº 2.353, DE22 DE DEZEMBRO DE 2011 E OS REQUISITOS PARA INGRESSO NO RESPECTIVO CARGO, PREVISTOS NA LEI MUNICIPAL 3.216, DE 22 DE MAIO DE 2020 E DÁ OUTRAS PROVIDÊNCIAS.","Homenagens, nomes e datas","IA, por regras temáticas documentadas",não,https://sapl.campolargo.pr.leg.br/materia/25924
779,29456,UNANIMIDADE,25925,21,2026,PLE,PROJETO DE LEI DO EXECUTIVO,"INSTITUI A CAMPANHA MUNICIPAL PERMANENTE DE CONSCIENTIZAÇÃO SOBRE O USO CORRETO DAS VAGAS DE ESTACIONAMENTO DESTINADAS ÀS PESSOAS COM DEFICIÊNCIA, E DÁ OUTRAS PROVIDÊNCIAS.",Assistência social e direitos,"IA, por regras temáticas documentadas",não,https://sapl.campolargo.pr.leg.br/materia/25925
779,29458,UNANIMIDADE,25515,2,2026,PLL,PROJETO DE LEI DO LEGISLATIVO,DÁ DENOMINAÇÃO DE RUA COMO ÍNDIA GUARACI MAYER Á VIA PÚBLICA LOCALIZADA NO MUNICÍPIO DE CAMPO LARGO E DÁ OUTRAS PROVIDÊNCIAS.,"Homenagens, nomes e datas","IA, por regras temáticas documentadas",não,https://sapl.campolargo.pr.leg.br/materia/25515
779,29465,UNANIMIDADE,26176,9,2026,VRC,VOTAÇÃO REQUERIMENTOS EM CONJUNTO,VOTAÇÃO ENGLOBADA DE TODOS REQUERIMENTOS.,Outros,"IA, por regras temáticas documentadas",não,https://sapl.campolargo.pr.leg.br/materia/26176
779,29471,UNANIMIDADE,26155,749,2026,REQ,REQUERIMENTO,"SOLICITA FISCALIZAÇÃO E AMPLIAÇÃO VAGAS DE ESTACIONAMENTO PARA MOTOS NA RUA ENGENHEIRO TOURINHO, NA VILA SOLENE EM CAMPO LARGO.","Ruas, trânsito e transporte","IA, por regras temáticas documentadas",não,https://sapl.campolargo.pr.leg.br/materia/26155
779,29472,UNANIMIDADE,26156,750,2026,REQ,REQUERIMENTO,"SOLICITA A IMPLANTAÇÃO DE PONTO DE PARADA DE TRANSPORTE COLETIVO EM FRENTE AO IMÓVEL N° 260, NA RODOVIA DO CAFÉ GOVERNADOR NEY BRAGA.","Ruas, trânsito e transporte","IA, por regras temáticas documentadas",não,https://sapl.campolargo.pr.leg.br/materia/26156
779,29473,UNANIMIDADE,26157,751,2026,REQ,REQUERIMENTO,SOLICITA COLOCAÇÃO DE ENFEITES DE NATAL NA AVENIDA PORCELANA DURANTE O PERIODO NATALINO.,"Ruas, trânsito e transporte","IA, por regras temáticas documentadas",não,https://sapl.campolargo.pr.leg.br/materia/26157
779,29474,UNANIMIDADE,26158,752,2026,REQ,REQUERIMENTO,SOLICITA ESTUDO DE VIABILIDADE QUANTO A ABERTURA DE RUA INTERLIGADO A RUA ANTONIO BIZETTO E RUA MARIA BERJOTA RIVABEM NO BAIRRO FERRARI.,"Ruas, trânsito e transporte","IA, por regras temáticas documentadas",não,https://sapl.campolargo.pr.leg.br/materia/26158
779,29475,UNANIMIDADE,26130,722,2026,REQ,REQUERIMENTO,"SOLICITA CONSTRUÇÃO DE CALÇADAS NO LADO DIREITO DA RUA DAS ARAUCÁRIAS, JARDIM DAS ACÁCIAS.","Ruas, trânsito e transporte","IA, por regras temáticas documentadas",não,https://sapl.campolargo.pr.leg.br/materia/26130
779,29476,UNANIMIDADE,26131,723,2026,REQ,REQUERIMENTO,SOLICITA IMPLANTAÇÃO DE SINALIZAÇÃO ADEQUADA NA PONTE LOCALIZADA NA RIBEIRA DE SÃO PEDRO.,"Ruas, trânsito e transporte","IA, por regras temáticas documentadas",não,https://sapl.campolargo.pr.leg.br/materia/26131
779,29477,UNANIMIDADE,26132,724,2026,REQ,REQUERIMENTO,"SOLICITA PATROLAMENTO E ENSAIBRAMENTO NA ESTRADA HERVAL DOS CASTROS, LOCALIZADA NO DISTRITO DE SÃO SILVESTRE.","Ruas, trânsito e transporte","IA, por regras temáticas documentadas",não,https://sapl.campolargo.pr.leg.br/materia/26132
779,29478,UNANIMIDADE,26133,725,2026,REQ,REQUERIMENTO,SOLICITA IMPLANTAÇÃO DE UM ESPAÇO PÚBLICO VOLTADO AOS MORADORES NO ESPAÇO LOCALIZADO ENTRE AS RUAS SANTA CRUZ E TERESA DA SILVA.,"Ruas, trânsito e transporte","IA, por regras temáticas documentadas",não,https://sapl.campolargo.pr.leg.br/materia/26133
779,29479,UNANIMIDADE,26145,739,2026,REQ,REQUERIMENTO,"SOLICITA MODERNIZAÇÃO DO SISTEMA DE ILUMINAÇÃO COM INSTALAÇÃO DE LÂMPADAS DE LED EM TODA EXTENSÃO DA RUA GUARANI, BAIRRO FERRARIA.",Iluminação e serviços urbanos,"IA, por regras temáticas documentadas",não,https://sapl.campolargo.pr.leg.br/materia/26145
779,29480,UNANIMIDADE,26146,740,2026,REQ,REQUERIMENTO,"SOLICITA IMPLANTAÇÃO DE UM PONTO DE ÔNIBUS NA REGIÃO ENTRE A ESQUINA DA RUA SÃO SILVESTRE COM A RUA CARLOS PINTO DE LIMA, BAIRRO SÃO LUIZ.","Ruas, trânsito e transporte","IA, por regras temáticas documentadas",não,https://sapl.campolargo.pr.leg.br/materia/26146
779,29481,UNANIMIDADE,26147,741,2026,REQ,REQUERIMENTO,"SOLICITA IMPLANTAÇÃO DE REDUTOR DE VELOCIDADE (LOMBADA/TACHÃO REFLETIVO) NA RUA VISCONDE DO RIO BRANCO, PRÓXIMO AO N° 760, BAIRRO OURO VERDE.","Ruas, trânsito e transporte","IA, por regras temáticas documentadas",não,https://sapl.campolargo.pr.leg.br/materia/26147
779,29482,UNANIMIDADE,26148,742,2026,REQ,REQUERIMENTO,"SOLICITA MANILHAMENTO COM CONSTRUÇÃO DE CAIXA DE DRENAGEM EM TODA EXTENSÃO DA RUA: CATARINA FISZT, BAIRRO ÁGUAS CLARAS.",Iluminação e serviços urbanos,"IA, por regras temáticas documentadas",não,https://sapl.campolargo.pr.leg.br/materia/26148
779,29483,UNANIMIDADE,26149,743,2026,REQ,REQUERIMENTO,SOLICITA INCLUSÃO DO CONDOMINIO FIGUEIREDO NA ROTA REGULAR DE COLETA DE LIXO NA REGIÃO DA COLONIA FIGUEIREDO.,Iluminação e serviços urbanos,"IA, por regras temáticas documentadas",não,https://sapl.campolargo.pr.leg.br/materia/26149
779,29484,UNANIMIDADE,26134,727,2026,REQ,REQUERIMENTO,SOLICITA SERVIÇO DE RECOLOCAÇÃO DE AREIA NO PARQUINHO LOCALIZADO NO PARQUE DA LAGOA.,"Cultura, esporte e lazer","IA, por regras temáticas documentadas",não,https://sapl.campolargo.pr.leg.br/materia/26134
779,29485,UNANIMIDADE,26117,704,2026,REQ,REQUERIMENTO,SOLICITA INSTALAÇÃO DE CÂMERAS DE SEGURANÇA NO CEMEI COLÉGIO RODOLFE A.M. GOHRINGER.,Educação,"IA, por regras temáticas documentadas",não,https://sapl.campolargo.pr.leg.br/materia/26117
779,29486,UNANIMIDADE,26118,705,2026,REQ,REQUERIMENTO,"SOLICITA AÇÃO TAPA-BURACOS NA RUA DAS BANDEIRAS, NO JARDIM YARA.","Ruas, trânsito e transporte","IA, por regras temáticas documentadas",não,https://sapl.campolargo.pr.leg.br/materia/26118
779,29487,UNANIMIDADE,26119,706,2026,REQ,REQUERIMENTO,"SOLICITA AÇÃO TAPA-BURACOS NA RUA SERAFIM AMUR FERREIRA DO AMARAL, NO JARDIM SOCIAL.","Ruas, trânsito e transporte","IA, por regras temáticas documentadas",não,https://sapl.campolargo.pr.leg.br/materia/26119
779,29489,UNANIMIDADE,26112,699,2026,REQ,REQUERIMENTO,SOLICITA INFORMAÇÕES E PROVIDÊNCIAS SOBRE O ATENDIMENTO DE NEUROLOGISTA INFANTIL (NEUROPEDIATRA) NA REDE PÚBLICA MUNICIPAL.,Saúde,"IA, por regras temáticas documentadas",não,https://sapl.campolargo.pr.leg.br/materia/26112
779,29490,UNANIMIDADE,26113,700,2026,REQ,REQUERIMENTO,"SOLICITA AO PODER EXECUTIVO MUNICIPAL ESTUDO DE VIABILIDADE PARA ALTERAÇÃO NA LÓGICA DE COBRANÇA DO ESTACIONAMENTO REGULAMENTADO (ESTAR), INSTITUINDO CARÊNCIA DE 30 MINS APÓS O REGISTRO INICIAL DO VEICULO FISCALIZADOR.",Iluminação e serviços urbanos,"IA, por regras temáticas documentadas",não,https://sapl.campolargo.pr.leg.br/materia/26113
779,29491,UNANIMIDADE,26114,701,2026,REQ,REQUERIMENTO,"SOLICITA AO PODER EXECUTIVO MUNICIPAL A REGULARIZAÇÃO DA PINTURA DE MEIO-FIO NA RUA OSVALDO CRUZ, DEFRONTE AO NÚMERO 1.408.","Ruas, trânsito e transporte","IA, por regras temáticas documentadas",não,https://sapl.campolargo.pr.leg.br/materia/26114
779,29492,UNANIMIDADE,26115,702,2026,REQ,REQUERIMENTO,"IMPLANTAÇÃO DE TRAVESSIA DE PEDESTRES NA RUA OSVALDO CRUZ, EM FRENTE AO COLÉGIO PRESIDENTE KENNEDY.",Educação,"IA, por regras temáticas documentadas",não,https://sapl.campolargo.pr.leg.br/materia/26115
779,29493,UNANIMIDADE,26116,703,2026,REQ,REQUERIMENTO,"SOLICITA IMPLANTAÇÃO DE TRAVESSIA ELEVADA PARA PEDESTRES (LOMBADA ELEVADA) NA RUA SANTOS DUMONT, DEFRONTE AO COLEGIO ESTADUAL PRESIDENTE KENNEDY.","Ruas, trânsito e transporte","IA, por regras temáticas documentadas",não,https://sapl.campolargo.pr.leg.br/materia/26116
779,29494,UNANIMIDADE,26124,715,2026,REQ,REQUERIMENTO,"SOLICITA ESTUDO PARA IMPLANTAÇÃO DE SENTIDO ÚNICO DE TRÂNSITO NA RUA GONÇALVES DIAS, NO TRECHO COMPREENDIDO ENTRE A RUA DOM PEDRO II E A RUA FRANCISCO XAVIER DE ALMEIRA GARRET, NO BAIRRO APARECIDA.","Ruas, trânsito e transporte","IA, por regras temáticas documentadas",não,https://sapl.campolargo.pr.leg.br/materia/26124
779,29495,UNANIMIDADE,26125,716,2026,REQ,REQUERIMENTO,"SOLICITA ESTUDO PARA IMPLANTAÇÃO DE SENTIDO ÚNICO DE TRÂNSITO NA RUA DOMINGOS CORDEIRO, NO TRECHO COMPREENDIDO ENTRE A RUA FRANCISCO XAVIER DE ALMEIRA GARRET E O CRUZAMENTO COM A RUA DOM PEDRO II, NO BAIRRO APARECIDA.","Ruas, trânsito e transporte","IA, por regras temáticas documentadas",não,https://sapl.campolargo.pr.leg.br/materia/26125
779,29496,UNANIMIDADE,26126,717,2026,REQ,REQUERIMENTO,"SOLICITA ALARGAMENTO DA RUA DOMINGOS CORDEIRO, NO TRECHO ENTRE A RUA JOÃO PESSOA E A RUA JOÃO BATISTA CAMPAGNARO, NO BAIRRO APARECIDA.","Ruas, trânsito e transporte","IA, por regras temáticas documentadas",não,https://sapl.campolargo.pr.leg.br/materia/26126
779,29497,UNANIMIDADE,26139,733,2026,REQ,REQUERIMENTO,"SOLICITA EXTENSÃO DA REDE DE ÁGUANA REGIÃO DAS PROXIMIDADES DA CAPELA SÃO JOSÉ, ESTRADA DO FELPUDO KM 5.","Ruas, trânsito e transporte","IA, por regras temáticas documentadas",não,https://sapl.campolargo.pr.leg.br/materia/26139
779,29498,UNANIMIDADE,26140,734,2026,REQ,REQUERIMENTO,"SOLICITA CONSTRUÇÃO DE QUADRA DE TÊNIS NO ESPAÇO ARI MORO (ANTIGO CAMPO DO 21), LOCALIZADO NA RUA AMAZONAS, JARDIM ITAQUI.","Cultura, esporte e lazer","IA, por regras temáticas documentadas",não,https://sapl.campolargo.pr.leg.br/materia/26140
779,29499,UNANIMIDADE,26143,737,2026,REQ,REQUERIMENTO,SOLICITA REVISÃO DOS LIMITES DE VELOCIDADE DOS RADARES.,"Ruas, trânsito e transporte","IA, por regras temáticas documentadas",não,https://sapl.campolargo.pr.leg.br/materia/26143
779,29500,UNANIMIDADE,26170,765,2026,REQ,REQUERIMENTO,SOLICITA INSTALAÇÃO DE APARELHOS DE AR CONDICIONADO NA UBS DANTE PORTUGAL CASTAGNOLLI.,Saúde,"IA, por regras temáticas documentadas",não,https://sapl.campolargo.pr.leg.br/materia/26170
779,29501,UNANIMIDADE,26171,766,2026,REQ,REQUERIMENTO,SOLICITA INSTALAÇÃO DE APARELHOS DE AR CONDICIONADO NA UBS CERCADINHO.,Saúde,"IA, por regras temáticas documentadas",não,https://sapl.campolargo.pr.leg.br/materia/26171
779,29502,UNANIMIDADE,26172,767,2026,REQ,REQUERIMENTO,SOLICITA INSTALAÇÃO DE APARELHOS DE AR CONDICIONADO NA UBS SEREIA.,Saúde,"IA, por regras temáticas documentadas",não,https://sapl.campolargo.pr.leg.br/materia/26172
779,29503,UNANIMIDADE,26173,768,2026,REQ,REQUERIMENTO,"SOLICITA IMPLANTAÇÃO DE FAIXAS DE RETENÇÃO E RECUO EXCLUSIVO PARA BICICLETAS E MOTOCICLETAS NA VIA PUBLICAS DE GRANDE FLUXO, EQUIPADAS COM SEMÁFOROS.","Ruas, trânsito e transporte","IA, por regras temáticas documentadas",não,https://sapl.campolargo.pr.leg.br/materia/26173
779,29504,UNANIMIDADE,26165,760,2026,REQ,REQUERIMENTO,SOLICITA TROCA DE MOBILIÁRIOM DA SALA DE VACINAS NA UNIDADE DE SAÚDE DO ITABOA.,Saúde,"IA, por regras temáticas documentadas",não,https://sapl.campolargo.pr.leg.br/materia/26165
779,29505,UNANIMIDADE,26166,761,2026,REQ,REQUERIMENTO,SOLICITA REALIZAÇÃO DE FEIRA DE ADOÇÃO DE ANIMAIS NO ESPAÇO DEDICADO À FESTA DO TRABALHADOR.,Meio ambiente e animais,"IA, por regras temáticas documentadas",não,https://sapl.campolargo.pr.leg.br/materia/26166
779,29506,UNANIMIDADE,26167,762,2026,REQ,REQUERIMENTO,SOLICITA CONTRAPARTIDA DOS COMERCIANTES DA FEIRA DO AGRICULTOR EM RAÇÃO.,Outros,"IA, por regras temáticas documentadas",não,https://sapl.campolargo.pr.leg.br/materia/26167
779,29507,UNANIMIDADE,26168,763,2026,REQ,REQUERIMENTO,SOLICITA CONSERTO E AMPLIAÇÃO DO SISTEMA DE VIGILÂNCIA DA E.M. O ATENEU.,Outros,"IA, por regras temáticas documentadas",não,https://sapl.campolargo.pr.leg.br/materia/26168
779,29508,UNANIMIDADE,26169,764,2026,REQ,REQUERIMENTO,SOLICITA MANUTENÇÃO E PINTURA NA PARTE EXTERNA DA E.M. O ATENEU.,Outros,"IA, por regras temáticas documentadas",não,https://sapl.campolargo.pr.leg.br/materia/26169
779,29509,UNANIMIDADE,26127,718,2026,REQ,REQUERIMENTO,"SOLICITA TRAVESSIA COM GALERIA DE ÁGUAS PLUVIAIS NA RUA DEZENOVE DE NOVEMBRO, EM FRENTE AO IMÓVEL N° 59, LOCALIZADO NO BAIRRO JARDIM ALVORADA.","Ruas, trânsito e transporte","IA, por regras temáticas documentadas",não,https://sapl.campolargo.pr.leg.br/materia/26127
779,29510,UNANIMIDADE,26161,756,2026,REQ,REQUERIMENTO,"SOLICITA SINALIZAÇÃO VIÁRIA VERTICAL E HORIZONTAL EM TODA EXTENSÃO DA RUA FRANCISCO ALVES MENDES, LOCALIZADO NO BAIRRO BOM JESUS.","Ruas, trânsito e transporte","IA, por regras temáticas documentadas",não,https://sapl.campolargo.pr.leg.br/materia/26161
779,29511,UNANIMIDADE,26162,757,2026,REQ,REQUERIMENTO,"SOLICITA SINALIZAÇÃO VIÁRIA VERTICAL E HORIZONTAL EM TODA EXTENSÃO DA RUA EMILIO KLENTZ, LOCALIZADO NO BAIRRO BOM JESUS.","Ruas, trânsito e transporte","IA, por regras temáticas documentadas",não,https://sapl.campolargo.pr.leg.br/materia/26162
779,29512,UNANIMIDADE,26163,758,2026,REQ,REQUERIMENTO,"SOLICITA SINALIZAÇÃO VIÁRIA VERTICAL E HORIZONTAL EM TODA EXTENSÃO DA RUA SANTA CRUZ, LOCALIZADO NO BAIRRO BOM JESUS.","Ruas, trânsito e transporte","IA, por regras temáticas documentadas",não,https://sapl.campolargo.pr.leg.br/materia/26163
779,29513,UNANIMIDADE,26164,759,2026,REQ,REQUERIMENTO,"SOLICITA SINALIZAÇÃO VIÁRIA VERTICAL E HORIZONTAL EM TODA EXTENSÃO DA RUA VER. ADEMIR JOSÉ DE ANDRADE WILSEK, LOCALIZADO NO BAIRRO BOM JESUS.","Ruas, trânsito e transporte","IA, por regras temáticas documentadas",não,https://sapl.campolargo.pr.leg.br/materia/26164
779,29514,UNANIMIDADE,26150,744,2026,REQ,REQUERIMENTO,"SOLICITA TROCA DE PONTO DE ÔNIBUS LOCALIZADO EM FRENTE AO VIRADOR, NO FINAL DA RUA VERDE VELHO, DISTRITO DE BATEIAS.","Ruas, trânsito e transporte","IA, por regras temáticas documentadas",não,https://sapl.campolargo.pr.leg.br/materia/26150
779,29515,UNANIMIDADE,26151,745,2026,REQ,REQUERIMENTO,"SOLICITA PATROLAMENTO E ENSAIBRAMENTO NA RUA A. L. SILVEIRA, BAIRRO VERDE VELHO, DISTRITO DE BATEIAS. CONFORME MAPA ANEXO.","Ruas, trânsito e transporte","IA, por regras temáticas documentadas",não,https://sapl.campolargo.pr.leg.br/materia/26151
779,29516,UNANIMIDADE,26152,746,2026,REQ,REQUERIMENTO,"SOLICITA PATROLAMENTO E ENSAIBRAMENTO NA ESTRADA DO DESCALVADO, INTERIOR DO MUNICIPIO.","Ruas, trânsito e transporte","IA, por regras temáticas documentadas",não,https://sapl.campolargo.pr.leg.br/materia/26152
779,29517,UNANIMIDADE,26153,747,2026,REQ,REQUERIMENTO,SOLICITA ADEQUAÇÃO DOS ÔNIBUS DE TRANSPORTE PÚBLICO MUNICIPAL PARA ACESSIBILIDADE DE PESSOAS COM DEFICIÊNCIA.,Assistência social e direitos,"IA, por regras temáticas documentadas",não,https://sapl.campolargo.pr.leg.br/materia/26153
779,29518,UNANIMIDADE,26154,748,2026,REQ,REQUERIMENTO,"SOLICITA INSTALAÇÃO DE PONTO DE ÔNIBUS NA ESTRADA DO BARREIRO, LOCALIZADO EM FRENTE À CHACARA SÃO FRANSCISCO.","Ruas, trânsito e transporte","IA, por regras temáticas documentadas",não,https://sapl.campolargo.pr.leg.br/materia/26154
779,29519,UNANIMIDADE,26110,696,2026,REQ,REQUERIMENTO,"SOLICITA IMPLANTAÇÃO DE REDUTORES DE VELOCIDADE (TACHÕES/TARTARUGAS) NA RUA VIA VENEZA, PRÓXIMO AO NUMERAL 1630, JARDIM PADRE ANCHIETA.","Ruas, trânsito e transporte","IA, por regras temáticas documentadas",não,https://sapl.campolargo.pr.leg.br/materia/26110
779,29520,UNANIMIDADE,26136,729,2026,REQ,REQUERIMENTO,"SOLICITA LIMPEZA URGENTE EM UM CORRÉGO QUE SE ENCONTRA OBSTRUIDO/BLOQUEADO EM DIVERSOS TRECHOS, NA AVENIDA ARAPONGAS, PRÓXIMO AO NUMERAL 702, VILA GILCY, FERRARIA.",Meio ambiente e animais,"IA, por regras temáticas documentadas",não,https://sapl.campolargo.pr.leg.br/materia/26136
779,29521,UNANIMIDADE,26137,730,2026,REQ,REQUERIMENTO,"SOLICITA OPERAÇÃO DE TAPA BURACO NA RUA AMBRÓSIO CRUZARA, DEFRONTE AO NUMERAL 777, VILA TORRES, FERRARIA.","Ruas, trânsito e transporte","IA, por regras temáticas documentadas",não,https://sapl.campolargo.pr.leg.br/materia/26137
779,29522,UNANIMIDADE,26138,731,2026,REQ,REQUERIMENTO,"SOLICITA MANUTENÇÃO NA PAVIMENTAÇÃO ASFÁLTICA NA RUA NABOR BRITO DO PRADO, PRÓXIM AO NUMERAL 391, VILA TORRES, FERRARIA.","Ruas, trânsito e transporte","IA, por regras temáticas documentadas",não,https://sapl.campolargo.pr.leg.br/materia/26138
779,29523,UNANIMIDADE,26144,738,2026,REQ,REQUERIMENTO,"SOLICITA INSTALAÇÃO DE UMA COBERTURA DE PONTO DE ÔNIBUS NA ESTRADA CIMENTO ITAMBÉ, CONFORME ESPECIFICADO.","Ruas, trânsito e transporte","IA, por regras temáticas documentadas",não,https://sapl.campolargo.pr.leg.br/materia/26144
779,29524,UNANIMIDADE,26135,728,2026,REQ,REQUERIMENTO,"SOLICITA INFORMAÇÕES SOBRE IRREGULARIDADES NO SISTEMA DE ESGOTO, CONFORME EXPOSTO NO PEDIDO.",Iluminação e serviços urbanos,"IA, por regras temáticas documentadas",não,https://sapl.campolargo.pr.leg.br/materia/26135
779,29525,UNANIMIDADE,26105,691,2026,REQ,REQUERIMENTO,"SOLICITA MELHORIA NA ILUMINAÇÃO PUBLICA NO COMPLEXO ESPORTIVO ARI MORO (CAMPO DO 21), NESTE MUNICIPIO.","Cultura, esporte e lazer","IA, por regras temáticas documentadas",não,https://sapl.campolargo.pr.leg.br/materia/26105
779,29526,UNANIMIDADE,26106,692,2026,REQ,REQUERIMENTO,"SOLICITA DISPONIBILIZAÇÃO DE CURSOS TECNICOS E PROFISSIONALIZANTES NA REGIÃO DO ITAMBEZINHO, NESTE MUNICIPIO.","Desenvolvimento, moradia e agricultura","IA, por regras temáticas documentadas",não,https://sapl.campolargo.pr.leg.br/materia/26106
779,29527,UNANIMIDADE,26107,693,2026,REQ,REQUERIMENTO,"SOLICITA EXTENSÃO DA REDE DE ABASTECIMENTO DE ÁGUA NA RUA JÚLIO GORSKI, LOCALIZADA NO BAIRRO FAZENDINHA, NESTE MUNICIPIO.","Ruas, trânsito e transporte","IA, por regras temáticas documentadas",não,https://sapl.campolargo.pr.leg.br/materia/26107
779,29528,UNANIMIDADE,26108,694,2026,REQ,REQUERIMENTO,SOLICITA QUE A UNIDADE BASICA DE SAÚDE (UBS) ÁGUAS CLARAS ABRA OS PORTÕES MAIS CEDO.,Saúde,"IA, por regras temáticas documentadas",não,https://sapl.campolargo.pr.leg.br/materia/26108
779,29529,UNANIMIDADE,26109,695,2026,REQ,REQUERIMENTO,"SOLICITA BEBEDOURO PUBLICO NO COMPLEXO ESPORTIVO ARI MORO (CAMPO DO 21), ITAQUI, DESTE MUNICIPIO.","Cultura, esporte e lazer","IA, por regras temáticas documentadas",não,https://sapl.campolargo.pr.leg.br/materia/26109
780,29532,UNANIMIDADE,25924,20,2026,PLE,PROJETO DE LEI DO EXECUTIVO,"ALTERA DENOMINAÇÃO DE CARGO PÚBLICO DE QUE TRATA A LEI MUNICIPAL Nº 2.353, DE22 DE DEZEMBRO DE 2011 E OS REQUISITOS PARA INGRESSO NO RESPECTIVO CARGO, PREVISTOS NA LEI MUNICIPAL 3.216, DE 22 DE MAIO DE 2020 E DÁ OUTRAS PROVIDÊNCIAS.","Homenagens, nomes e datas","IA, por regras temáticas documentadas",não,https://sapl.campolargo.pr.leg.br/materia/25924
780,29533,UNANIMIDADE,25925,21,2026,PLE,PROJETO DE LEI DO EXECUTIVO,"INSTITUI A CAMPANHA MUNICIPAL PERMANENTE DE CONSCIENTIZAÇÃO SOBRE O USO CORRETO DAS VAGAS DE ESTACIONAMENTO DESTINADAS ÀS PESSOAS COM DEFICIÊNCIA, E DÁ OUTRAS PROVIDÊNCIAS.",Assistência social e direitos,"IA, por regras temáticas documentadas",não,https://sapl.campolargo.pr.leg.br/materia/25925
780,29535,UNANIMIDADE,25515,2,2026,PLL,PROJETO DE LEI DO LEGISLATIVO,DÁ DENOMINAÇÃO DE RUA COMO ÍNDIA GUARACI MAYER Á VIA PÚBLICA LOCALIZADA NO MUNICÍPIO DE CAMPO LARGO E DÁ OUTRAS PROVIDÊNCIAS.,"Homenagens, nomes e datas","IA, por regras temáticas documentadas",não,https://sapl.campolargo.pr.leg.br/materia/25515
780,29537,UNANIMIDADE,26098,25,2026,PLE,PROJETO DE LEI DO EXECUTIVO,"REVOGA A LEI MUNICIPAL 3.915, DE 17 DE OUTUBRO DE 2025, CONFORME ESPECIFICA.",Administração e finanças,"IA, por regras temáticas documentadas",não,https://sapl.campolargo.pr.leg.br/materia/26098
780,29538,UNANIMIDADE,26096,26,2026,PLE,PROJETO DE LEI DO EXECUTIVO,"AUTORIZA O PODER EXECUTIVO MUNICIPAL DE CAMPO LARGO A CONCORDAR COM A TRANSAÇÃO NOS AUTOS DE AÇÃO CIVIL PÚBLICA N° 0010266-20.2018.8.16.0026 PARA FINS DE TRANSFERENCIA EM DEFINITIVO DE ÁREA PÚBLICA OBJETO DE CONCESSÃO DE DIREITO REAL DE USO EM FAVOR DE VALDEMIR BENEDITO RAMOS DA QUINTA, CONFORME ESPECIFICA.",Iluminação e serviços urbanos,"IA, por regras temáticas documentadas",não,https://sapl.campolargo.pr.leg.br/materia/26096
780,29540,UNANIMIDADE,25840,21,2026,PLL,PROJETO DE LEI DO LEGISLATIVO,DÁ A DENOMINAÇÃO DE RUA HILDA KARMAN CONFORME ESPECIFICA.,"Homenagens, nomes e datas","IA, por regras temáticas documentadas",não,https://sapl.campolargo.pr.leg.br/materia/25840
780,29541,UNANIMIDADE,25991,28,2026,PLL,PROJETO DE LEI DO LEGISLATIVO,"DENOMINA DE DESTACAMENTO ALEXANDRE DINIZ DOS SANTOS O MÓDULO DA GUARDA MUNICIPAL DO FERRARIA, NO MUNICIPIO DE CAMPO LARGO.","Homenagens, nomes e datas","IA, por regras temáticas documentadas",não,https://sapl.campolargo.pr.leg.br/materia/25991
780,29542,UNANIMIDADE,26121,41,2026,PLL,PROJETO DE LEI DO LEGISLATIVO,"ALTERA A LEI MUNICIPAL N° 3.986/2026, PARA ADEQUAR O QUANTITATIVO DE CARGOS DE ASSESSOR PARLAMENTAR CONSTANTE DO ANEXO III DA LEI MUNICIPAL N° 3.624/2023, CONFORME ESPECIFICA.",Administração e finanças,"IA, por regras temáticas documentadas",não,https://sapl.campolargo.pr.leg.br/materia/26121
780,29543,UNANIMIDADE,26122,3,2026,PR,PROJETO DE RESOLUÇÃO,"ALTERA O INCISO III DO ART. 36, BEM COMO O INCISO III DO ART. 42, TODOS RESOLUÇÃO N° 5, DE 18 DE OUTUBRO DE 2011 (REGIMENTO INTERNO DA CÂMARA MUNICIPAL DE CAMPO LARGO) PARA DEFINIR A DENOMINAÇÃO E AS COMPETÊNCIAS DA COMISSÃO DE POLITICA URBANA, OBRAS E SERVIÇOS PÚBLICOS, CONFORME ESPECIFICA.","Homenagens, nomes e datas","IA, por regras temáticas documentadas",não,https://sapl.campolargo.pr.leg.br/materia/26122
781,29562,UNANIMIDADE,25653,12,2026,PLE,PROJETO DE LEI DO EXECUTIVO,"DISPÕE SOBRE A CONCESSÃO DE HOMENAGENS, A TÍTULO DE RECONHECIMENTO, NO ÂMBITO DA GUARDA MUNICIPAL DE CAMPO LARGO.","Homenagens, nomes e datas","IA, por regras temáticas documentadas",não,https://sapl.campolargo.pr.leg.br/materia/25653
781,29554,UNANIMIDADE,26098,25,2026,PLE,PROJETO DE LEI DO EXECUTIVO,"REVOGA A LEI MUNICIPAL 3.915, DE 17 DE OUTUBRO DE 2025, CONFORME ESPECIFICA.",Administração e finanças,"IA, por regras temáticas documentadas",não,https://sapl.campolargo.pr.leg.br/materia/26098
781,29557,UNANIMIDADE,25840,21,2026,PLL,PROJETO DE LEI DO LEGISLATIVO,DÁ A DENOMINAÇÃO DE RUA HILDA KARMAN CONFORME ESPECIFICA.,"Homenagens, nomes e datas","IA, por regras temáticas documentadas",não,https://sapl.campolargo.pr.leg.br/materia/25840
781,29558,UNANIMIDADE,25991,28,2026,PLL,PROJETO DE LEI DO LEGISLATIVO,"DENOMINA DE DESTACAMENTO ALEXANDRE DINIZ DOS SANTOS O MÓDULO DA GUARDA MUNICIPAL DO FERRARIA, NO MUNICIPIO DE CAMPO LARGO.","Homenagens, nomes e datas","IA, por regras temáticas documentadas",não,https://sapl.campolargo.pr.leg.br/materia/25991
781,29559,UNANIMIDADE,26121,41,2026,PLL,PROJETO DE LEI DO LEGISLATIVO,"ALTERA A LEI MUNICIPAL N° 3.986/2026, PARA ADEQUAR O QUANTITATIVO DE CARGOS DE ASSESSOR PARLAMENTAR CONSTANTE DO ANEXO III DA LEI MUNICIPAL N° 3.624/2023, CONFORME ESPECIFICA.",Administração e finanças,"IA, por regras temáticas documentadas",não,https://sapl.campolargo.pr.leg.br/materia/26121
781,29560,UNANIMIDADE,26122,3,2026,PR,PROJETO DE RESOLUÇÃO,"ALTERA O INCISO III DO ART. 36, BEM COMO O INCISO III DO ART. 42, TODOS RESOLUÇÃO N° 5, DE 18 DE OUTUBRO DE 2011 (REGIMENTO INTERNO DA CÂMARA MUNICIPAL DE CAMPO LARGO) PARA DEFINIR A DENOMINAÇÃO E AS COMPETÊNCIAS DA COMISSÃO DE POLITICA URBANA, OBRAS E SERVIÇOS PÚBLICOS, CONFORME ESPECIFICA.","Homenagens, nomes e datas","IA, por regras temáticas documentadas",não,https://sapl.campolargo.pr.leg.br/materia/26122
781,29563,UNANIMIDADE,25896,24,2026,PLL,PROJETO DE LEI DO LEGISLATIVO,RECONHECE O WHEELING BIKE (GRAU DE BICICLETA) COMO PRÁTICA ESPORTIVA NO MUNICIPIO DE CAMPO LARGO E DÁ OUTRAS PROVIDÊNCIAS. ***COM EMENDA MODIFICATIVA***,"Cultura, esporte e lazer","IA, por regras temáticas documentadas",não,https://sapl.campolargo.pr.leg.br/materia/25896
781,29627,MAIORIA ABSOLUTA,26186,29,2026,PLE,PROJETO DE LEI DO EXECUTIVO,"AUTORIZA O PODER EXECUTIVO A ABRIR UM CRÉDITO ADICIONAL ESPECIAL NO ORÇAMENTO FISCAL DO MUNICÍPIO DE CAMPO LARGO PARA O EXERCÍCIO DE 2026 E A PROMOVER ALTERAÇÕES NO PLANO PLURIANUAL 2026-2029 E NA LEI DE DIRETRIZES ORÇAMENTÁRIAS DE 2026.
***COM SUBSTITUTIVO GERAL***
***COM REGIME DE URGÊNCIA***",Administração e finanças,"IA, por regras temáticas documentadas",não,https://sapl.campolargo.pr.leg.br/materia/26186
781,29564,UNANIMIDADE,26019,30,2026,PLL,PROJETO DE LEI DO LEGISLATIVO,INSTITUI NO CALENDÁRIO MUNICIPAL DE CAMPO LARGO A FESTA DA PADROEIRA DA PARÓQUIA NOSSA SENHORA DA PIEDADE.,Outros,"IA, por regras temáticas documentadas",não,https://sapl.campolargo.pr.leg.br/materia/26019
781,29565,UNANIMIDADE,26120,40,2026,PLL,PROJETO DE LEI DO LEGISLATIVO,"ALTERA O ART. 9° DA LEI MUNICIPAL N° 3.624/2023, PARA INCLUIR O PROTOCOLO LEGISLATIVO NO ÂMBITO DO SETOR LEGISLATIVO DO DEPARTAMENTO JURIDICO/LEGISLATIVO DA CÂMARA MUNICIPAL DE CAMPO LARGO, CONFORME ESPECIFICA. ***COM EMENDA DE REDAÇÃO***",Outros,"IA, por regras temáticas documentadas",não,https://sapl.campolargo.pr.leg.br/materia/26120
781,29572,UNANIMIDADE,26260,10,2026,VRC,VOTAÇÃO REQUERIMENTOS EM CONJUNTO,VOTAÇÃO ENGLOBADA DE TODOS REQUERIMENTOS.,Outros,"IA, por regras temáticas documentadas",não,https://sapl.campolargo.pr.leg.br/materia/26260
781,29573,UNANIMIDADE,26246,846,2026,REQ,REQUERIMENTO,PATROLAMENTO E ENSAIBRAMENTO EM TODA A EXTENSÃO DA ESTRADA LOCALIZADA NA REGIÃO DA TAQUARA DOS PIRES.,"Ruas, trânsito e transporte","IA, por regras temáticas documentadas",não,https://sapl.campolargo.pr.leg.br/materia/26246
781,29574,UNANIMIDADE,26247,847,2026,REQ,REQUERIMENTO,"DISPONIBILIZAÇÃO DE AGENTES COMUNITÁRIOS DE SAÚDE QUE ATENDAM AS LOCALIDADES DE FELPUDO, GUABIROBA, SALGADINHO E FAZENDINHA.",Saúde,"IA, por regras temáticas documentadas",não,https://sapl.campolargo.pr.leg.br/materia/26247
781,29575,UNANIMIDADE,26248,848,2026,REQ,REQUERIMENTO,MELHORIA DA ILUMINAÇÃO PÚBLICA NOS PONTOS DE TAXI DO MUNICÍPIO.,Iluminação e serviços urbanos,"IA, por regras temáticas documentadas",não,https://sapl.campolargo.pr.leg.br/materia/26248
781,29576,UNANIMIDADE,26249,849,2026,REQ,REQUERIMENTO,"RETORNO DA LINHA DE TRANSPORTE COLETIVO QUE ATENDIA A ESTRADA HERVAL DOS CASTROS, DISTRITO DE SÃO SILIVESTRE.","Ruas, trânsito e transporte","IA, por regras temáticas documentadas",não,https://sapl.campolargo.pr.leg.br/materia/26249
781,29577,UNANIMIDADE,26250,850,2026,REQ,REQUERIMENTO,MELHORIAS NA VENTILAÇÃO DA FARMÁCIA ESPECIAL.,Saúde,"IA, por regras temáticas documentadas",não,https://sapl.campolargo.pr.leg.br/materia/26250
781,29578,UNANIMIDADE,26193,788,2026,REQ,REQUERIMENTO,"SOLICITA ALTERAÇÃO DA ILUMINAÇÃO PÚBLICA EXISTENTE PARA ILUMINAÇÃO DE LED EM TODA EXTENSÃO DA RUA TRÊS, LOCALIZADA NO BAIRRO VILA SÃO LUIZ.",Iluminação e serviços urbanos,"IA, por regras temáticas documentadas",não,https://sapl.campolargo.pr.leg.br/materia/26193
781,29579,UNANIMIDADE,26194,789,2026,REQ,REQUERIMENTO,"SOLICITA ALTERAÇÃO DA ILUMINAÇÃO PÚBLICA EXISTENTE PARA ILUMINAÇÃO DE LED EM TODA EXTENSÃO DA RUA MANIFE JULIO, LOCALIZADA NO BAIRRO VILA SÃO LUIZ.",Iluminação e serviços urbanos,"IA, por regras temáticas documentadas",não,https://sapl.campolargo.pr.leg.br/materia/26194
781,29580,UNANIMIDADE,26195,790,2026,REQ,REQUERIMENTO,SOLICITA INCLUSÃO DE TESTE DE ACUIDADE VISUAL NO PROGRAMA “SAÚDE EM MOVIMENTO” JUNTO AS ESCOLAS DESTE MUNICIPIO.,Saúde,"IA, por regras temáticas documentadas",não,https://sapl.campolargo.pr.leg.br/materia/26195
781,29581,UNANIMIDADE,26210,808,2026,REQ,REQUERIMENTO,"SOLICITA MODERNIZAÇÃO DO SISTEMA DE ILUMINAÇÃO COM INSTALAÇÃO DE LÂMPADAS DE LED EM TODA EXTENSÃO DA RUA ANTENOR GUILHERME, BAIRRO VILA SÃO LUIZ.",Iluminação e serviços urbanos,"IA, por regras temáticas documentadas",não,https://sapl.campolargo.pr.leg.br/materia/26210
781,29582,UNANIMIDADE,26223,823,2026,REQ,REQUERIMENTO,SOLICITA PINTURA DE SINALIZAÇÃO “ÁREA DE CONFLITO” NO CRUZAMENTO DA RUA: BARÃO DO RIO BRANCO COM A RUA VEREADOR ARLINDO CHEMIM.,"Ruas, trânsito e transporte","IA, por regras temáticas documentadas",não,https://sapl.campolargo.pr.leg.br/materia/26223
781,29583,UNANIMIDADE,26196,791,2026,REQ,REQUERIMENTO,SOLICITA INSERÇÃO DE TACHÕES OU SIMILAR NA RUA JOÃO GASPARETTO ZAVATTI (PROXIMIDADES DA TRANSPORTADORA LOPES) – JARDIM ITAQUI.,"Ruas, trânsito e transporte","IA, por regras temáticas documentadas",não,https://sapl.campolargo.pr.leg.br/materia/26196
781,29584,UNANIMIDADE,26197,792,2026,REQ,REQUERIMENTO,SOLICITA OBRA DE SINALIZAÇÃO HORIZONTAL E VERTICAL NO CRUZAMENTO DA RUA LUIZ CARLOS LONGO COM A RUA JOÃO GASPARETTO ZAVATTI (PROXIMIDADES DA TRANSPORTADORA LOPES) – JARDIM ITAQUI.,"Ruas, trânsito e transporte","IA, por regras temáticas documentadas",não,https://sapl.campolargo.pr.leg.br/materia/26197
781,29585,UNANIMIDADE,26198,793,2026,REQ,REQUERIMENTO,SOLICITA LIMPEZA DA VEGETAÇÃO (ROÇADA) EM TODA A EXTENSÃO DA RUA AMAZONAS.,Iluminação e serviços urbanos,"IA, por regras temáticas documentadas",não,https://sapl.campolargo.pr.leg.br/materia/26198
781,29586,UNANIMIDADE,26199,794,2026,REQ,REQUERIMENTO,"SOLICITA A CONSTRUÇÃO DE CALÇADA PARA PEDESTRES EM TODA EXTENSÃO DA RUA AMAZONAS, PRINCIPALMENTE NAS PROXIMIDADES DO CAMPO DO 21.","Ruas, trânsito e transporte","IA, por regras temáticas documentadas",não,https://sapl.campolargo.pr.leg.br/materia/26199
781,29587,UNANIMIDADE,26200,795,2026,REQ,REQUERIMENTO,SOLICITA A LIMPEZA (RETIRADA DE ARVORE CAÍDA) NO INTERIOR DO COMPLEXO ESPORTIVO ARI MORO - CAMPO DO 21.,"Cultura, esporte e lazer","IA, por regras temáticas documentadas",não,https://sapl.campolargo.pr.leg.br/materia/26200
781,29588,UNANIMIDADE,26217,819,2026,REQ,REQUERIMENTO,SOLICITA IMPLANTAÇÃO DE MEDIDAS DE INFORMAÇÃO E ORIENTAÇÃO SOBRE O USO DO APLICATIVO DE ESTACIONAMENTO ROTATIVO NO MUNICIPIO.,"Ruas, trânsito e transporte","IA, por regras temáticas documentadas",não,https://sapl.campolargo.pr.leg.br/materia/26217
781,29589,UNANIMIDADE,26236,836,2026,REQ,REQUERIMENTO,INFORMAÇÕES REFERENTES AS PEDRAS DE PARALELEPÍPEDO QUE ESTÃO SENDO RETIRADAS DA RUA ALCEBÍADES AFONSO GUIMARÃES.,"Ruas, trânsito e transporte","IA, por regras temáticas documentadas",não,https://sapl.campolargo.pr.leg.br/materia/26236
781,29590,UNANIMIDADE,26237,837,2026,REQ,REQUERIMENTO,"SOLICITA QUE SEJA NOTIFICADA A EMPRESA FENTO EMPREENDIMENTOS, SOBRE A IRREGULARIDADE NOS TAPUMES DA RUA ANGELO ZANETTI.","Ruas, trânsito e transporte","IA, por regras temáticas documentadas",não,https://sapl.campolargo.pr.leg.br/materia/26237
781,29591,UNANIMIDADE,26213,812,2026,REQ,REQUERIMENTO,"SOLICITA SERVIÇO TAPA-BURACO NA RUA JOSÉ PERUSSOLO, PRÓXIMO AO NÚMERO 513.","Ruas, trânsito e transporte","IA, por regras temáticas documentadas",não,https://sapl.campolargo.pr.leg.br/materia/26213
781,29592,UNANIMIDADE,26214,813,2026,REQ,REQUERIMENTO,"SOLICITA IMPLANTAÇÃO DE ESTACIONAMENTO ROTATIVO CONTROLADO NO PÁTIO INTERNO DA PREFEITURA MUNICIPAL, COM RESERVA DE VAGAS E GRATUIDADE PARA CIDADÃOS EM ATENDIMENTO.","Ruas, trânsito e transporte","IA, por regras temáticas documentadas",não,https://sapl.campolargo.pr.leg.br/materia/26214
781,29593,UNANIMIDADE,26215,814,2026,REQ,REQUERIMENTO,SOLICITA ESTUDO DE VIABILIDADE TECNICA E AUTORIZAÇÃO PARA ABERTURA DE VIA PÚBLICA CONECTANDO A RUA ABILIO MONTEIRO À RODOVIA BR-277.,"Ruas, trânsito e transporte","IA, por regras temáticas documentadas",não,https://sapl.campolargo.pr.leg.br/materia/26215
781,29594,UNANIMIDADE,26216,815,2026,REQ,REQUERIMENTO,SOLICITA ESTUDO DE VIABILIDADE TECNICA PARA OCUPAÇÃO DAS ÁREAS OCIOSAS DO TERMINAL RODOVIÁRIO MUNICIPAL COM A INSTALAÇÃO DE POLOS DE SERVIÇOS PÚBLICOS E PARCERIAS PÚBLICO-PRIVADAS.,"Ruas, trânsito e transporte","IA, por regras temáticas documentadas",não,https://sapl.campolargo.pr.leg.br/materia/26216
781,29595,UNANIMIDADE,26254,854,2026,REQ,REQUERIMENTO,SUBSTITUIÇÃO DE LÂMPADAS QUEIMADAS EM TODA A EXTENSÃO DA ESTRADA DO FELPUDO.,Iluminação e serviços urbanos,"IA, por regras temáticas documentadas",não,https://sapl.campolargo.pr.leg.br/materia/26254
781,29596,UNANIMIDADE,26255,855,2026,REQ,REQUERIMENTO,"AMPLIAÇÃO DAS VAGAS DE ESTACIONAMENTO NA RUA LUIS RIVABEM, EM FRENTE AO Nº 1651, JADIM RIVABEM.","Ruas, trânsito e transporte","IA, por regras temáticas documentadas",não,https://sapl.campolargo.pr.leg.br/materia/26255
781,29597,UNANIMIDADE,26256,856,2026,REQ,REQUERIMENTO,SOLICITANDO A TROCA DO PONTO DE ONIBUS QUE FICA AO LADO DA ESCOLA PRIMEIRO DE MAIO NA RUA FRANCISCO XAVIER DE ALMEIDA GARRET.,"Ruas, trânsito e transporte","IA, por regras temáticas documentadas",não,https://sapl.campolargo.pr.leg.br/materia/26256
781,29598,UNANIMIDADE,26257,857,2026,REQ,REQUERIMENTO,SOLICITANDO A TROCA DO PONTO DE ONIBUS QUE FICA EM FRENTE A ESCOLA PRIMEIRO DE MAIO NA RUA FRANCISCO XAVIER DE ALMEIDA GARRET.,"Ruas, trânsito e transporte","IA, por regras temáticas documentadas",não,https://sapl.campolargo.pr.leg.br/materia/26257
781,29599,UNANIMIDADE,26227,827,2026,REQ,REQUERIMENTO,"INSTALAÇÃO DE REDUTOR DE VELOCIDADE NA RUA ANTONIO FABRÍCIO DA SILVA, ENTRE AS RUAS IRENE CASTAGNOLI E JOAQUIM RIBAS DE ANDRADE, VILA SOLENE.","Ruas, trânsito e transporte","IA, por regras temáticas documentadas",não,https://sapl.campolargo.pr.leg.br/materia/26227
781,29600,UNANIMIDADE,26228,828,2026,REQ,REQUERIMENTO,"MANUTENÇÃO DO ASFALTO DA RUA DA INDEPENDÊNCIA, EM FRENTE AO NUMERO 437, LOTEAMENTO YARA.","Ruas, trânsito e transporte","IA, por regras temáticas documentadas",não,https://sapl.campolargo.pr.leg.br/materia/26228
781,29601,UNANIMIDADE,26231,831,2026,REQ,REQUERIMENTO,"DETALHAMENTO DAS EMPRESAS CONTRATADAS, VALORES EMPENHADOS, NOTAS FISCAIS EMITIDAS, SERVIÇOS REALIZADOS E DEMAIS INFORMAÇÕES RELATIVAS À APLICAÇÃO DOS RECURSOS ARRECADADOS COM AS MULTAS DE TRÂNSITO EM 2025.","Ruas, trânsito e transporte","IA, por regras temáticas documentadas",não,https://sapl.campolargo.pr.leg.br/materia/26231
781,29602,UNANIMIDADE,26232,832,2026,REQ,REQUERIMENTO,AÇÃO DE CASTRAÇÃO NO TAQUARAL.,Meio ambiente e animais,"IA, por regras temáticas documentadas",não,https://sapl.campolargo.pr.leg.br/materia/26232
781,29603,UNANIMIDADE,26233,833,2026,REQ,REQUERIMENTO,FORNECIMENTO GRATUITO DO MEDICAMENTO ANTIMICÓTICO ITRACONAZOL PARA ANIMAIS ACOMETIDOS POR ESPOROCOTRICOSE.,Saúde,"IA, por regras temáticas documentadas",não,https://sapl.campolargo.pr.leg.br/materia/26233
781,29604,UNANIMIDADE,26234,834,2026,REQ,REQUERIMENTO,"INFORMAÇÕES SOBRE O CONSELHO MUNICIPAL SOBRE DROGAS, CRIADO PELA LEI MUNICIPAL Nº 2.180/2010.",Outros,"IA, por regras temáticas documentadas",não,https://sapl.campolargo.pr.leg.br/materia/26234
781,29605,UNANIMIDADE,26235,835,2026,REQ,REQUERIMENTO,INSTALAÇÃO DE CAMERAS DE VIGILÂNCIA NO PARQUE NEWTON PUPPI.,Outros,"IA, por regras temáticas documentadas",não,https://sapl.campolargo.pr.leg.br/materia/26235
781,29606,UNANIMIDADE,26188,783,2026,REQ,REQUERIMENTO,"SOLICITA ESTUDO DE VIABILIDADE PARA AUMENTO DA EXTENSÃO DA ROTA DE ÔNIBUS QUE FAZ A LINHA VILA DLURDES/POPULARES, ADICIONANDO A PASSAGEM DO ÔNIBUS PELA RUA JULIO BUGNHAKI PROXIMO AO APTA (ASSOCIAÇÃO DE PESQUISA E TRATAMENTO DO ALCOOLISMO).","Ruas, trânsito e transporte","IA, por regras temáticas documentadas",não,https://sapl.campolargo.pr.leg.br/materia/26188
781,29607,UNANIMIDADE,26189,784,2026,REQ,REQUERIMENTO,"SOLICITA ALTERAÇÃO DA ILUMINAÇÃO PÚBLICA EXISTENTE PARA ILUMINAÇÃO DE LED EM TODA EXTENSÃO DA RUA MARIA JOEZINA FERREIRA, LOCALIZADA NO BAIRRO JARDIM ITAQUI.",Iluminação e serviços urbanos,"IA, por regras temáticas documentadas",não,https://sapl.campolargo.pr.leg.br/materia/26189
781,29608,UNANIMIDADE,26190,785,2026,REQ,REQUERIMENTO,"SOLICITA ALTERAÇÃO DA ILUMINAÇÃO PÚBLICA EXISTENTE PARA ILUMINAÇÃO DE LED EM TODA EXTENSÃO DA RUA EUCLIDES ALVES FERREIRA, LOCALIZADA NO BAIRRO JARDIM ITAQUI.",Iluminação e serviços urbanos,"IA, por regras temáticas documentadas",não,https://sapl.campolargo.pr.leg.br/materia/26190
781,29609,UNANIMIDADE,26191,786,2026,REQ,REQUERIMENTO,"SOLICITA ALTERAÇÃO DA ILUMINAÇÃO PÚBLICA EXISTENTE PARA ILUMINAÇÃO DE LED EM TODA EXTENSÃO DA RUA JOÃO B DA SILVA, LOCALIZADA NO BAIRRO JARDIM ITAQUI.",Iluminação e serviços urbanos,"IA, por regras temáticas documentadas",não,https://sapl.campolargo.pr.leg.br/materia/26191
781,29610,UNANIMIDADE,26192,787,2026,REQ,REQUERIMENTO,"SOLICITA ALTERAÇÃO DA ILUMINAÇÃO PÚBLICA EXISTENTE PARA ILUMINAÇÃO DE LED EM TODA EXTENSÃO DA RUA LUCIO ANTONIO UMBELINO, LOCALIZADA NO BAIRRO JARDIM ITAQUI.",Iluminação e serviços urbanos,"IA, por regras temáticas documentadas",não,https://sapl.campolargo.pr.leg.br/materia/26192
781,29611,UNANIMIDADE,26206,802,2026,REQ,REQUERIMENTO,SOLICITA A REALIZAÇÃO DE ESTUDOS DE VIABILIDADE PARA INCLUSÃO DA VILA TORRES NO ITENERÁRIO DA LINHA DE ÔNIBUS FERRARIA.,"Ruas, trânsito e transporte","IA, por regras temáticas documentadas",não,https://sapl.campolargo.pr.leg.br/materia/26206
781,29612,UNANIMIDADE,26207,803,2026,REQ,REQUERIMENTO,"SOLICITA A REALIZAÇÃO DE ESTUDOS DE IMPLANTAÇÃO DE ACESSO COM RAMPA PARA CADEIRANTES NO PONTO FINAL DO ÔNIBUS LOCALIZADO NA RUA DEZESSEIS, PRÓXIMO AO NUMERAL 33, SANTA ANGELA, FERRARIA.","Ruas, trânsito e transporte","IA, por regras temáticas documentadas",não,https://sapl.campolargo.pr.leg.br/materia/26207
781,29613,UNANIMIDADE,26211,810,2026,REQ,REQUERIMENTO,"SOLICITA PAVIMENTAÇÃO ASFÁLTICA NA EXTENSÃO DA TRAVESSA SANHAÇO, VILA GILCY, FERRARIA.","Ruas, trânsito e transporte","IA, por regras temáticas documentadas",não,https://sapl.campolargo.pr.leg.br/materia/26211
781,29614,UNANIMIDADE,26253,853,2026,REQ,REQUERIMENTO,"PODA DE GALHOS EM CONTATO COM A REDE DE ENERGIA ELÉTRICA NAS RUAS GERMANO ALEIXO E AMBRÓSIO CRUZARA, BAIRRO VILA TORRES, FERRARIA.",Iluminação e serviços urbanos,"IA, por regras temáticas documentadas",não,https://sapl.campolargo.pr.leg.br/materia/26253
781,29615,UNANIMIDADE,26208,805,2026,REQ,REQUERIMENTO,"SOLICITA INSTALAÇÃO DE BANCOS NA UNIDADE BÁSICA DE SAÚDE LOCALIZADA NA RUA JOSÉ DE PAIVA VIDAL, N° 2800, BAIRRO SÃO MARCOS, CAMPO LARGO.",Saúde,"IA, por regras temáticas documentadas",não,https://sapl.campolargo.pr.leg.br/materia/26208
781,29616,UNANIMIDADE,26229,829,2026,REQ,REQUERIMENTO,QUE O PODER EXECUTIVO CADASTRE PROJETOJUNTO AO PNAB.,Iluminação e serviços urbanos,"IA, por regras temáticas documentadas",não,https://sapl.campolargo.pr.leg.br/materia/26229
781,29617,UNANIMIDADE,26230,830,2026,REQ,REQUERIMENTO,"QUE O PODER EXECUTIVO SOLICITE FORNECIMENTO DE MATERIAIS ESPORTIVOS, POR MEIO DO PLANO PARANÁ MAIS CIDADES.","Cultura, esporte e lazer","IA, por regras temáticas documentadas",não,https://sapl.campolargo.pr.leg.br/materia/26230
781,29618,UNANIMIDADE,26243,843,2026,REQ,REQUERIMENTO,"DESOBSTRUÇÃO E LIMPEZA DAS BOCAS DE LOBO NA RUA OLAVO BILAC, BAIRRO SÃO VICENTE.",Iluminação e serviços urbanos,"IA, por regras temáticas documentadas",não,https://sapl.campolargo.pr.leg.br/materia/26243
781,29619,UNANIMIDADE,26244,844,2026,REQ,REQUERIMENTO,"NIVELAMENTO DAS TAMPAS DE POÇOS DE VISITA, NA RUA OLAVO BILAC, BAIRRO SÃO VICENTE.","Ruas, trânsito e transporte","IA, por regras temáticas documentadas",não,https://sapl.campolargo.pr.leg.br/materia/26244
781,29620,UNANIMIDADE,26245,845,2026,REQ,REQUERIMENTO,"TROCA DE POSTE DE ENERGIA ELÉTRICA LOCALIZADO NA RUA OLAVO BILAC, ESQUINA COM A RUA GUMERCINDO SANTANA.",Iluminação e serviços urbanos,"IA, por regras temáticas documentadas",não,https://sapl.campolargo.pr.leg.br/materia/26245
781,29621,UNANIMIDADE,26251,852,2026,REQ,REQUERIMENTO,"ESTUDO DE VIABILIDADE PARA INCENTIVO À PRÁTICA DE PESCA ESPORTIVA NO PARUE NEWTON PUPPI, COM POSSIBILIDADE DE IMPLANTAÇÃO POR MEIO DE PARCERIA PÚBLICO-PRIVADA (PPP).","Cultura, esporte e lazer","IA, por regras temáticas documentadas",não,https://sapl.campolargo.pr.leg.br/materia/26251
781,29622,UNANIMIDADE,26201,796,2026,REQ,REQUERIMENTO,SOLICITA PINTURA DO CENTRO MUNICIPAL DE EDUCAÇÃO INFANTIL MARIA RIVABEM.,Educação,"IA, por regras temáticas documentadas",não,https://sapl.campolargo.pr.leg.br/materia/26201
781,29623,UNANIMIDADE,26202,797,2026,REQ,REQUERIMENTO,"SOLICITA REDUTOR DE VELOCIDADE NA RUA MATO QUEIMADO, TENDO COMO REFERENCIA O NUMERAL 06, GUABIROBA, DESTE MUNICIPIO.","Ruas, trânsito e transporte","IA, por regras temáticas documentadas",não,https://sapl.campolargo.pr.leg.br/materia/26202
781,29624,UNANIMIDADE,26203,798,2026,REQ,REQUERIMENTO,"SOLICITA INSTALAÇÃO DE CÂMERAS DE SEGURANÇA NO COMPLEXO ESPORTIVO ARI MORO (CAMPO DO 21), BAIRRO ITAQUI, DESTE MUNICIPIO.","Cultura, esporte e lazer","IA, por regras temáticas documentadas",não,https://sapl.campolargo.pr.leg.br/materia/26203
781,29625,UNANIMIDADE,26204,799,2026,REQ,REQUERIMENTO,"SOLICITA REFORMA NO PARQUINHO DO ESPAÇO ARI MORO (CAMPO DO 21), BAIRRO ITAQUI, DESTE MUNICIPIO.","Cultura, esporte e lazer","IA, por regras temáticas documentadas",não,https://sapl.campolargo.pr.leg.br/materia/26204
781,29626,UNANIMIDADE,26205,800,2026,REQ,REQUERIMENTO,"SOLICITA EXTENSÃO DA REDE DE ABASTECIMENTO DE ÀGUA NA REGIÃO DO ITAQUI DE CIMA, PARALELA À RUA SEBASTIÃO BORGES.","Ruas, trânsito e transporte","IA, por regras temáticas documentadas",não,https://sapl.campolargo.pr.leg.br/materia/26205
781,29628,UNANIMIDADE,26258,858,2026,REQ,REQUERIMENTO,"SOLICITANDO LIMPEZA E MAUTENÇÃO DAS GALERIAS PLUVIAIS NA RUA GONÇALVES DIAS PROXIMO À NUMERAÇÃO, 127.",Iluminação e serviços urbanos,"IA, por regras temáticas documentadas",não,https://sapl.campolargo.pr.leg.br/materia/26258
782,29629,UNANIMIDADE,26287,887,2026,REQ,REQUERIMENTO,SOLICITA A UTILIZAÇÃO DA TRIBUNA LIVRE DESTA CASA LEGISLATIVA PARA QUE O PASTOR MOISES MÓRA POSSA FAZER APRESENTAÇÃO E CONTEXTUALIZAÇÃO DO PROJETO DE LEI QUE VISA INSTITUIR O DIA DO AVENTUREIRO NO MUNICIPIO.,Outros,"IA, por regras temáticas documentadas",não,https://sapl.campolargo.pr.leg.br/materia/26287
782,29630,UNANIMIDADE,26312,915,2026,REQ,REQUERIMENTO,"SOLICITA TRIBUNA LIVRE PARA DRA. CAMILA MARINELLI MARTINS, MÉDICA VETERINÁRIA DA EMPRESA AAC&T, RESPONSÁVEL PELA REALIZAÇÃO DO CENSO ANIMAL DE CAMPO LARGO EM 2026.",Saúde,"IA, por regras temáticas documentadas",não,https://sapl.campolargo.pr.leg.br/materia/26312
782,29632,UNANIMIDADE,25896,24,2026,PLL,PROJETO DE LEI DO LEGISLATIVO,RECONHECE O WHEELING BIKE (GRAU DE BICICLETA) COMO PRÁTICA ESPORTIVA NO MUNICIPIO DE CAMPO LARGO E DÁ OUTRAS PROVIDÊNCIAS. ***COM EMENDA MODIFICATIVA***,"Cultura, esporte e lazer","IA, por regras temáticas documentadas",não,https://sapl.campolargo.pr.leg.br/materia/25896
782,29633,UNANIMIDADE,26019,30,2026,PLL,PROJETO DE LEI DO LEGISLATIVO,INSTITUI NO CALENDÁRIO MUNICIPAL DE CAMPO LARGO A FESTA DA PADROEIRA DA PARÓQUIA NOSSA SENHORA DA PIEDADE.,Outros,"IA, por regras temáticas documentadas",não,https://sapl.campolargo.pr.leg.br/materia/26019
782,29634,UNANIMIDADE,25770,16,2026,PLE,PROJETO DE LEI DO EXECUTIVO,"DISPÕE SOBRE O FUNCIONAMENTO DO TERMINAL RODOVIARIO VEREADOR DARCI ANDREASSA, INSTITUI AS TARIFAS DE ACOSTAMENTO E DE EMBARQUE, ESTABELECE NORMAS PARA EMBARQUE E DESEMBARQUE DE PASSAGEIROS FORA DO TERMINAL, CONFORME ESPECIFICA.","Ruas, trânsito e transporte","IA, por regras temáticas documentadas",não,https://sapl.campolargo.pr.leg.br/materia/25770
782,29635,UNANIMIDADE,25926,22,2026,PLE,PROJETO DE LEI DO EXECUTIVO,"AUTORIZA O PODER EXECUTIVO MUNICIPAL A FIRMAR ESCRITURA PÚBLICA DE DAÇÃO EM PAGAMENTO, CONFORME ESPECIFICA.",Iluminação e serviços urbanos,"IA, por regras temáticas documentadas",não,https://sapl.campolargo.pr.leg.br/materia/25926
782,29636,UNANIMIDADE,26174,28,2026,PLE,PROJETO DE LEI DO EXECUTIVO,"DENOMINA COMO “PARQUE NATURAL MUNICIPAL NEWTON PUPPI” O IMÓVEL URBANO DO MUNICIPIO DE CAMPO LARGO, CONFORME ESPECIFICA.","Homenagens, nomes e datas","IA, por regras temáticas documentadas",não,https://sapl.campolargo.pr.leg.br/materia/26174
782,29637,UNANIMIDADE,25582,4,2026,PLL,PROJETO DE LEI DO LEGISLATIVO,"DISPÕE SOBRE A INSTITUIÇÃO DO DIA DO MASSOTERAPEUTA NO MUNICÍPIO DE CAMPO LARGO - ESTADO DO PARANÁ E DÁ OUTRAS PROVIDÊNCIAS.
***COM SUBSTITUTIVO GERAL***",Outros,"IA, por regras temáticas documentadas",não,https://sapl.campolargo.pr.leg.br/materia/25582
782,29638,UNANIMIDADE,26021,32,2026,PLL,PROJETO DE LEI DO LEGISLATIVO,"ALTERA O ART. 1° DA LEI MUNICIPAL N° 3.948, DE 16 DE DEZEMBRO DE 2025, CONFORME ESPECIFICA.",Outros,"IA, por regras temáticas documentadas",não,https://sapl.campolargo.pr.leg.br/materia/26021
782,29639,UNANIMIDADE,26073,35,2026,PLL,PROJETO DE LEI DO LEGISLATIVO,"DISPÕE SOBRE A OBRIGATORIEDADE DE NOTIFICAÇÃO À PREFEITURA DOS CASOS CONFIRMADOS DE ZOONOSES EM ANIMAIS ATENDIDOS POR SERVIÇOS DE SAÚDE E CUIDADO ANIMAL, PÚBLICOS OU PRIVADOS, NO MUNICIPIO DE CAMPO LARGO.",Saúde,"IA, por regras temáticas documentadas",não,https://sapl.campolargo.pr.leg.br/materia/26073
782,29640,UNANIMIDADE,26081,37,2026,PLL,PROJETO DE LEI DO LEGISLATIVO,"DÁ DENOMINAÇÃO DE RUA DA ARCA AO TRECHO INDICADO NO BAIRRO NOSSA SENHORA DO PILAR, CONFORME ESPECIFICA.","Homenagens, nomes e datas","IA, por regras temáticas documentadas",não,https://sapl.campolargo.pr.leg.br/materia/26081
782,29641,UNANIMIDADE,26103,38,2026,PLL,PROJETO DE LEI DO LEGISLATIVO,"INSTITUI O PROGRAMA MUNICIPAL DE APOIO E FOMENTO À CULTURA HIP HOP, CRIA A SEMANA MUNICIPAL DO HIP HOP E ESTABELECE DIRETRIZES PARA VALORIZAÇÃO DA CULTURA HIP HOP NO MUNICIPIO DE CAMPO LARGO.","Homenagens, nomes e datas","IA, por regras temáticas documentadas",não,https://sapl.campolargo.pr.leg.br/materia/26103
782,29642,UNANIMIDADE,26104,39,2026,PLL,PROJETO DE LEI DO LEGISLATIVO,INSTITUI O PROGRAMA DE INCENTIVO À PRATICA DO SKATE NO MUNICIPIO DE CAMPO LARGO E DÁ OUTRAS PROVIDÊNCIAS.,"Cultura, esporte e lazer","IA, por regras temáticas documentadas",não,https://sapl.campolargo.pr.leg.br/materia/26104
782,29643,UNANIMIDADE,26142,45,2026,PLL,PROJETO DE LEI DO LEGISLATIVO,INCLUI NO CALENDÁRIO MUNICIPAL DE CAMPO LARGO A FESTA DA PADROEIRA DA PAROQUIA NOSSA SENHORA APARECIDA E A PEREGRINAÇÃO AO MORRO DO CAL.,Outros,"IA, por regras temáticas documentadas",não,https://sapl.campolargo.pr.leg.br/materia/26142
782,29646,UNANIMIDADE,26334,32,2026,PLE,PROJETO DE LEI DO EXECUTIVO,"ALTERA A REDAÇÃO DO INCISO II DO ART. 40 DA LEI MUNICIPAL N° 3.632 DE 24 DE AGOSTO DE 2023, QUE DISPÕE SOBRE A ORGANIZAÇÃO DO SISTEMA DE TRANSPORTE COLETIVO PÚBLICO DE PASSAGEIROS NO MUNICIPIO DE CAMPO LARGO, INSTITUI REGRA DE TRANSIÇÃO PARA A VALIDADE DE CRÉDITOS TAREFÁRIOS E DÁ OUTRAS PROVIDÊNCIAS.","Ruas, trânsito e transporte","IA, por regras temáticas documentadas",não,https://sapl.campolargo.pr.leg.br/materia/26334
782,29655,UNANIMIDADE,26336,11,2026,VRC,VOTAÇÃO REQUERIMENTOS EM CONJUNTO,VOTAÇÃO ENGLOBADA DE TODOS REQUERIMENTOS.,Outros,"IA, por regras temáticas documentadas",não,https://sapl.campolargo.pr.leg.br/materia/26336
782,29656,UNANIMIDADE,26270,868,2026,REQ,REQUERIMENTO,"SOLICITA A PINTURA HORIZONTAL PARA SINALIZAÇÃO NA RUA JULIO BUGNHAKI, NA VILA DE LOURDES, NESTE MUNICIPIO.","Ruas, trânsito e transporte","IA, por regras temáticas documentadas",não,https://sapl.campolargo.pr.leg.br/materia/26270
782,29657,UNANIMIDADE,26271,869,2026,REQ,REQUERIMENTO,"SOLICITA A PINTURA E SINALIZAÇÃO DE ONDULAÇÃO TRANVERSAIS NA ROD. AUGUSTO MOCELIN, 289, EM BATEIAS, NESTE MUNICIPIO.","Ruas, trânsito e transporte","IA, por regras temáticas documentadas",não,https://sapl.campolargo.pr.leg.br/materia/26271
782,29658,UNANIMIDADE,26272,870,2026,REQ,REQUERIMENTO,"SOLICITA A PINTURA E SINALIZAÇÃO VERTICAL NA RUA ANTONIO CAVALIN, 11, NA VILA DE LOURDES, NESTE MUNICIPIO.","Ruas, trânsito e transporte","IA, por regras temáticas documentadas",não,https://sapl.campolargo.pr.leg.br/materia/26272
782,29659,UNANIMIDADE,26273,871,2026,REQ,REQUERIMENTO,"SOLICITA A PINTURA E SINALIZAÇÃO VERTICAL NA RUA SATURNINO DOS SANTOS SOUZA, 88, NA VILA DE LOURDES, NESTE MUNICIPIO.","Ruas, trânsito e transporte","IA, por regras temáticas documentadas",não,https://sapl.campolargo.pr.leg.br/materia/26273
782,29660,UNANIMIDADE,26332,937,2026,REQ,REQUERIMENTO,"SOLICITA INSTALAÇÃO DE REDUTOR DE VELOCIDADE (LOMBADA) NA RUA ANTÔNIO GITIKOSKI, 800 - BOTIATUVA.","Ruas, trânsito e transporte","IA, por regras temáticas documentadas",não,https://sapl.campolargo.pr.leg.br/materia/26332
782,29661,UNANIMIDADE,26323,926,2026,REQ,REQUERIMENTO,"SOLICITA REFERFILAMENTO ASFÁLTICO NA RUA JOSÉ BATISTA DA ROSA, LOCALIZADA NO DISTRITO DA FERRARIA.","Ruas, trânsito e transporte","IA, por regras temáticas documentadas",não,https://sapl.campolargo.pr.leg.br/materia/26323
782,29662,UNANIMIDADE,26324,927,2026,REQ,REQUERIMENTO,"SOLICITA PATROLAMENTO E ENSAIBRAMENTO NA RUA TRÊS LAGOS, LOCALIZADA NA COLÔNIA REVIER.","Ruas, trânsito e transporte","IA, por regras temáticas documentadas",não,https://sapl.campolargo.pr.leg.br/materia/26324
782,29663,UNANIMIDADE,26325,928,2026,REQ,REQUERIMENTO,"SOLICITA ALARGAMENTO DA RUA TRÊS LAGOS, LOCALIZADA NA COLÔNIA REVIER.","Ruas, trânsito e transporte","IA, por regras temáticas documentadas",não,https://sapl.campolargo.pr.leg.br/materia/26325
782,29664,UNANIMIDADE,26326,929,2026,REQ,REQUERIMENTO,"SOLICITA MELHORIA NA ESTRUTURA DA ROTATÓRIA NA RUA CAETANO MUNHOZ DA ROCHA, PRÓXIMO AO CAMPO DO VASSOURA.","Ruas, trânsito e transporte","IA, por regras temáticas documentadas",não,https://sapl.campolargo.pr.leg.br/materia/26326
782,29665,UNANIMIDADE,26294,896,2026,REQ,REQUERIMENTO,SOLICITA ADESÃO DO MUNICÍPIO DE CAMPO LARGO AO PROGRAMA NASCER BEM DDISPONIBILIZADO PELO GOVERNO DO ESTADO DO PARANÁ.,Outros,"IA, por regras temáticas documentadas",não,https://sapl.campolargo.pr.leg.br/materia/26294
782,29666,UNANIMIDADE,26295,897,2026,REQ,REQUERIMENTO,"SOLICITA VISTORIA TÉCNICA PARA IDENTIFICAÇLÃO DE CURSO HÍDRICO E APURAÇÃO DE POSSÍVEL LANÇAMENTO IRREGULAR DE ESGOTO NA RUA TARUMÃ, EM FRENTE AO NUMERAL 395, JARDIM GUARANI.",Iluminação e serviços urbanos,"IA, por regras temáticas documentadas",não,https://sapl.campolargo.pr.leg.br/materia/26295
782,29667,UNANIMIDADE,26296,898,2026,REQ,REQUERIMENTO,"SOLICITA FORÇA TAREFE DAS SECRETARIAS DE MEIO AMBIENTE, INFRAESTRUTURA E VIGILÂNCIA SANITÁRIA EM CONJUNTO COM A CONCESSIONÁRIA DE SANEAMENTO BÁSICO A FIM DE PROMOVER ESTUDO PARA O PROBLEMA ENCONTRADO NA RUA TARUMÃ, 395, JARDIM GUARANI.",Meio ambiente e animais,"IA, por regras temáticas documentadas",não,https://sapl.campolargo.pr.leg.br/materia/26296
782,29668,UNANIMIDADE,26297,899,2026,REQ,REQUERIMENTO,"IMPLANTAÇÃO DE REDE COLETORA DE ESGOTO NA TRAVESSA ÁGUAS CLARAS, CONJ. ÁGUAS CLARAS, SÃO MARCOS.",Iluminação e serviços urbanos,"IA, por regras temáticas documentadas",não,https://sapl.campolargo.pr.leg.br/materia/26297
782,29669,UNANIMIDADE,26298,900,2026,REQ,REQUERIMENTO,"IMPLANTAÇÃO DE REDE COLETORA DE ESGOTO EM TODA A EXTENSÃO DA RUA ROMILDA MAZZON DRUZUK, COMJ. ÁGUAS CLARAS, SÃO MARCOS.",Iluminação e serviços urbanos,"IA, por regras temáticas documentadas",não,https://sapl.campolargo.pr.leg.br/materia/26298
782,29670,UNANIMIDADE,26278,876,2026,REQ,REQUERIMENTO,SOLICITA A REVITALIZAÇÃO DA QUADRA DE ESPORTES DAS ÁGUAS CLARAS.,"Cultura, esporte e lazer","IA, por regras temáticas documentadas",não,https://sapl.campolargo.pr.leg.br/materia/26278
782,29671,UNANIMIDADE,26299,901,2026,REQ,REQUERIMENTO,"REALIZAÇÃO DE OBRA DE PATROLAMENTO, ALARGAMENTO, NIVELAMENTO E ENSAIBRAMENTO MA RUA JOSÉ DE SOUZA DRUSKI - CAMPO DO MEIO.","Ruas, trânsito e transporte","IA, por regras temáticas documentadas",não,https://sapl.campolargo.pr.leg.br/materia/26299
782,29672,UNANIMIDADE,26300,902,2026,REQ,REQUERIMENTO,"SOLICITA EXTENSÃO DE REDE DE ÁGUA POTÁVEL NA RUA GENERAL ARCI NEVES, VILA CONGA - MIQUELETTO.",Iluminação e serviços urbanos,"IA, por regras temáticas documentadas",não,https://sapl.campolargo.pr.leg.br/materia/26300
782,29673,UNANIMIDADE,26328,932,2026,REQ,REQUERIMENTO,SOLICITA VERIFICAÇÃO DE POSSIBILIDADE DE INSERIR GUIA REBAIXADA DA CALÇADA NA RUA JOÃO BATISTA VALÕES EM FRENTE A LOJA CASUALE.,"Ruas, trânsito e transporte","IA, por regras temáticas documentadas",não,https://sapl.campolargo.pr.leg.br/materia/26328
782,29674,UNANIMIDADE,26274,872,2026,REQ,REQUERIMENTO,"SOLICITA QUE SEJA FEITO PATROLAMENTO NA ESTRADA DO CERNE, PROXIMO AO NÚMERO 44, BAIRRO 3 BARRAS.","Ruas, trânsito e transporte","IA, por regras temáticas documentadas",não,https://sapl.campolargo.pr.leg.br/materia/26274
782,29675,UNANIMIDADE,26285,884,2026,REQ,REQUERIMENTO,REQUER AO PODER EXECUTIVO MUNICIPAL ESTUDOS DE VIABILIDADE TÉCNICA PARA A REMOÇÃO DA PASSARELA DE PEDESTRES LOCALIZADA NO BAIRRO BOM JESUS E A READEQUAÇÃO DA SINALIZAÇÃO VIÁRIA NO LOCAL.,"Ruas, trânsito e transporte","IA, por regras temáticas documentadas",não,https://sapl.campolargo.pr.leg.br/materia/26285
782,29676,UNANIMIDADE,26286,885,2026,REQ,REQUERIMENTO,REQUER AO PODER EXECUTIVO A INSTALAÇÃO DE PAINEIS DIGITAIS DE VELOCIDADE ACOPLADOS AOS EQUIPAMENTOS DE FISCALIZAÇÃO ELETRONICA NO MUNICIPIO DE CAMPO LARGO.,Iluminação e serviços urbanos,"IA, por regras temáticas documentadas",não,https://sapl.campolargo.pr.leg.br/materia/26286
782,29677,UNANIMIDADE,26318,921,2026,REQ,REQUERIMENTO,SOLICITA INSTALAÇÃO DE SISTEMA DE SOM NA CAPELA DO CENTRO DE CAMPO LARGO.,Outros,"IA, por regras temáticas documentadas",não,https://sapl.campolargo.pr.leg.br/materia/26318
782,29678,UNANIMIDADE,26314,917,2026,REQ,REQUERIMENTO,"SOLICITA VIABILIDADE JUNTO A COCEL DE INSTALAÇÃO DE PONTO DE ILUMINAÇÃO PÚBLICA, EM FRENTE À RESIDENCIA LOCALIZADA NA ESTRADA MORRO DO CAL, S/N, BAIRRO FELPUDO, AO LADO DO BAR DO EDSON.",Iluminação e serviços urbanos,"IA, por regras temáticas documentadas",não,https://sapl.campolargo.pr.leg.br/materia/26314
782,29679,UNANIMIDADE,26315,918,2026,REQ,REQUERIMENTO,"SOLICITA INSTALAÇÃO DE REDUTOR DE VELOCIDADE (LOMBADA) NA RUA ALFREDO CASTRO, PROXIMIDADES DO N° 381, BAIRRO NOVA TRENTO.","Ruas, trânsito e transporte","IA, por regras temáticas documentadas",não,https://sapl.campolargo.pr.leg.br/materia/26315
782,29680,UNANIMIDADE,26316,919,2026,REQ,REQUERIMENTO,"SOLICITA MANUTENÇÃO ASFÁLTICA NA RUA ANTÔNIO SALDANHA DE PAULA, ESQUINA COM A RUA QUITINO BOCAIUVA, BAIRRO POPULAR VELHA.","Ruas, trânsito e transporte","IA, por regras temáticas documentadas",não,https://sapl.campolargo.pr.leg.br/materia/26316
782,29681,UNANIMIDADE,26317,920,2026,REQ,REQUERIMENTO,"SOLICITA REVITALIZAÇÃO DA QUADRA DE CIMENTO LOCALIZADA NO CAMPO DO 21 (ARI MOURA), BAIRRO ITAQUI.","Cultura, esporte e lazer","IA, por regras temáticas documentadas",não,https://sapl.campolargo.pr.leg.br/materia/26317
782,29682,UNANIMIDADE,26275,873,2026,REQ,REQUERIMENTO,"SOLICITA PERFILAMENTO ASFÁLTICO NA TRAVESSA JOÃO SABIM, BAIRRO FAZENDINHA.","Ruas, trânsito e transporte","IA, por regras temáticas documentadas",não,https://sapl.campolargo.pr.leg.br/materia/26275
782,29684,UNANIMIDADE,26321,924,2026,REQ,REQUERIMENTO,REQUERENDO A CONSTRUÇÃO DE UM CENTRO MUNICIPAL DE EDUCAÇÃO INFANTIL (CMEI) NO DISTRITO DE TRÊS CÓRREGOS.,Educação,"IA, por regras temáticas documentadas",não,https://sapl.campolargo.pr.leg.br/materia/26321
782,29685,UNANIMIDADE,26322,925,2026,REQ,REQUERIMENTO,SOLICITA CONSTRUÇÃO DE UM MINI TERMINAL DE ÔNIBUS NO DISTRITO DE TRÊS CORREGOS.,Meio ambiente e animais,"IA, por regras temáticas documentadas",não,https://sapl.campolargo.pr.leg.br/materia/26322
782,29686,UNANIMIDADE,26307,910,2026,REQ,REQUERIMENTO,SOLICITA AQUISIÇÃO DE VIATURAS BLINDADAS PARA A GUARDA MUNICIPAL.,Segurança pública,"IA, por regras temáticas documentadas",não,https://sapl.campolargo.pr.leg.br/materia/26307
782,29687,UNANIMIDADE,26308,911,2026,REQ,REQUERIMENTO,SOLICITA ESCLARECIMENTO DO SERVIÇO PRESTADO PELA DIVISÃO DE VIGILÂNCIA SOCIOASSISTECIAL.,Outros,"IA, por regras temáticas documentadas",não,https://sapl.campolargo.pr.leg.br/materia/26308
782,29688,UNANIMIDADE,26309,912,2026,REQ,REQUERIMENTO,SOLICITA CONTRATAÇÃO DE RECEPCIONISTA PARA PRÉDIO PÚBLICO EM QUE A DIVISÃO DE VIGILÂNCIA SOCIOASSISTENCIAL ATUA.,Administração e finanças,"IA, por regras temáticas documentadas",não,https://sapl.campolargo.pr.leg.br/materia/26309
782,29689,UNANIMIDADE,26310,913,2026,REQ,REQUERIMENTO,SOLICITA FORNECIMENTO DE MAIS EQUIPAMENTOS DE COMPUTAÇÃO PARA A DIVISÃO DE VIGILÂNCIA SOCIOAMBIENTAL.,Outros,"IA, por regras temáticas documentadas",não,https://sapl.campolargo.pr.leg.br/materia/26310
782,29690,UNANIMIDADE,26311,914,2026,REQ,REQUERIMENTO,SOLICITA CRIAÇÃO DO CENTRO DE REFERÊNCIA DE ASSISTÊNCIA SOCIAL – CRAS NO CERCADINHO.,Assistência social e direitos,"IA, por regras temáticas documentadas",não,https://sapl.campolargo.pr.leg.br/materia/26311
782,29691,UNANIMIDADE,26279,877,2026,REQ,REQUERIMENTO,"SOLICITA ALTERAÇÃO DA ILUMINAÇÃO PÚBLICA EXISTENTE PARA ILUMINAÇÃO DE LED EM TODA EXTENSÃO DA RUA JOÃO GASPARETO ZAVATI, LOCALIZADA NO BAIRRO JARDIM ITAQUI.",Iluminação e serviços urbanos,"IA, por regras temáticas documentadas",não,https://sapl.campolargo.pr.leg.br/materia/26279
782,29692,UNANIMIDADE,26280,878,2026,REQ,REQUERIMENTO,"SOLICITA ALTERAÇÃO DA ILUMINAÇÃO PÚBLICA EXISTENTE PARA ILUMINAÇÃO DE LED EM TODA EXTENSÃO DA RUA SÃO SOBRAL, LOCALIZADA NO BAIRRO JARDIM ITAQUI.",Iluminação e serviços urbanos,"IA, por regras temáticas documentadas",não,https://sapl.campolargo.pr.leg.br/materia/26280
782,29693,UNANIMIDADE,26281,879,2026,REQ,REQUERIMENTO,"SOLICITA ALTERAÇÃO DA ILUMINAÇÃO PÚBLICA EXISTENTE PARA ILUMINAÇÃO DE LED EM TODA EXTENSÃO DA RUA SEBASTIÃO PEDRO RAMOS, LOCALIZADA NO BAIRRO JARDIM ITAQUI.",Iluminação e serviços urbanos,"IA, por regras temáticas documentadas",não,https://sapl.campolargo.pr.leg.br/materia/26281
782,29694,UNANIMIDADE,26283,880,2026,REQ,REQUERIMENTO,"SOLICITA ALTERAÇÃO DA ILUMINAÇÃO PÚBLICA EXISTENTE PARA ILUMINAÇÃO DE LED EM TODA EXTENSÃO DA RUA ARTUR TANER, LOCALIZADA NO BAIRRO JARDIM ITAQUI.",Iluminação e serviços urbanos,"IA, por regras temáticas documentadas",não,https://sapl.campolargo.pr.leg.br/materia/26283
782,29695,UNANIMIDADE,26284,881,2026,REQ,REQUERIMENTO,"SOLICITA SINALIZAÇÃO VIÁRIA VERTICAL E HORIZONTAL EM TODA EXTENSÃO DA RUA TERESA DA SILVA, BAIRRO BOM JESUS.","Ruas, trânsito e transporte","IA, por regras temáticas documentadas",não,https://sapl.campolargo.pr.leg.br/materia/26284
782,29696,UNANIMIDADE,26238,838,2026,REQ,REQUERIMENTO,SOLICITA PATROLAMENTO E ENSAIBRAMENTO DA RUA PRINCIPAL DO PALMITAL DOS PRETOS.,"Ruas, trânsito e transporte","IA, por regras temáticas documentadas",não,https://sapl.campolargo.pr.leg.br/materia/26238
782,29698,UNANIMIDADE,26240,840,2026,REQ,REQUERIMENTO,"SOLICITA ESTUDO TÉCNICO PARA INSTALAÇÃO DE MAIS UMA CANCHA DE AREIA, PARQUE DA LAGOA.","Cultura, esporte e lazer","IA, por regras temáticas documentadas",não,https://sapl.campolargo.pr.leg.br/materia/26240
782,29699,UNANIMIDADE,26241,841,2026,REQ,REQUERIMENTO,SOLICITA ROÇADA NA RUA GONÇALVES DIAS EM FRENTE AO NÚMERO 1799 – CENTRO – CAMPO LARGO.,Iluminação e serviços urbanos,"IA, por regras temáticas documentadas",não,https://sapl.campolargo.pr.leg.br/materia/26241
782,29700,UNANIMIDADE,26242,842,2026,REQ,REQUERIMENTO,IMPLANTAÇÃO DE CANCHADE AREA NA ESCOLA MUNICIPAL REINO DA LOUCINHA.,Educação,"IA, por regras temáticas documentadas",não,https://sapl.campolargo.pr.leg.br/materia/26242
782,29701,UNANIMIDADE,26302,904,2026,REQ,REQUERIMENTO,"SOLICITA REPERFILAMENTO ASFÁLTICO NA RUA BARBOSA LIMA, BAIRRO NOVO HORIZONTE.","Ruas, trânsito e transporte","IA, por regras temáticas documentadas",não,https://sapl.campolargo.pr.leg.br/materia/26302
782,29702,UNANIMIDADE,26303,905,2026,REQ,REQUERIMENTO,SOLICITA PAISAGISMO COM FLOREIRAS NO PERÍMETRO DA ESCOLA REINO DA LOUCINHA.,Educação,"IA, por regras temáticas documentadas",não,https://sapl.campolargo.pr.leg.br/materia/26303
782,29703,UNANIMIDADE,26304,906,2026,REQ,REQUERIMENTO,SOLICITA MANUTENÇÃO NOS BEBEDOUROS DA ESCOLA MUNICIPAL PROFESSORA ALMÉDE BARIDOTTI GALDINO.,Educação,"IA, por regras temáticas documentadas",não,https://sapl.campolargo.pr.leg.br/materia/26304
782,29704,UNANIMIDADE,26305,908,2026,REQ,REQUERIMENTO,"SOLICITA PATROLAMENTO E ESNCAIBRAMENTO DA ESTRADA DO CAPINZAL NA REGIÃO DO ITAMBÉZINHO, NESTA CIDADE.","Ruas, trânsito e transporte","IA, por regras temáticas documentadas",não,https://sapl.campolargo.pr.leg.br/materia/26305
782,29705,UNANIMIDADE,26266,864,2026,REQ,REQUERIMENTO,"SOLICITA ROÇADA DA VEGETAÇÃO QUE ESTÁ INVADINDO A RUA ANTÔNIO GUARESI, PRÓXIMO AO NUMERAL 100 ATÉ O 341, FERRARIA.",Iluminação e serviços urbanos,"IA, por regras temáticas documentadas",não,https://sapl.campolargo.pr.leg.br/materia/26266
782,29706,UNANIMIDADE,26267,865,2026,REQ,REQUERIMENTO,"SOLICITA ESTUDO DE VIABILIDADE PARA ESTACIONAMENTO EM APENAS UM DOS LADOS DA RUA VITAL BRASIL, DAVID ANTONIO, FERRARIA.","Ruas, trânsito e transporte","IA, por regras temáticas documentadas",não,https://sapl.campolargo.pr.leg.br/materia/26267
782,29707,UNANIMIDADE,26333,933,2026,REQ,REQUERIMENTO,"SOLICITA ESTUDO TECNICO PARA IMPLANTAÇÃO DE UM FRALDÁRIO NA CÂMARA MUNICIPAL DE CAMPO LARGO,",Outros,"IA, por regras temáticas documentadas",não,https://sapl.campolargo.pr.leg.br/materia/26333
782,29708,UNANIMIDADE,26329,934,2026,REQ,REQUERIMENTO,"SOLICITA ESTUDO PARA ALTERAÇÃO DO ITINERÁRIO DA LINHA DE ÔNIBUS FERRARIA, PARA QUE PASSE A TRANSITAR PELA RUA ALCIDES VALENTINO ZANELLA, AO INVÉS DE SEGUIR EXCLUSIVAMENTE PELA BR (ROD. DO CAFÉ GOV. NEY BRAGA) CAMPO LARGO.","Ruas, trânsito e transporte","IA, por regras temáticas documentadas",não,https://sapl.campolargo.pr.leg.br/materia/26329
782,29709,UNANIMIDADE,26261,859,2026,REQ,REQUERIMENTO,SOLICITA DISPONIBILIZAÇÃO DE DADOS DAS ASSOCIAÇÕES SEM FINS LUCRATIVOS EXISTENTES E ATIVAS EM NOSSA CIDADE NO PORTAL DA PREFEITURA.,Outros,"IA, por regras temáticas documentadas",não,https://sapl.campolargo.pr.leg.br/materia/26261
782,29710,UNANIMIDADE,26262,860,2026,REQ,REQUERIMENTO,SOLICITA OFÍCIO PARA O INSS REQUERENDO ATENDIMENTOS PERICIAIS EM NOSSA CIDADE PARA EVITAR DESLOCAMENTO DOS REQUERENTES A OUTROS MUNICIPIO.,Assistência social e direitos,"IA, por regras temáticas documentadas",não,https://sapl.campolargo.pr.leg.br/materia/26262
782,29711,UNANIMIDADE,26263,861,2026,REQ,REQUERIMENTO,SOLICITA INSTALAÇÃO DE CONTAINER NO BAIRRO SANTA RITA PARA QUE SIRVA DE SEDE DA ASSOCIAÇÃO DE MORADORES BEM COMO PARA UTILIZAÇÃO COMO EQUIPAMENTO PÚBLICO.,Outros,"IA, por regras temáticas documentadas",não,https://sapl.campolargo.pr.leg.br/materia/26263
782,29712,UNANIMIDADE,26268,866,2026,REQ,REQUERIMENTO,"SOLICITA ORGANIZAÇÃO DO FLUXO VIÁRIO NA RODOVIA PR-423, S/N, JARDIM ITAQUI, ÁREA DE ACESSO DA EMPRESA NOVALIGHT.","Ruas, trânsito e transporte","IA, por regras temáticas documentadas",não,https://sapl.campolargo.pr.leg.br/materia/26268
782,29713,UNANIMIDADE,26331,936,2026,REQ,REQUERIMENTO,SOLICITA QUE SE ENCAMINHE UM OFÍCIO AO INSS PARA PRESTAR INFORMAÇÕES ACERCA DA NÃO REALIZAÇÃO DE PERICIAS EM CAMPO LARGO.,Assistência social e direitos,"IA, por regras temáticas documentadas",não,https://sapl.campolargo.pr.leg.br/materia/26331
782,29714,UNANIMIDADE,26327,931,2026,REQ,REQUERIMENTO,"SOLICITA ESTUDO DE VIABILIDADE PARA IMPLEMENTAÇÃO DE DISPOSITIVOS AUXILIARES DE SINALIZAÇÃO VIÁRIA HORIZONTAL DO TIPO TACHÕES REFLETIVOS ENTRE AS RUAS PARAÍBA E MARANHÃO, NO BAIRRO ITAQUI.","Ruas, trânsito e transporte","IA, por regras temáticas documentadas",não,https://sapl.campolargo.pr.leg.br/materia/26327
782,29715,UNANIMIDADE,26289,891,2026,REQ,REQUERIMENTO,"SOLICITA ATENDIMENTO DE TRANSPORTE ESCOLAR - RESIDENCIAL CAMPO LARGO IE II, NA RUA 6, BAIRRO JARDIM SOCIAL.",Educação,"IA, por regras temáticas documentadas",não,https://sapl.campolargo.pr.leg.br/materia/26289
782,29716,UNANIMIDADE,26290,892,2026,REQ,REQUERIMENTO,"SOLICITA DESENTUPIMENTO DE MANILHAS NA RUA PEDRO SEGURO, BAIRRO BOTIATUVA.","Ruas, trânsito e transporte","IA, por regras temáticas documentadas",não,https://sapl.campolargo.pr.leg.br/materia/26290
782,29717,UNANIMIDADE,26291,893,2026,REQ,REQUERIMENTO,SOLICITA IMPLANTAÇÃO DE TELEATENDIMENTO COM SUPORTE MÉDICO NA UNIDADE DE SAÚDE DO DISTRITO DE BATEIAS.,Saúde,"IA, por regras temáticas documentadas",não,https://sapl.campolargo.pr.leg.br/materia/26291
782,29718,UNANIMIDADE,26292,894,2026,REQ,REQUERIMENTO,"SOLICITA REALIZAÇÃO DE MANUTENÇÃO URGENTE NA PONTE DE MADEIRA SITUADA NA LOCALIDADE CAMPINA DO VARGEDO, CONFORME LOCALIZAÇÃO ANEXA.","Ruas, trânsito e transporte","IA, por regras temáticas documentadas",não,https://sapl.campolargo.pr.leg.br/materia/26292
782,29719,UNANIMIDADE,26293,895,2026,REQ,REQUERIMENTO,"SOLICITA REALIZAÇÃO DE MANUTENÇÃO NA PONTE DE MADEIRA SITUADA NA LOCALIDADE RURAL DA CAMPINA DO VARGEDO, CONFORME MAPA.","Ruas, trânsito e transporte","IA, por regras temáticas documentadas",não,https://sapl.campolargo.pr.leg.br/materia/26293
783,29721,UNANIMIDADE,25896,24,2026,PLL,PROJETO DE LEI DO LEGISLATIVO,RECONHECE O WHEELING BIKE (GRAU DE BICICLETA) COMO PRÁTICA ESPORTIVA NO MUNICIPIO DE CAMPO LARGO E DÁ OUTRAS PROVIDÊNCIAS. ***COM EMENDA MODIFICATIVA***,"Cultura, esporte e lazer","IA, por regras temáticas documentadas",não,https://sapl.campolargo.pr.leg.br/materia/25896
783,29739,REJEITADO,26352,951,2026,REQ,REQUERIMENTO,"REQUERER QUE SEJA CONVOCADO O SECRETÁRIO MUNICIPAL DE VIAÇÃO E OBRAS PARA COMPARECER A ESTA CASA DE LEIS, EM DATA A SER AGENDADA, A FIM DE PRESTAR ESCLARECIMENTOS ACERCA DE ASSUNTOS RELACIONADOS À SUA PASTA.",Outros,"IA, por regras temáticas documentadas",não,https://sapl.campolargo.pr.leg.br/materia/26352
783,29742,UNANIMIDADE,26380,33,2026,PLE,PROJETO DE LEI DO EXECUTIVO,"CONCEDE REAJUSTE SALARIAL AOS SERVIDORES MUNICIPAIS E DÁ OUTRAS PROVIDÊNCIAS.
***COM REGIME DE URGENCIA***",Administração e finanças,"IA, por regras temáticas documentadas",não,https://sapl.campolargo.pr.leg.br/materia/26380
783,29722,UNANIMIDADE,25770,16,2026,PLE,PROJETO DE LEI DO EXECUTIVO,"DISPÕE SOBRE O FUNCIONAMENTO DO TERMINAL RODOVIARIO VEREADOR DARCI ANDREASSA, INSTITUI AS TARIFAS DE ACOSTAMENTO E DE EMBARQUE, ESTABELECE NORMAS PARA EMBARQUE E DESEMBARQUE DE PASSAGEIROS FORA DO TERMINAL, CONFORME ESPECIFICA.","Ruas, trânsito e transporte","IA, por regras temáticas documentadas",não,https://sapl.campolargo.pr.leg.br/materia/25770
783,29723,UNANIMIDADE,25926,22,2026,PLE,PROJETO DE LEI DO EXECUTIVO,"AUTORIZA O PODER EXECUTIVO MUNICIPAL A FIRMAR ESCRITURA PÚBLICA DE DAÇÃO EM PAGAMENTO, CONFORME ESPECIFICA.",Iluminação e serviços urbanos,"IA, por regras temáticas documentadas",não,https://sapl.campolargo.pr.leg.br/materia/25926
783,29724,UNANIMIDADE,26174,28,2026,PLE,PROJETO DE LEI DO EXECUTIVO,"DENOMINA COMO “PARQUE NATURAL MUNICIPAL NEWTON PUPPI” O IMÓVEL URBANO DO MUNICIPIO DE CAMPO LARGO, CONFORME ESPECIFICA.","Homenagens, nomes e datas","IA, por regras temáticas documentadas",não,https://sapl.campolargo.pr.leg.br/materia/26174
783,29725,UNANIMIDADE,25582,4,2026,PLL,PROJETO DE LEI DO LEGISLATIVO,"DISPÕE SOBRE A INSTITUIÇÃO DO DIA DO MASSOTERAPEUTA NO MUNICÍPIO DE CAMPO LARGO - ESTADO DO PARANÁ E DÁ OUTRAS PROVIDÊNCIAS.
***COM SUBSTITUTIVO GERAL***",Outros,"IA, por regras temáticas documentadas",não,https://sapl.campolargo.pr.leg.br/materia/25582
783,29726,UNANIMIDADE,26021,32,2026,PLL,PROJETO DE LEI DO LEGISLATIVO,"ALTERA O ART. 1° DA LEI MUNICIPAL N° 3.948, DE 16 DE DEZEMBRO DE 2025, CONFORME ESPECIFICA.",Outros,"IA, por regras temáticas documentadas",não,https://sapl.campolargo.pr.leg.br/materia/26021
783,29727,UNANIMIDADE,26073,35,2026,PLL,PROJETO DE LEI DO LEGISLATIVO,"DISPÕE SOBRE A OBRIGATORIEDADE DE NOTIFICAÇÃO À PREFEITURA DOS CASOS CONFIRMADOS DE ZOONOSES EM ANIMAIS ATENDIDOS POR SERVIÇOS DE SAÚDE E CUIDADO ANIMAL, PÚBLICOS OU PRIVADOS, NO MUNICIPIO DE CAMPO LARGO.",Saúde,"IA, por regras temáticas documentadas",não,https://sapl.campolargo.pr.leg.br/materia/26073
783,29728,UNANIMIDADE,26081,37,2026,PLL,PROJETO DE LEI DO LEGISLATIVO,"DÁ DENOMINAÇÃO DE RUA DA ARCA AO TRECHO INDICADO NO BAIRRO NOSSA SENHORA DO PILAR, CONFORME ESPECIFICA.","Homenagens, nomes e datas","IA, por regras temáticas documentadas",não,https://sapl.campolargo.pr.leg.br/materia/26081
783,29729,UNANIMIDADE,26103,38,2026,PLL,PROJETO DE LEI DO LEGISLATIVO,"INSTITUI O PROGRAMA MUNICIPAL DE APOIO E FOMENTO À CULTURA HIP HOP, CRIA A SEMANA MUNICIPAL DO HIP HOP E ESTABELECE DIRETRIZES PARA VALORIZAÇÃO DA CULTURA HIP HOP NO MUNICIPIO DE CAMPO LARGO.","Homenagens, nomes e datas","IA, por regras temáticas documentadas",não,https://sapl.campolargo.pr.leg.br/materia/26103
783,29730,UNANIMIDADE,26104,39,2026,PLL,PROJETO DE LEI DO LEGISLATIVO,INSTITUI O PROGRAMA DE INCENTIVO À PRATICA DO SKATE NO MUNICIPIO DE CAMPO LARGO E DÁ OUTRAS PROVIDÊNCIAS.,"Cultura, esporte e lazer","IA, por regras temáticas documentadas",não,https://sapl.campolargo.pr.leg.br/materia/26104
783,29731,UNANIMIDADE,26142,45,2026,PLL,PROJETO DE LEI DO LEGISLATIVO,INCLUI NO CALENDÁRIO MUNICIPAL DE CAMPO LARGO A FESTA DA PADROEIRA DA PAROQUIA NOSSA SENHORA APARECIDA E A PEREGRINAÇÃO AO MORRO DO CAL.,Outros,"IA, por regras temáticas documentadas",não,https://sapl.campolargo.pr.leg.br/materia/26142
783,29732,UNANIMIDADE,26074,36,2026,PLL,PROJETO DE LEI DO LEGISLATIVO,DECLARA DE UTILIDADE PÚBLICA MUNICIPAL DE CAMPO LARGO O CENTRO DE TRADIÇÕES GAÚCHAS PONCHO CRIOULO - CTG.,"Homenagens, nomes e datas","IA, por regras temáticas documentadas",não,https://sapl.campolargo.pr.leg.br/materia/26074
783,29733,UNANIMIDADE,26128,42,2026,PLL,PROJETO DE LEI DO LEGISLATIVO,"DECLARA DE UTILIDADE PÚBLICA O SINDICATO DAS INDUSTRIAS DE VIDROS, CRISTAIS, ESPELHOS, CERÂMICAS DE LOUÇA, PORCELANA, PISOS E REVESTIMENTOS CERÂMICOS NO ESTADO DO PARANÁ COM SEDE E FORO NO MUNICIPIO DE CAMPO LARGO.","Homenagens, nomes e datas","IA, por regras temáticas documentadas",não,https://sapl.campolargo.pr.leg.br/materia/26128
783,29740,UNANIMIDADE,26364,12,2026,VRC,VOTAÇÃO REQUERIMENTOS EM CONJUNTO,VOTAÇÃO ENGLOBADA DE TODOS REQUERIMENTOS.,Outros,"IA, por regras temáticas documentadas",não,https://sapl.campolargo.pr.leg.br/materia/26364
783,29743,UNANIMIDADE,26389,1005,2026,REQ,REQUERIMENTO,"SOLICITA INSTALAÇÃO DE SINALIZAÇÃO DE TRÂNSITO E ILUMINAÇÃO PARA AV. MARCELO PUPPI, 4169 – BOM JESUS.",Iluminação e serviços urbanos,"IA, por regras temáticas documentadas",não,https://sapl.campolargo.pr.leg.br/materia/26389
783,29744,UNANIMIDADE,26390,1006,2026,REQ,REQUERIMENTO,"SOLICITA INSTALAÇÃO DE SINALIZAÇÃO HORIZONTAL ESCOLAR NA RUA CENTENÁRIO 1815, CENTRO – PRÓXIMO AO COLÉGIO SAGRDA FAMÍLIA.","Ruas, trânsito e transporte","IA, por regras temáticas documentadas",não,https://sapl.campolargo.pr.leg.br/materia/26390
783,29745,UNANIMIDADE,26391,1007,2026,REQ,REQUERIMENTO,"SOLICITA INSTALAÇÃO DE SINALIZAÇÃO HORIZONTAL ESCOLAR NA RUA ENGENHEIRO TOURINHO 1329, CENTRO – PRÓXIMO AO COLÉGIO SAGRADA FAMÍLIA.","Ruas, trânsito e transporte","IA, por regras temáticas documentadas",não,https://sapl.campolargo.pr.leg.br/materia/26391
783,29746,UNANIMIDADE,26392,1008,2026,REQ,REQUERIMENTO,"SOLICITA INSTALAÇÃO DE SINALIZAÇÃO HORIZONTAL ESCOLAR NA RUA XV DE NOVEMBRO 1882, CENTRO – PRÓXIMO AO COLÉGIO SAGRADA FAMÍLIA.","Ruas, trânsito e transporte","IA, por regras temáticas documentadas",não,https://sapl.campolargo.pr.leg.br/materia/26392
783,29747,UNANIMIDADE,26396,1014,2026,REQ,REQUERIMENTO,"SOLICITANDO ESTUDO DE ALTERAÇÃO DE SENTIDO DA VIA, RUA RODOLFO CASTAGNOLI, TRECHO ENTRE RUA ROCHA POMBO E RUA PROFESSOR JOÃO BATISTA VALÕES, CENTRO.",Educação,"IA, por regras temáticas documentadas",não,https://sapl.campolargo.pr.leg.br/materia/26396
783,29748,UNANIMIDADE,26397,1015,2026,REQ,REQUERIMENTO,SOLICITANDO A AMPLIAÇÃO DE VAGAS EXCLUSIVAS PARA OS MUNÍCIPES NO PÁTIO DA PREFEITURA MUNICIPAL.,Outros,"IA, por regras temáticas documentadas",não,https://sapl.campolargo.pr.leg.br/materia/26397
783,29749,UNANIMIDADE,26398,1016,2026,REQ,REQUERIMENTO,SOLICITANDO ESTUDO TÉCNICO DE VIABILIDADE DE IMPLANTAÇÃO DO MODO INTERMITENTE NOS SEMÁFOROS DO MUNICÍPIO APÓS A 01 H DA MADRUGADA.,"Ruas, trânsito e transporte","IA, por regras temáticas documentadas",não,https://sapl.campolargo.pr.leg.br/materia/26398
783,29750,UNANIMIDADE,26399,1017,2026,REQ,REQUERIMENTO,SOLICITANDO VISTORIA TÉCNICA URGENTE NO VIADUTO DO CITY CENTER OUTLET EM RAZÃO DE RACHADURAS VISÍVEIS E APARENTES.,Outros,"IA, por regras temáticas documentadas",não,https://sapl.campolargo.pr.leg.br/materia/26399
783,29751,UNANIMIDADE,26358,963,2026,REQ,REQUERIMENTO,SOLICITA ESTUDO TÉCNICO E A IMPLEMENTAÇÃO DE MELHORIAS NA SINALIZAÇÃO VIÁRIA NO CRUZAMENTO DAS RUAS SÃO JORGE DEMÉTRIO PAULISTA E JOÃO ALBERTO TREVISAN.,"Ruas, trânsito e transporte","IA, por regras temáticas documentadas",não,https://sapl.campolargo.pr.leg.br/materia/26358
783,29752,UNANIMIDADE,26365,973,2026,REQ,REQUERIMENTO,"SOLICITA INSTALAÇÃO DE UM SEMÁFORO NA AVENIDA PADRE NATAL PIGATTO, ESQUINA COM A RUA ANTÔNIO BARAUSSE, PRÓXIMO DO SUPER AVENIDA SUPERMERCADO.","Ruas, trânsito e transporte","IA, por regras temáticas documentadas",não,https://sapl.campolargo.pr.leg.br/materia/26365
783,29753,UNANIMIDADE,26366,974,2026,REQ,REQUERIMENTO,"SOLICITA REALIZAR OBRA DE PATROLAMENTO, ALARGAMENTO, NIVELAMENTO E INSERÇÃO DE MATERIAL FRESADO OU SAIBRO NA TRAVESSA PIOTTO.","Ruas, trânsito e transporte","IA, por regras temáticas documentadas",não,https://sapl.campolargo.pr.leg.br/materia/26366
783,29754,UNANIMIDADE,26403,1021,2026,REQ,REQUERIMENTO,"SOLICITANDO A ALTERAÇÃO DO HORÁRIO DA LINHA DE ÔNIBUS TERMINAL SENTIDO RIVBEM – ITAQUI DE CIMA AO CITY CENTER OUTLET PREMIUM, DAS 13 H PARA AS 13:15H.","Ruas, trânsito e transporte","IA, por regras temáticas documentadas",não,https://sapl.campolargo.pr.leg.br/materia/26403
783,29755,UNANIMIDADE,26387,1002,2026,REQ,REQUERIMENTO,"REQUER ACRESCIMO DE RUAS À ROTA DO ÔNIBUS DO BAIRRO GORSKI, AVANÇANDO DA RUA IRAQUE ATÉ A RUA IRÃ.","Ruas, trânsito e transporte","IA, por regras temáticas documentadas",não,https://sapl.campolargo.pr.leg.br/materia/26387
783,29756,UNANIMIDADE,26353,952,2026,REQ,REQUERIMENTO,SOLICITA SINALIZAÇÃO PROIBITIVA PARA O TRÁFEGO DE BITRENS E VEICULOS DE GRANDE PORTE NA ESTRADA DA FAXINA.,"Ruas, trânsito e transporte","IA, por regras temáticas documentadas",não,https://sapl.campolargo.pr.leg.br/materia/26353
783,29757,UNANIMIDADE,26354,953,2026,REQ,REQUERIMENTO,SOLICITA INFORMAÇÕES OFICIAIS DA CAMPANHA DE SANEAMENTO DO PARANÁ (SANEPAR) ACERCA DO VOLUME DE RECLAMAÇÕES POR DESABASTECIMENTO DE ÁGUA NO PRIMEIRO QUADRIMESTRE DE 2026.,Iluminação e serviços urbanos,"IA, por regras temáticas documentadas",não,https://sapl.campolargo.pr.leg.br/materia/26354
783,29758,UNANIMIDADE,26355,954,2026,REQ,REQUERIMENTO,SOLICITA ALARGAMENTO DA ESTRADA DA FAXINA EM TODA A SUA EXTENSÃO.,"Ruas, trânsito e transporte","IA, por regras temáticas documentadas",não,https://sapl.campolargo.pr.leg.br/materia/26355
783,29759,UNANIMIDADE,26381,993,2026,REQ,REQUERIMENTO,"SOLICITA AMPLIAÇÃO DAS VAGAS DE ESTCIONAMENTO NA RUA LUÍS RIVABEM, EM FRENTE AO Nº1405, JARDIM RIVABEM.","Ruas, trânsito e transporte","IA, por regras temáticas documentadas",não,https://sapl.campolargo.pr.leg.br/materia/26381
783,29760,UNANIMIDADE,26382,994,2026,REQ,REQUERIMENTO,"EXTENSÃO DA REDE DE ESGOTO PARA AS RESIDÊNCIAS LOCALIZADAS NA RUA JOSÉ PERUSSOLO, Nº 779 E Nº 785, JARDIM TRÊS RIOS, CEP 83603-130.",Iluminação e serviços urbanos,"IA, por regras temáticas documentadas",não,https://sapl.campolargo.pr.leg.br/materia/26382
783,29761,UNANIMIDADE,26383,995,2026,REQ,REQUERIMENTO,"INSTALAÇÃO DE TACHAS REDONDAS NA ROTATÓRIA DA RUA EXPEDICIONÁRIO, ESQUINA COM AVENIDA ADEMAR DE BARROS E RUA BERNARDO ANTÔNIO GUERCHEWSKI, BAIRRO BOM JESUS.","Ruas, trânsito e transporte","IA, por regras temáticas documentadas",não,https://sapl.campolargo.pr.leg.br/materia/26383
783,29762,UNANIMIDADE,26384,996,2026,REQ,REQUERIMENTO,"SOLICITA PINTURA DA CAPELA SÃO SEBASTIÃO, LOCALIZADA NO DISTRITO DE BATEIAS.",Outros,"IA, por regras temáticas documentadas",não,https://sapl.campolargo.pr.leg.br/materia/26384
783,29763,UNANIMIDADE,26385,997,2026,REQ,REQUERIMENTO,"SOLICITA ADEQUAÇÃO E DIRECIONAMENTO DA ILUMINAÇÃO DO CAMPO DE FUTEBOL LOCALIZADO NO CAMPO DO 21 (ARI MOURA), BAIRRO ITAQUI.","Cultura, esporte e lazer","IA, por regras temáticas documentadas",não,https://sapl.campolargo.pr.leg.br/materia/26385
783,29764,UNANIMIDADE,26386,998,2026,REQ,REQUERIMENTO,"SOLICITA A PAVIMENTAÇÃO DA PISTA AO ENTORNO DO CAMPO DE FUTEBOL LOCALIZADO NO CAMPO DO 21 (ARI MOURA), BAIRRO ITAQUI.","Cultura, esporte e lazer","IA, por regras temáticas documentadas",não,https://sapl.campolargo.pr.leg.br/materia/26386
783,29770,UNANIMIDADE,26367,975,2026,REQ,REQUERIMENTO,"SOLICITA REPERFILAMENTO ASFÁLTICO NA RUA ELMARI DOS SANTOS ANDRADE DA SILVA, JARDIM PARAÍSO MINERAL.","Ruas, trânsito e transporte","IA, por regras temáticas documentadas",não,https://sapl.campolargo.pr.leg.br/materia/26367
783,29765,UNANIMIDADE,26368,976,2026,REQ,REQUERIMENTO,"SOLICITA REPERFILAMENTO ASFÁLTICO NA TRAVESSA ÂNGELA MAGATON STOCO, JARDIM BUSMAYER.","Ruas, trânsito e transporte","IA, por regras temáticas documentadas",não,https://sapl.campolargo.pr.leg.br/materia/26368
783,29766,UNANIMIDADE,26369,977,2026,REQ,REQUERIMENTO,"SOLICITA REPERFILAMENTO ASFÁLTICO NA TRAVESSA SATURNINO RAMOS MACHADO, JARDIM BUSMAYER.","Ruas, trânsito e transporte","IA, por regras temáticas documentadas",não,https://sapl.campolargo.pr.leg.br/materia/26369
783,29767,UNANIMIDADE,26370,978,2026,REQ,REQUERIMENTO,"SOLICITA REPERFILAMENTO ASFÁLTICO NA RUA GIRASSÓIS, JARDIM BUSMAYER.","Ruas, trânsito e transporte","IA, por regras temáticas documentadas",não,https://sapl.campolargo.pr.leg.br/materia/26370
783,29768,UNANIMIDADE,26371,979,2026,REQ,REQUERIMENTO,"SOLICITA REPERFILAMENTO ASFÁLTICO NA RUA ANTÔNIO DIRCEU ZAMPIER, LOT. SÃO GERÔNIMO.","Ruas, trânsito e transporte","IA, por regras temáticas documentadas",não,https://sapl.campolargo.pr.leg.br/materia/26371
783,29769,UNANIMIDADE,26372,980,2026,REQ,REQUERIMENTO,"SOLICITA REPERFILAMENTO ASFÁLTICO NA RUA ANGELA PERUSSOLO MARCON, JARDIM BUSMAYER.","Ruas, trânsito e transporte","IA, por regras temáticas documentadas",não,https://sapl.campolargo.pr.leg.br/materia/26372
783,29771,UNANIMIDADE,26373,981,2026,REQ,REQUERIMENTO,SOLICITA AQUISIÇÃO DE FUZIS PARA A GUARDA MUNICIPAL.,Segurança pública,"IA, por regras temáticas documentadas",não,https://sapl.campolargo.pr.leg.br/materia/26373
783,29772,UNANIMIDADE,26374,982,2026,REQ,REQUERIMENTO,SOLICITA REENQUADRAMENTO DOS SERVIDORES DO GRUPO OCUPACIONAL PROFISSIONAL DE ANALISTA SOCIAL PARA PEDAGOGO DE DESENVOLVIMENTO SOCIAL.,Educação,"IA, por regras temáticas documentadas",não,https://sapl.campolargo.pr.leg.br/materia/26374
783,29773,UNANIMIDADE,26375,983,2026,REQ,REQUERIMENTO,SOLICITA PEDIDO DE INFORMAÇÕES ACERCA DO PROCEDIMENTO DE BUSCA ATIVA REALIZADA PELO CENTRO DE ATENÇÃO PSICOSSOCIAL – CAPS.,Outros,"IA, por regras temáticas documentadas",não,https://sapl.campolargo.pr.leg.br/materia/26375
783,29774,UNANIMIDADE,26376,984,2026,REQ,REQUERIMENTO,SOLICITA DESIGNAÇÃO DE COORDENADOR(A) PARA A EQUIPE DE ATENDIMENTO SOCIOASSISTENCIAL.,Outros,"IA, por regras temáticas documentadas",não,https://sapl.campolargo.pr.leg.br/materia/26376
783,29775,UNANIMIDADE,26377,985,2026,REQ,REQUERIMENTO,"SOLICITA A INSTITUIÇÃO DE EQUIPE MULTIDISCIPLINAR VOLANTE DE ASSISTÊNCIA SOCIAL PARA ATENDIMENTO NO INTERIOR, ESPECIALMENTE PARA COMUNIDADES QUILOMBOLAS E INDIGENAS.",Assistência social e direitos,"IA, por regras temáticas documentadas",não,https://sapl.campolargo.pr.leg.br/materia/26377
783,29776,UNANIMIDADE,26378,991,2026,REQ,REQUERIMENTO,"SOLICITA SINALIZAÇÃO VIÁRIA VERTICAL E HORIZONTAL EM TODA EXTENSÃO DA RUA LEOPOLDO DEBAS, LOCALIZADA NO BAIRRO BOM JESUS.","Ruas, trânsito e transporte","IA, por regras temáticas documentadas",não,https://sapl.campolargo.pr.leg.br/materia/26378
783,29777,UNANIMIDADE,26388,1003,2026,REQ,REQUERIMENTO,"REQUER CONSTRUÇÃO DE RAMPA DE ACESSIBILIDADE NA RUA CENTENÁRIO, ESQUINA COM A RUA RUI BARBOSA.",Assistência social e direitos,"IA, por regras temáticas documentadas",não,https://sapl.campolargo.pr.leg.br/materia/26388
783,29778,UNANIMIDADE,26359,964,2026,REQ,REQUERIMENTO,SOLICITA MANUTENÇÃO DA QUADRA DE ESPORTE NA ESCOLA MUNICIPAL PROFESSORA ALMÉDE BARIDOTTI GALDINO.,Educação,"IA, por regras temáticas documentadas",não,https://sapl.campolargo.pr.leg.br/materia/26359
783,29779,UNANIMIDADE,26360,965,2026,REQ,REQUERIMENTO,"SOLICITA ROÇADA NA AV. CAETANO MUNHOZ DA ROCHA EM TODA EXTENSÃO, LOTEAMENTO SÃO GERÔNIMO.",Iluminação e serviços urbanos,"IA, por regras temáticas documentadas",não,https://sapl.campolargo.pr.leg.br/materia/26360
783,29780,UNANIMIDADE,26361,966,2026,REQ,REQUERIMENTO,"SOLICITA INFORMAÇÕES DA CONTRAPARTIDA ASSUMIDA PELA CONSTRURORA LYX ENGENHARIA REFERENTE À EXECUÇÃO DE PAVIMENTAÇÃO ASFÁLTICA DA RUA MANOEL LOPES VIEIRA, BAIRRO BOTIATUVA.","Ruas, trânsito e transporte","IA, por regras temáticas documentadas",não,https://sapl.campolargo.pr.leg.br/materia/26361
783,29781,UNANIMIDADE,26362,967,2026,REQ,REQUERIMENTO,SOLICITA PATROLAMENTO NA ANTIGA ESTRADA DO CERNE QUE FICA ENTRE A ROD. RAUL AZEVEDO DE MACEDO E A ROD. ENGENHEIRO ÂNGELO LOPES EM BATEIAS.,"Ruas, trânsito e transporte","IA, por regras temáticas documentadas",não,https://sapl.campolargo.pr.leg.br/materia/26362
783,29782,UNANIMIDADE,26379,992,2026,REQ,REQUERIMENTO,"SOLICITA REPERFILAMENTO ASFÁLTICO NA RUA D, BAIRRO NOVO HORIZONTE.","Ruas, trânsito e transporte","IA, por regras temáticas documentadas",não,https://sapl.campolargo.pr.leg.br/materia/26379
783,29783,UNANIMIDADE,26393,1010,2026,REQ,REQUERIMENTO,"SOLICITANDO INSTALAÇÃO DE UMA TENDA EM LONA PARA PROTEÇÃO DOS BRINQUEDOS INFANTIS DO CMEI CLAUDETE VIEIRA ANDREASSA, VILA DELURDES.",Educação,"IA, por regras temáticas documentadas",não,https://sapl.campolargo.pr.leg.br/materia/26393
783,29784,UNANIMIDADE,26394,1011,2026,REQ,REQUERIMENTO,"SOLICITANDO ROÇADA DA VEGETAÇÃO NA EXTENSÃO DA ESTRADA SEREIA, RONDINHA.",Iluminação e serviços urbanos,"IA, por regras temáticas documentadas",não,https://sapl.campolargo.pr.leg.br/materia/26394
783,29785,UNANIMIDADE,26400,1018,2026,REQ,REQUERIMENTO,"SOLICITANDO INSTALAÇÃO DE REDUTOR DE VELOCIDADE (TACHÕES/ TARTARUGAS) NA RUA ERNESTO CARLOS ZOPPO, PRÓXIMO AO NUMERAL 410, SANTA ANGELA.","Ruas, trânsito e transporte","IA, por regras temáticas documentadas",não,https://sapl.campolargo.pr.leg.br/materia/26400
783,29786,UNANIMIDADE,26401,1019,2026,REQ,REQUERIMENTO,"SOLICITANDO PAVIMENTAÇÃO ASFALTICA NA EXTENSÃO DA RUA TRÊS LAGOS, NO FERRARIA.","Ruas, trânsito e transporte","IA, por regras temáticas documentadas",não,https://sapl.campolargo.pr.leg.br/materia/26401
783,29787,UNANIMIDADE,26402,1020,2026,REQ,REQUERIMENTO,"SOLICITANDO PATROLAMENTO, ENSAIBRAMENTO E ALARGAMENTO NA EXTENSÃO DA ESTRADA DO SABIÁ, FERRARIA.","Ruas, trânsito e transporte","IA, por regras temáticas documentadas",não,https://sapl.campolargo.pr.leg.br/materia/26402
783,29788,UNANIMIDADE,26342,944,2026,REQ,REQUERIMENTO,"SOLICITA QUE SEJA EXPEDIDO UM OFÍCIO À SECRETÁRIA ESTADUAL DE TRABALHO, RENDA E QUALIFICAÇÃO DO PARANÁ, PARA QUE FORNEÇA UMA CARRETA DE CURSO DE MECÂNICA DE MOTOS.","Desenvolvimento, moradia e agricultura","IA, por regras temáticas documentadas",não,https://sapl.campolargo.pr.leg.br/materia/26342
783,29789,UNANIMIDADE,26343,945,2026,REQ,REQUERIMENTO,"SOLICITA QUE SEJA EXPEDIDO UM OFÍCIO À SECRETÁRIA ESTADUAL DE TRABALHO, RENDA E QUALIFICAÇÃO DO PARANÁ, PARA QUE FORNEÇA UMA CARRETA DE CURSO DE INFORMATICA PARA O MERCADO DE TRABALHO.","Desenvolvimento, moradia e agricultura","IA, por regras temáticas documentadas",não,https://sapl.campolargo.pr.leg.br/materia/26343
783,29790,UNANIMIDADE,26344,946,2026,REQ,REQUERIMENTO,"SOLICITA QUE SEJA EXPEDIDO UM OFÍCIO À SECRETÁRIA ESTADUAL DE TRABALHO, RENDA E QUALIFICAÇÃO DO PARANÁ, PARA QUE FORNEÇA UMA CARRETA DE CURSO DE INFORMATICA PARA O TECNOLOGIA E ELÉTRICA AUTOMOTIVA.","Desenvolvimento, moradia e agricultura","IA, por regras temáticas documentadas",não,https://sapl.campolargo.pr.leg.br/materia/26344
783,29791,UNANIMIDADE,26345,947,2026,REQ,REQUERIMENTO,"SOLICITA SINALIZAÇÃO VIÁRIA HORIZONTAL, COM PINTURA DE FAIXAS E DEMAIS DEMARCAÇÕES NECESSÁRIAS, NA REGIÃO DA AV. PROFA DINORAH MORAIS AZEVEDO, N° 3111, VILA SOLENE, CAMPO LARGO – PR.","Ruas, trânsito e transporte","IA, por regras temáticas documentadas",não,https://sapl.campolargo.pr.leg.br/materia/26345
783,29792,UNANIMIDADE,26346,948,2026,REQ,REQUERIMENTO,"SOLICITA INFORMAÇÕES ACERCA DA CONCLUSÃO DA OBRA DA QUADRA ESPORTIVA, LOCALIZADA NA RUA CLAUDIOMIR QUERINO DOS SANTOS, N° 98, BAIRRO POPULAR NOVA, CAMPO LARGO – PR.","Cultura, esporte e lazer","IA, por regras temáticas documentadas",não,https://sapl.campolargo.pr.leg.br/materia/26346
783,29793,UNANIMIDADE,26395,1012,2026,REQ,REQUERIMENTO,"SOLICITANDO MANUTENÇÃO CORRETIVA E RECUPERAÇÃO DO PAVIMENTO INTERTRAVADO DA CALÇADA, LOCALIZADA NA RUA GONÇALVES DIAS, Nº 1140, CENTRO.","Ruas, trânsito e transporte","IA, por regras temáticas documentadas",não,https://sapl.campolargo.pr.leg.br/materia/26395
783,29794,UNANIMIDADE,26337,939,2026,REQ,REQUERIMENTO,SOLICITA INTENSIFICAÇÃO DE RONDAS DA GUARDA MUNICIPAL NO COMPLEXO ESPORTIVO ARI MORO (CAMPO DO 21).,Segurança pública,"IA, por regras temáticas documentadas",não,https://sapl.campolargo.pr.leg.br/materia/26337
783,29795,UNANIMIDADE,26338,940,2026,REQ,REQUERIMENTO,SOLICITA ABERTURA E CREDENCIMANETO PARA CONTRATAÇÃO DE EMPRESA ESPECIALIZADA EM PRESTAÇÃO DE SERVIÇOS DE TELEMEDICINA NA ATENÇÃO BÁSICA DE SAÚDE.,Saúde,"IA, por regras temáticas documentadas",não,https://sapl.campolargo.pr.leg.br/materia/26338
783,29796,UNANIMIDADE,26339,941,2026,REQ,REQUERIMENTO,SOLICITA RECONSTRUÇÃO COM ESTRUTURAS DE GALERIA DA PONTE NA REGIÃO DO VARGEDO.,"Ruas, trânsito e transporte","IA, por regras temáticas documentadas",não,https://sapl.campolargo.pr.leg.br/materia/26339
783,29797,UNANIMIDADE,26340,942,2026,REQ,REQUERIMENTO,"SOLICITA MANUTENÇÃO E ABERTURA DE SAÍDA DE ÁGUA, NA RUA LAURITA JOSEFINA CECCATO RIVABEM, BAIRRO RIVABEM.","Ruas, trânsito e transporte","IA, por regras temáticas documentadas",não,https://sapl.campolargo.pr.leg.br/materia/26340
783,29798,UNANIMIDADE,26347,949,2026,REQ,REQUERIMENTO,"SOLICITA EXPANSÃO DO SISTEMA DE TELESSAÚDE NA REDE MUNICIPAL DE SAÚDE, VISANDO AMPLIAR O ACESSO AO TELEATENDIMENTO NA ATENÇÃO BÁSICA MUNICIPAL.",Saúde,"IA, por regras temáticas documentadas",não,https://sapl.campolargo.pr.leg.br/materia/26347
784,29799,UNANIMIDADE,26074,36,2026,PLL,PROJETO DE LEI DO LEGISLATIVO,DECLARA DE UTILIDADE PÚBLICA MUNICIPAL DE CAMPO LARGO O CENTRO DE TRADIÇÕES GAÚCHAS PONCHO CRIOULO - CTG.,"Homenagens, nomes e datas","IA, por regras temáticas documentadas",não,https://sapl.campolargo.pr.leg.br/materia/26074
784,29800,UNANIMIDADE,26128,42,2026,PLL,PROJETO DE LEI DO LEGISLATIVO,"DECLARA DE UTILIDADE PÚBLICA O SINDICATO DAS INDUSTRIAS DE VIDROS, CRISTAIS, ESPELHOS, CERÂMICAS DE LOUÇA, PORCELANA, PISOS E REVESTIMENTOS CERÂMICOS NO ESTADO DO PARANÁ COM SEDE E FORO NO MUNICIPIO DE CAMPO LARGO.","Homenagens, nomes e datas","IA, por regras temáticas documentadas",não,https://sapl.campolargo.pr.leg.br/materia/26128
784,29801,UNANIMIDADE,26218,30,2026,PLE,PROJETO DE LEI DO EXECUTIVO,"INSTITUI O PROGRAMA CAMPO LARGO AMIGO DA PESSOA IDOSA, E DÁ OUTRAS PROVIDENCIAS.",Assistência social e direitos,"IA, por regras temáticas documentadas",não,https://sapl.campolargo.pr.leg.br/materia/26218
784,29802,UNANIMIDADE,26269,31,2026,PLE,PROJETO DE LEI DO EXECUTIVO,"INSTITUI O PROGRAMA CASA ECO NO MUNICIPIO DE CAMPO LARGO, ESTABELECENDO DIRETRIZES PRA SUA EXECUÇÃO E DÁ OUTRAS PROVIDÊNCIAS.",Outros,"IA, por regras temáticas documentadas",não,https://sapl.campolargo.pr.leg.br/materia/26269
784,29803,UNANIMIDADE,26141,44,2026,PLL,PROJETO DE LEI DO LEGISLATIVO,"INSTITUI O SELO PET SEGURO NO MUNICÍPIO DE CAMPO LARGO, CONFORME ESPECIFICA.",Outros,"IA, por regras temáticas documentadas",não,https://sapl.campolargo.pr.leg.br/materia/26141
784,29804,UNANIMIDADE,26220,51,2026,PLL,PROJETO DE LEI DO LEGISLATIVO,INSTITUI O DIA MUNICIPAL DO ESPORTE AMADOR NO CALENDÁRO OFICIAL DO MUNICIPIO DE CAMPO LARGO E DÁ OUTRAS PROVIDÊNCIAS.,"Homenagens, nomes e datas","IA, por regras temáticas documentadas",não,https://sapl.campolargo.pr.leg.br/materia/26220
784,29805,UNANIMIDADE,26222,53,2026,PLL,PROJETO DE LEI DO LEGISLATIVO,INSTITUI O DIA MUNICIPAL DE CONSCIENTIZAÇÃO SOBRE A DISLEXIA NO ÂMBITO DO MUNICIPIO DE CAMPO LARGO E DÁ OUTRAS PROVIDÊNCIAS.,"Homenagens, nomes e datas","IA, por regras temáticas documentadas",não,https://sapl.campolargo.pr.leg.br/materia/26222
784,29806,UNANIMIDADE,26252,55,2026,PLL,PROJETO DE LEI DO LEGISLATIVO,"INSTITUI O DIA DO ZOOTECNISTA NO MUNICÍPIO DE CAMPO LARGO, CONFORME ESPECIFICA.",Outros,"IA, por regras temáticas documentadas",não,https://sapl.campolargo.pr.leg.br/materia/26252
784,29813,UNANIMIDADE,26455,13,2026,VRC,VOTAÇÃO REQUERIMENTOS EM CONJUNTO,VOTAÇÃO ENGLOBADA DE TODOS REQUERIMENTOS.,Outros,"IA, por regras temáticas documentadas",não,https://sapl.campolargo.pr.leg.br/materia/26455
784,29814,UNANIMIDADE,26446,1073,2026,REQ,REQUERIMENTO,"SOLICITA PATROLAMENTO E ENSAIBRAMENTO NA ESTRADA NAIR FERREIRA LEAL DA TRINDADE, NA REGIÃO DE TRÊS CORREGOS.","Ruas, trânsito e transporte","IA, por regras temáticas documentadas",não,https://sapl.campolargo.pr.leg.br/materia/26446
784,29815,UNANIMIDADE,26451,1079,2026,REQ,REQUERIMENTO,"SOLICITA ADESÃO/ CADASTRAMENTO DO MUNICIPIO DE CAMPO LARGO AO PROGRAMA “PARQUE ACESSÍVEL”, PROMOVIDO PELA SEDEF DO ESTADO DO PARANÁ.",Outros,"IA, por regras temáticas documentadas",não,https://sapl.campolargo.pr.leg.br/materia/26451
784,29816,UNANIMIDADE,26452,1080,2026,REQ,REQUERIMENTO,SOLICITA INFORMAÇÕES ACERCA DOS PROFISSIONAIS CONTRATADOS PARA MONITORIA NAS ESCOLAS.,Educação,"IA, por regras temáticas documentadas",não,https://sapl.campolargo.pr.leg.br/materia/26452
784,29817,UNANIMIDADE,26422,1045,2026,REQ,REQUERIMENTO,"SOLICITA OBRA DE MANUTENÇÃO DE VIA NA RUA PAULO ABDALA, COM PATROLAMENTO E INSERÇÃO DE MATERIAL FRESADO (OU SAIBRO), NO TRECHO AINDA NÃO PAVIMENTADO (QUE COMEÇA NO N° 650 E SE EXTENDE ATÉ O MUSEU WS AIRCRAFT MUSEUM).","Ruas, trânsito e transporte","IA, por regras temáticas documentadas",não,https://sapl.campolargo.pr.leg.br/materia/26422
784,29818,UNANIMIDADE,26409,1028,2026,REQ,REQUERIMENTO,SOLICITA CONSTRUÇÃO DE TRINCHEIRA NA RUA DOMINGOS ANDREASSA E A INTERLIGAÇÃO VIÁRIA COM A RUA ADEMAR DE BARROS.,"Ruas, trânsito e transporte","IA, por regras temáticas documentadas",não,https://sapl.campolargo.pr.leg.br/materia/26409
784,29819,UNANIMIDADE,26410,1029,2026,REQ,REQUERIMENTO,SOLICITA INFORMAÇÕES SOBRE O ESTADO DE CONSERVAÇÃO DA PONTE LOCALIZADA NA ESTRADA DO VARGEDO.,"Ruas, trânsito e transporte","IA, por regras temáticas documentadas",não,https://sapl.campolargo.pr.leg.br/materia/26410
784,29820,UNANIMIDADE,26411,1030,2026,REQ,REQUERIMENTO,"SOLICITA LIMPEZA E DESENTUPIMENTO DE BUEIRO NA RUA MANOEL VIEIRA, ESQUINA COM A RUA JOÃO STUKAS.",Iluminação e serviços urbanos,"IA, por regras temáticas documentadas",não,https://sapl.campolargo.pr.leg.br/materia/26411
784,29821,UNANIMIDADE,26412,1031,2026,REQ,REQUERIMENTO,SOLICITA DESIGNAÇÃO DE MAIS 01 ATENDENTE PARA A UNIDADE BASICA DE SAÚDE (UBS) DO BAIRRO BOM JESUS.,Saúde,"IA, por regras temáticas documentadas",não,https://sapl.campolargo.pr.leg.br/materia/26412
784,29822,UNANIMIDADE,26413,1032,2026,REQ,REQUERIMENTO,SOLICITA INFORMAÇÃO SOBRE A NORMALIZAÇÃO DO FUNCIONAMENTO 24 HORAS E PROTOCOLOS DE ATENDIMENTO EM TODAS AS CAPELAS MORTUÁRIAS MUNICIPAIS DE CAMPO LARGO.,Outros,"IA, por regras temáticas documentadas",não,https://sapl.campolargo.pr.leg.br/materia/26413
784,29823,UNANIMIDADE,26432,1057,2026,REQ,REQUERIMENTO,"SOLICITA REPERFILAMENTO ASFÁLTICO NA RUA MORRO VERMELHO, FINAL DA RUA JÚLIA BUGNIAKI.","Ruas, trânsito e transporte","IA, por regras temáticas documentadas",não,https://sapl.campolargo.pr.leg.br/materia/26432
784,29824,UNANIMIDADE,26433,1058,2026,REQ,REQUERIMENTO,"SOLICITA MANUTENÇÃO ASFÁLTICA NA RUA ADRIANO HUBER, BAIRRO VILA DE LURDES.","Ruas, trânsito e transporte","IA, por regras temáticas documentadas",não,https://sapl.campolargo.pr.leg.br/materia/26433
784,29825,UNANIMIDADE,26434,1059,2026,REQ,REQUERIMENTO,"SOLICITA REPERFILAMENTO ASFÁLTICO NA RUA EMANOELI ROGITSKI, FINAL DA RUA JULIA BUGNAKI.","Ruas, trânsito e transporte","IA, por regras temáticas documentadas",não,https://sapl.campolargo.pr.leg.br/materia/26434
784,29826,UNANIMIDADE,26435,1061,2026,REQ,REQUERIMENTO,"SOLICITA VERIFICAÇÃO JUNTO À SANEPAR SOBRE A POSSIBILIDADE DE IMPLANTAÇÃO DE REDE COLETORA DE ESGOTO EM TODA EXTENSÃO DA RUA PEDRO SEGURO, BAIRRO BOTIATUVA, CAMPO LARGO/PR.",Iluminação e serviços urbanos,"IA, por regras temáticas documentadas",não,https://sapl.campolargo.pr.leg.br/materia/26435
784,29827,UNANIMIDADE,26417,1040,2026,REQ,REQUERIMENTO,"SOLICITA COLOCAÇÃO DE MEIOS-FIOS NA RUA ESTANISLAU KELNER, BAIRRO JARDIM SOCIAL.","Ruas, trânsito e transporte","IA, por regras temáticas documentadas",não,https://sapl.campolargo.pr.leg.br/materia/26417
784,29828,UNANIMIDADE,26419,1041,2026,REQ,REQUERIMENTO,"SOLICITA MANUTENÇÃO FINAL DA CALÇADA DA AV. PROFESSORA DINORAH MORAIS AZEVEDO, EM FRENTE AO NUMERAL 2.085, BAIRRO SÃO JOSÉ.","Ruas, trânsito e transporte","IA, por regras temáticas documentadas",não,https://sapl.campolargo.pr.leg.br/materia/26419
784,29829,UNANIMIDADE,26436,1063,2026,REQ,REQUERIMENTO,"SOLICITA ENTERLIGAÇÃO ENTRE AS RUAS PEDRO RIVABEM E COPACABANA, NO BAIRRO RIVABEM.","Ruas, trânsito e transporte","IA, por regras temáticas documentadas",não,https://sapl.campolargo.pr.leg.br/materia/26436
784,29830,UNANIMIDADE,26437,1064,2026,REQ,REQUERIMENTO,"SOLICITA PAVIMENTAÇÃO ASFÁLTICA NA RUA JOSÉ GARZARO, COLÔNIA MARIANA.","Ruas, trânsito e transporte","IA, por regras temáticas documentadas",não,https://sapl.campolargo.pr.leg.br/materia/26437
784,29831,UNANIMIDADE,26438,1065,2026,REQ,REQUERIMENTO,"SOLICITA SUBSTITUIÇÃO DE LÂMPADAS COMUNS POR LÂMPADAS DE LED NA RUA JOSÉ GARZARO, COLÔNIA MARIANA.",Iluminação e serviços urbanos,"IA, por regras temáticas documentadas",não,https://sapl.campolargo.pr.leg.br/materia/26438
784,29832,UNANIMIDADE,26441,1068,2026,REQ,REQUERIMENTO,SOLICITA PROIBIÇÃO DE CIRCULAÇÃO COM BICICLETAS ELÉTRICAS NO PARQUE NEWRON PUPPI.,Outros,"IA, por regras temáticas documentadas",não,https://sapl.campolargo.pr.leg.br/materia/26441
784,29833,UNANIMIDADE,26442,1069,2026,REQ,REQUERIMENTO,SOLICITA IMPLEMENTAÇÃO DE SISTEMA GRATUITO DE CONSUTAS E PROCEDIMENTOS VETERINÁRIOS DE BAIXA COMPLEXIDADE PARA A POPULAÇÃO BAIXA RENDA.,Meio ambiente e animais,"IA, por regras temáticas documentadas",não,https://sapl.campolargo.pr.leg.br/materia/26442
784,29834,UNANIMIDADE,26443,1070,2026,REQ,REQUERIMENTO,SOLICITA DESIGNAÇÃO DE EQUIPE ESPECIFICA PARA EXECUÇÃO DO PROGRAMA PATRULA MARIA DA PENHA.,Outros,"IA, por regras temáticas documentadas",não,https://sapl.campolargo.pr.leg.br/materia/26443
784,29835,UNANIMIDADE,26444,1071,2026,REQ,REQUERIMENTO,SOLICITA DESIGNAÇÃO DE VIATURA ESPECIFICA DA GUARDA MUNICIPAL PARA ATENDIMENTO NA REGIÃO DE BATEIAS.,Segurança pública,"IA, por regras temáticas documentadas",não,https://sapl.campolargo.pr.leg.br/materia/26444
784,29836,UNANIMIDADE,26445,1072,2026,REQ,REQUERIMENTO,SOLICITA DESIGNAÇÃO DE VIATURA ESPECIFICA DA GUARDA MUNICIPAL PARA ATENDIMENTO NA REGIÃO DO ITAQUI.,Segurança pública,"IA, por regras temáticas documentadas",não,https://sapl.campolargo.pr.leg.br/materia/26445
784,29837,UNANIMIDADE,26429,1054,2026,REQ,REQUERIMENTO,SOLICITA IMPLANTAÇÃO DE UM CENTRO DE ARTES E ESPORTES UNIFICADOS (CEU DA CULTURA) NO DISTRITO DE BATEIAS.,"Cultura, esporte e lazer","IA, por regras temáticas documentadas",não,https://sapl.campolargo.pr.leg.br/materia/26429
784,29838,UNANIMIDADE,26430,1055,2026,REQ,REQUERIMENTO,"SOLICITA PINTURA VIÁRIA EM TODA EXTENSÃO DA RUA ANTENOR GUILHERME PEREIRA, LOCALIZADO NO BAIRRO SÃO LUIS.","Ruas, trânsito e transporte","IA, por regras temáticas documentadas",não,https://sapl.campolargo.pr.leg.br/materia/26430
784,29839,UNANIMIDADE,26431,1056,2026,REQ,REQUERIMENTO,"SOLICITA CONSTRUÇÃO DO CMEI NO BAIRRO BOTIATUVA, NO ANTIGO PRÉDIO DA UNIDADE BÁSICA DE SAÚDE DO BOTIATUVA.",Saúde,"IA, por regras temáticas documentadas",não,https://sapl.campolargo.pr.leg.br/materia/26431
784,29840,UNANIMIDADE,26426,1049,2026,REQ,REQUERIMENTO,"SOLICITA RESTAURAÇÃO DA MAQUINA DE ROLO COMPACTOR A VAPOR, CONHECIDA COMO “TRENZINHO DO REINO DA LOUCINHA”, ATUALMENTE LOCALIZADO JUNTO A SECRETÁRIA MUNICIPAL DE INFRAESTRUTURA VIÁRIA DE CAMPO LARGO.",Outros,"IA, por regras temáticas documentadas",não,https://sapl.campolargo.pr.leg.br/materia/26426
784,29841,UNANIMIDADE,26427,1050,2026,REQ,REQUERIMENTO,"SOLICITA REPERFILAMENTO ASFÁLTICO NA RUA A, BAIRRO NOVO HORIZONTE.","Ruas, trânsito e transporte","IA, por regras temáticas documentadas",não,https://sapl.campolargo.pr.leg.br/materia/26427
784,29842,UNANIMIDADE,26428,1051,2026,REQ,REQUERIMENTO,"SOLICITA REPERFILAMENTO ASFÁLTICO NA TRAVESSA SÃO RAFAEL, BAIRRO NOVO HORIZONTE.","Ruas, trânsito e transporte","IA, por regras temáticas documentadas",não,https://sapl.campolargo.pr.leg.br/materia/26428
784,29843,UNANIMIDADE,26439,1066,2026,REQ,REQUERIMENTO,"SOLICITA MELHORIA NA PINTURA E REVITALIZAÇÃO DA SINALIZAÇÃO HORIZONTAL EM TODA EXTENSÃO DA RUA MATO GROSSO, FERRARIA.","Ruas, trânsito e transporte","IA, por regras temáticas documentadas",não,https://sapl.campolargo.pr.leg.br/materia/26439
784,29844,UNANIMIDADE,26440,1067,2026,REQ,REQUERIMENTO,"SOLICITA INSTALAÇÃO DE TOLDOS RETRÁTEIS NA QUADRA POLIESPORTIVA DA ESCOLA MUNICIPAL JUIZ JULIO, FERRARIA.",Educação,"IA, por regras temáticas documentadas",não,https://sapl.campolargo.pr.leg.br/materia/26440
784,29845,UNANIMIDADE,26447,1074,2026,REQ,REQUERIMENTO,"SOLICITA PINTURA DE FAIXA AMARELA E SINALIZAÇÃO DE “PROIBIDO ESTACIONAR” NA RUA MATO GROSSO, DEFRONTE AO NUMERAL 9.900, FERRARIA.","Ruas, trânsito e transporte","IA, por regras temáticas documentadas",não,https://sapl.campolargo.pr.leg.br/materia/26447
784,29846,UNANIMIDADE,26448,1075,2026,REQ,REQUERIMENTO,"SOLICITA REVITALIZAÇÃO DO PISO INTERNO DA ESCOLA MUNICIPAL LUIZ JULIO, LOCALIZADA NA RUA MATO GROSSO, FERRARIA.",Educação,"IA, por regras temáticas documentadas",não,https://sapl.campolargo.pr.leg.br/materia/26448
784,29847,UNANIMIDADE,26449,1076,2026,REQ,REQUERIMENTO,"SOLICITA REVITALIZAÇÃO DOS MUROS DA ESCOLA MUNICIPAL LUIZ JULIO, LOCALIZADA NA RUA MATO GROSSO, FERRARIA.",Educação,"IA, por regras temáticas documentadas",não,https://sapl.campolargo.pr.leg.br/materia/26449
784,29848,UNANIMIDADE,26407,1026,2026,REQ,REQUERIMENTO,"SOLICITA QUE SEJA EXPEDIDO UM OFÍCIO À SECRETÁRIA ESTADUAL DE TRABALHO, RENDA E QUALIFICAÇÃO DO PARANÁ, PARA QUE FORNEÇA UMA CARRETA DE CURSO DE MANUTENÇÃO ELETRICA INDUSTRIAL.","Desenvolvimento, moradia e agricultura","IA, por regras temáticas documentadas",não,https://sapl.campolargo.pr.leg.br/materia/26407
784,29849,UNANIMIDADE,26408,1027,2026,REQ,REQUERIMENTO,"SOLICITA QUE SEJA EXPEDIDO UM OFÍCIO À SECRETÁRIA ESTADUAL DE TRABALHO, RENDA E QUALIFICAÇÃO DO PARANÁ, PARA QUE FORNEÇA UMA CARRETA DE CURSO DE MECÂNICA AUTOMOTIVA.","Desenvolvimento, moradia e agricultura","IA, por regras temáticas documentadas",não,https://sapl.campolargo.pr.leg.br/materia/26408
784,29850,UNANIMIDADE,26420,1042,2026,REQ,REQUERIMENTO,SOLICITA ESTUDO DE VIABILIDADE TECNICA E POSTERIOR EXECUÇÃO DE OBRAS DE MANILHAMENTO NA RUA POETA ORLANDO FERREIRA.,Iluminação e serviços urbanos,"IA, por regras temáticas documentadas",não,https://sapl.campolargo.pr.leg.br/materia/26420
784,29851,UNANIMIDADE,26421,1043,2026,REQ,REQUERIMENTO,"SOLICITA ROÇADA, LIMPEZA E CAPINA EM TODA A EXTENSÃO DAS MARGENS DA RUA POETA ORLANDO FERREIRA.",Iluminação e serviços urbanos,"IA, por regras temáticas documentadas",não,https://sapl.campolargo.pr.leg.br/materia/26421
784,29852,UNANIMIDADE,26450,1077,2026,REQ,REQUERIMENTO,"SOLICITA CONTINUIDADE E INTERLIGAÇÃO VIÁRIA DA RUA JOSÉ TORRES ATÉ A RUA DOMINGOS CORDEIRO, CONFORME TRAÇADO INDICADO NO MAPA, NO MUNICIPIO DE CAMPO LARGO.","Ruas, trânsito e transporte","IA, por regras temáticas documentadas",não,https://sapl.campolargo.pr.leg.br/materia/26450
784,29853,UNANIMIDADE,26414,1035,2026,REQ,REQUERIMENTO,SOLICITA RECONSTRUÇÃO COM ESTRUTURAS DE GALERIA DA PONTE NA REGIÃO DO VARGEDO.,"Ruas, trânsito e transporte","IA, por regras temáticas documentadas",não,https://sapl.campolargo.pr.leg.br/materia/26414
784,29854,UNANIMIDADE,26415,1036,2026,REQ,REQUERIMENTO,SOLICITA AMPLIAÇÃO DO ATENDIMENTO EM TELEMEDICINA PARA INTERIOR DO MUNICIPIO.,Saúde,"IA, por regras temáticas documentadas",não,https://sapl.campolargo.pr.leg.br/materia/26415
784,29855,UNANIMIDADE,26416,1037,2026,REQ,REQUERIMENTO,"SOLICITA SINALIZAÇÃO HORIZONTAL E VERTICAL, NA PONTE DA RUA JOÃO CECCATO NETO, DISTRITO DE BATEIAS, DESTE MUNICIPIO.","Ruas, trânsito e transporte","IA, por regras temáticas documentadas",não,https://sapl.campolargo.pr.leg.br/materia/26416
784,29856,UNANIMIDADE,26425,1046,2026,REQ,REQUERIMENTO,SOLICITA REFORMA/REESTRUTURAÇÃO DA PONTE LOCALIZADA NA RUA FRANCISCO XAVIER DE ALMEIDA GARRET.,"Ruas, trânsito e transporte","IA, por regras temáticas documentadas",não,https://sapl.campolargo.pr.leg.br/materia/26425
784,29857,UNANIMIDADE,26456,1047,2026,REQ,REQUERIMENTO,"SOLICITA CONSERTO/REFORMA DE CALÇADAS NA RUA SUBSTAÇÃO DA ENOLOGIA, DESDE A ESQUINA COM A RUA FRANCISCO XAVIER DE ALMEIDA GARRET ATÉ O ACESSO AO PARQUE NEWTON PUPPI, BAIRRO VILA BANCARIA.","Ruas, trânsito e transporte","IA, por regras temáticas documentadas",não,https://sapl.campolargo.pr.leg.br/materia/26456
785,29858,UNANIMIDADE,26218,30,2026,PLE,PROJETO DE LEI DO EXECUTIVO,"INSTITUI O PROGRAMA CAMPO LARGO AMIGO DA PESSOA IDOSA, E DÁ OUTRAS PROVIDENCIAS.",Assistência social e direitos,"IA, por regras temáticas documentadas",não,https://sapl.campolargo.pr.leg.br/materia/26218
785,29859,UNANIMIDADE,26120,40,2026,PLL,PROJETO DE LEI DO LEGISLATIVO,"ALTERA O ART. 9° DA LEI MUNICIPAL N° 3.624/2023, PARA INCLUIR O PROTOCOLO LEGISLATIVO NO ÂMBITO DO SETOR LEGISLATIVO DO DEPARTAMENTO JURIDICO/LEGISLATIVO DA CÂMARA MUNICIPAL DE CAMPO LARGO, CONFORME ESPECIFICA. ***COM EMENDA DE REDAÇÃO***",Outros,"IA, por regras temáticas documentadas",não,https://sapl.campolargo.pr.leg.br/materia/26120
785,29860,UNANIMIDADE,26141,44,2026,PLL,PROJETO DE LEI DO LEGISLATIVO,"INSTITUI O SELO PET SEGURO NO MUNICÍPIO DE CAMPO LARGO, CONFORME ESPECIFICA.",Outros,"IA, por regras temáticas documentadas",não,https://sapl.campolargo.pr.leg.br/materia/26141
785,29861,UNANIMIDADE,26220,51,2026,PLL,PROJETO DE LEI DO LEGISLATIVO,INSTITUI O DIA MUNICIPAL DO ESPORTE AMADOR NO CALENDÁRO OFICIAL DO MUNICIPIO DE CAMPO LARGO E DÁ OUTRAS PROVIDÊNCIAS.,"Homenagens, nomes e datas","IA, por regras temáticas documentadas",não,https://sapl.campolargo.pr.leg.br/materia/26220
785,29862,UNANIMIDADE,26222,53,2026,PLL,PROJETO DE LEI DO LEGISLATIVO,INSTITUI O DIA MUNICIPAL DE CONSCIENTIZAÇÃO SOBRE A DISLEXIA NO ÂMBITO DO MUNICIPIO DE CAMPO LARGO E DÁ OUTRAS PROVIDÊNCIAS.,"Homenagens, nomes e datas","IA, por regras temáticas documentadas",não,https://sapl.campolargo.pr.leg.br/materia/26222
785,29863,UNANIMIDADE,26252,55,2026,PLL,PROJETO DE LEI DO LEGISLATIVO,"INSTITUI O DIA DO ZOOTECNISTA NO MUNICÍPIO DE CAMPO LARGO, CONFORME ESPECIFICA.",Outros,"IA, por regras temáticas documentadas",não,https://sapl.campolargo.pr.leg.br/materia/26252
785,29864,UNANIMIDADE,26040,34,2026,PLL,PROJETO DE LEI DO LEGISLATIVO,"INSTITUI O DIA MUNICIPAL DOS AVENTUREIROS NO MUNICIPIO DE CAMPO LARGO E DÁ OUTRAS PROVIDÊNCIAS.
***COM SUBSTITUTIVO GERAL***
CUJA SÚMULA : ""INSTITUI NO CALENDÁRIO OFICIAL DE EVENTOS DO MUNICÍPIO DE CAMPO LARGO O DIA MUNICIPAL DOS AVENTUREIROS, CELEBRADO ANUALMENTE EM 18 DE MAIO.""","Homenagens, nomes e datas","IA, por regras temáticas documentadas",não,https://sapl.campolargo.pr.leg.br/materia/26040
785,29865,MAIORIA ABSOLUTA,26405,60,2026,PLL,PROJETO DE LEI DO LEGISLATIVO,"CONCEDE RECOMPOSIÇÃO SALARIAL AO PREFEITO, VICE-PREFEITO E SECRETÁRIOS MUNICIPAIS, CONFORME ESPECIFICA.",Administração e finanças,"IA, por regras temáticas documentadas",não,https://sapl.campolargo.pr.leg.br/materia/26405
785,29867,UNANIMIDADE,26454,5,2026,PR,PROJETO DE RESOLUÇÃO,"INSTITUI, NO ÂMBITO DA CÂMARA MUNICIPAL DE CAMPO LARGO - PR, O PROJETO CÂMARA MAIS PERTO DE VOCÊ, E DÁ OUTRAS PROVIDÊNCIAS.",Outros,"IA, por regras temáticas documentadas",não,https://sapl.campolargo.pr.leg.br/materia/26454
785,29877,UNANIMIDADE,26527,14,2026,VRC,VOTAÇÃO REQUERIMENTOS EM CONJUNTO,VOTAÇÃO ENGLOBADA DE TODOS OS REQUERIMENTOS.,Outros,"IA, por regras temáticas documentadas",não,https://sapl.campolargo.pr.leg.br/materia/26527
785,29878,UNANIMIDADE,26503,1128,2026,REQ,REQUERIMENTO,"SOLICITA ADEQUAÇÃO DO MANILHAMENTO NA AVENIDA CRISTINA, AO LADO DO N° 2.212, NO BAIRRO JARDIM FLORESTAL.",Iluminação e serviços urbanos,"IA, por regras temáticas documentadas",não,https://sapl.campolargo.pr.leg.br/materia/26503
785,29879,UNANIMIDADE,26497,1121,2026,REQ,REQUERIMENTO,"SOLICITA REPERFILAMENTO ASFÁLTICO EM TODA EXTENSÃO DA RUA ANTONINA, BAIRRO VILA CONCEIÇÃO.","Ruas, trânsito e transporte","IA, por regras temáticas documentadas",não,https://sapl.campolargo.pr.leg.br/materia/26497
785,29880,UNANIMIDADE,26498,1122,2026,REQ,REQUERIMENTO,"SOLICITA REPERFILAMENTO ASFÁLTICO EM TODA EXTENSÃO DA RUA LONDRINA, BAIRRO VILA CONCEIÇÃO.","Ruas, trânsito e transporte","IA, por regras temáticas documentadas",não,https://sapl.campolargo.pr.leg.br/materia/26498
785,29881,UNANIMIDADE,26499,1123,2026,REQ,REQUERIMENTO,"SOLICITA REPERFILAMENTO ASFÁLTICO EM TODA EXTENSÃO DA RUA ARARUNA, BAIRRO VILA CONCEIÇÃO.","Ruas, trânsito e transporte","IA, por regras temáticas documentadas",não,https://sapl.campolargo.pr.leg.br/materia/26499
785,29882,UNANIMIDADE,26500,1124,2026,REQ,REQUERIMENTO,"SOLICITA REPERFILAMENTO ASFÁLTICO EM TODA EXTENSÃO DA RUA DIAMANTE, BAIRRO VILA CONCEIÇÃO.","Ruas, trânsito e transporte","IA, por regras temáticas documentadas",não,https://sapl.campolargo.pr.leg.br/materia/26500
785,29883,UNANIMIDADE,26508,1134,2026,REQ,REQUERIMENTO,"SOLICITA REPERFILAMENTO ASFÁLTICO NOS TRECHOS DANIFICADOS DA ESTRADA DA SEREIA, RONDINHA.","Ruas, trânsito e transporte","IA, por regras temáticas documentadas",não,https://sapl.campolargo.pr.leg.br/materia/26508
785,29884,UNANIMIDADE,26487,1106,2026,REQ,REQUERIMENTO,"SOLICITA MEIO- FIO NA RUA JOSÉ KRUPA, BAIRRO ÁGUAS CLARAS.","Ruas, trânsito e transporte","IA, por regras temáticas documentadas",não,https://sapl.campolargo.pr.leg.br/materia/26487
785,29885,UNANIMIDADE,26516,1107,2026,REQ,REQUERIMENTO,"SOLICITA CRONOGRAMA DE OBRAS E REPARO E MANUTENÇÃO NA RUA DOS IMIGRANTES, BAIRRO CAMPINA.","Ruas, trânsito e transporte","IA, por regras temáticas documentadas",não,https://sapl.campolargo.pr.leg.br/materia/26516
785,29886,UNANIMIDADE,26517,1109,2026,REQ,REQUERIMENTO,SOLICITA IMPLEMENTAÇÃO DE UM PROGRAMA VOLTADO À PREVENÇÃO E CONSCIENTIZAÇAO DOS DANOS CAUSADOS PELOS EVENTOS E FENÔMENOS CLIMÁTICOS.,"Cultura, esporte e lazer","IA, por regras temáticas documentadas",não,https://sapl.campolargo.pr.leg.br/materia/26517
785,29887,UNANIMIDADE,26488,1110,2026,REQ,REQUERIMENTO,SOLICITA INFORMAÇÕES SOBRE AULAS ESPORTIVAS OFERTADAS PELO MUNICIPIO.,"Cultura, esporte e lazer","IA, por regras temáticas documentadas",não,https://sapl.campolargo.pr.leg.br/materia/26488
785,29888,UNANIMIDADE,26489,1111,2026,REQ,REQUERIMENTO,SOLICITA INFORMAÇÕES SOBRE AS CASAS E ESTRUTURAS ANTERIORMENTE UTILIZADAS PELO PROJETO DE FOOTGOLF NO PARQUE NEWTON PUPPI.,Outros,"IA, por regras temáticas documentadas",não,https://sapl.campolargo.pr.leg.br/materia/26489
785,29889,UNANIMIDADE,26490,1112,2026,REQ,REQUERIMENTO,"SOLICITA INFORMAÇÕES SOBRE OS MÓDULOS DE PISTAS DE SKATE, PROVENIENTES DOS CAMPOS SINTÉTICOS DA FERRARIA E BATEIAS, QUE ENCONTRAM-SE ATUALMENTE ABANDONADOS NO PARQUE NEWTON PUPPI.","Cultura, esporte e lazer","IA, por regras temáticas documentadas",não,https://sapl.campolargo.pr.leg.br/materia/26490
785,29890,UNANIMIDADE,26475,1092,2026,REQ,REQUERIMENTO,"SOLICITA REAPROVEITAMENTO DO IMÓVEL DA ANTIGA UBS BOTIATUVA, VISANDO A IMPLANTAÇÃO DE UM COMPLEXO COMUNITÁRIO DE ESPORTE E LAZER.","Cultura, esporte e lazer","IA, por regras temáticas documentadas",não,https://sapl.campolargo.pr.leg.br/materia/26475
785,29891,UNANIMIDADE,26476,1093,2026,REQ,REQUERIMENTO,SOLICITA INSTALAÇÃO DE PLAYGROUND ESTRUTURADO COM BRINQUEDOS DE INTERATIVIDADE INFANTIL NO ESPAÇO DA ANTIGA UBS BOTIATUVA.,Saúde,"IA, por regras temáticas documentadas",não,https://sapl.campolargo.pr.leg.br/materia/26476
785,29892,UNANIMIDADE,26477,1094,2026,REQ,REQUERIMENTO,SOLICITA MANUTENÇÃO ASFÁLTICA NA INTERSEÇÃO DAS RUAS PROFESSORA DINORAH ALENCAR AZEVEDO COM DOMINGOS CORDEIRO.,"Ruas, trânsito e transporte","IA, por regras temáticas documentadas",não,https://sapl.campolargo.pr.leg.br/materia/26477
785,29893,UNANIMIDADE,26478,1095,2026,REQ,REQUERIMENTO,SOLICITA PROJETO PARA EXECUÇÃO DE UMA QUADRA POLIESPORTIVA E ÁREA DE CONVIVÊNCIA SOCIAL NO ESPAÇO DA ANTIGA UBS BOTIATUVA.,Saúde,"IA, por regras temáticas documentadas",não,https://sapl.campolargo.pr.leg.br/materia/26478
785,29894,UNANIMIDADE,26479,1096,2026,REQ,REQUERIMENTO,"SOLICITA PATROLAMENTO E NIVELAMENTO NA ESTRADA DA RAMPA, BAIRRO REBOUÇAS.","Ruas, trânsito e transporte","IA, por regras temáticas documentadas",não,https://sapl.campolargo.pr.leg.br/materia/26479
785,29895,UNANIMIDADE,26480,1097,2026,REQ,REQUERIMENTO,SOLICITA CAMPANHA DE VACINAÇÃO PARA PREVENÇÃO DE DOENÇAS RESPIRATÓRIAS E PROTEÇÃO DA SAÚDE PÚBLICA NO PERÍODO FRIO.,Saúde,"IA, por regras temáticas documentadas",não,https://sapl.campolargo.pr.leg.br/materia/26480
785,29896,UNANIMIDADE,26468,1084,2026,REQ,REQUERIMENTO,SOLICITA REPERFILAMENTO ASFÁLTICO NA RUA ALBERTO BULLOW.,"Ruas, trânsito e transporte","IA, por regras temáticas documentadas",não,https://sapl.campolargo.pr.leg.br/materia/26468
785,29897,UNANIMIDADE,26469,1085,2026,REQ,REQUERIMENTO,SOLICITA REPERFILAMENTO ASFÁLTICO NA RUA ALBERTO KLEMES.,"Ruas, trânsito e transporte","IA, por regras temáticas documentadas",não,https://sapl.campolargo.pr.leg.br/materia/26469
785,29898,UNANIMIDADE,26470,1086,2026,REQ,REQUERIMENTO,SOLICITA REPERFILAMENTO ASFÁLTICO NA RUA ALAMEDA ARI.,"Ruas, trânsito e transporte","IA, por regras temáticas documentadas",não,https://sapl.campolargo.pr.leg.br/materia/26470
785,29899,UNANIMIDADE,26471,1087,2026,REQ,REQUERIMENTO,"SOLICITA MANUTENÇÃO ASFÁLTICA NA RUA SANTOS DUMONT, PRÓXIMO À NÚMERAÇÃO 535 – VILA BANCÁRIA.","Ruas, trânsito e transporte","IA, por regras temáticas documentadas",não,https://sapl.campolargo.pr.leg.br/materia/26471
785,29900,UNANIMIDADE,26518,1141,2026,REQ,REQUERIMENTO,"SOLICITA DESASSOREAMENTO DO RIA PEDREIRA, NESTE MUNICIPIO.",Meio ambiente e animais,"IA, por regras temáticas documentadas",não,https://sapl.campolargo.pr.leg.br/materia/26518
785,29901,UNANIMIDADE,26501,1126,2026,REQ,REQUERIMENTO,"SOLICITA SUBSTITUIÇÃO DA LIXEIRA EXISTENTE NO ENTRONCAMENTO DA RUA DOM RODRIGO, BAIRRO SÃO CAETANO, POR UMA CAÇAMBA FECHADA.",Iluminação e serviços urbanos,"IA, por regras temáticas documentadas",não,https://sapl.campolargo.pr.leg.br/materia/26501
785,29902,UNANIMIDADE,26502,1127,2026,REQ,REQUERIMENTO,"SOLICITA INSTALAÇÃO DE REDUTOR DE VELOCIDADE NA RUA MIGUEL ARCÂNGELO ROSSA, PROXIMO AO N° 60, BATEIAS.","Ruas, trânsito e transporte","IA, por regras temáticas documentadas",não,https://sapl.campolargo.pr.leg.br/materia/26502
785,29903,UNANIMIDADE,26505,1131,2026,REQ,REQUERIMENTO,SOLICITA IMPLANTAÇÃO DE ACADEMIA AO AR LIVRE COM PLAYGROUND NO BAIRRO CERCADINHO.,"Cultura, esporte e lazer","IA, por regras temáticas documentadas",não,https://sapl.campolargo.pr.leg.br/materia/26505
785,29904,UNANIMIDADE,26506,1132,2026,REQ,REQUERIMENTO,"SOLICITA REPERFILAMENTO ASFÁLTICO NA RUA NOSSA SENHORA DA APARECIDA, BAIRRO CERCADINHO.","Ruas, trânsito e transporte","IA, por regras temáticas documentadas",não,https://sapl.campolargo.pr.leg.br/materia/26506
785,29905,UNANIMIDADE,26507,1133,2026,REQ,REQUERIMENTO,"SOLICITA REDUTOR DE VELOCIDADE NA RUA NOSSA SENHORA DA APARECIDA, BAIRRO CERCADINHO.","Ruas, trânsito e transporte","IA, por regras temáticas documentadas",não,https://sapl.campolargo.pr.leg.br/materia/26507
785,29906,UNANIMIDADE,26510,1136,2026,REQ,REQUERIMENTO,"SOLICITA APLICAÇÃO DE MEDIDAS ADMINISTRATIVAS EM RELAÇÃO AO ATRASO NA ENTREGA DA RAÇÃO PARA AS PROTETORAS INDEPENDENTES, OBJETO DO PROCESSO N° 67/2026.",Outros,"IA, por regras temáticas documentadas",não,https://sapl.campolargo.pr.leg.br/materia/26510
785,29907,UNANIMIDADE,26511,1137,2026,REQ,REQUERIMENTO,SOLICITA FORMULÁRIO ONLINE SIMPLIFICADO PARA CADASTRO NO PROGRAMA CUIDA PET.,Outros,"IA, por regras temáticas documentadas",não,https://sapl.campolargo.pr.leg.br/materia/26511
785,29908,UNANIMIDADE,26512,1138,2026,REQ,REQUERIMENTO,SOLICITA IMPLEMENTAÇÃO DO BENEFICIO DE PLATAFORMAS CORPORATIVAS DE BEM-ESTAR PARA SERVIDORES PÚBLICOS MUNICIPAIS.,Administração e finanças,"IA, por regras temáticas documentadas",não,https://sapl.campolargo.pr.leg.br/materia/26512
785,29909,UNANIMIDADE,26513,1139,2026,REQ,REQUERIMENTO,REQUER NOTIFICAÇÃO À EMPRESA RESPONSÁVEL PELO PROGRAMA CUIDA PET SOLICITANDO O APRIMRAMENTO DA IDENTIDADE VISUAL DO VEICULO UTILIZADO NOS ATENDIMENTOS.,Outros,"IA, por regras temáticas documentadas",não,https://sapl.campolargo.pr.leg.br/materia/26513
785,29910,UNANIMIDADE,26514,1140,2026,REQ,REQUERIMENTO,"REQUER REPAVIMENTAÇÃO DA CICLOVIA DA RUA MANOEL RIBAS, NA VILA BANCÁRIA.","Ruas, trânsito e transporte","IA, por regras temáticas documentadas",não,https://sapl.campolargo.pr.leg.br/materia/26514
785,29911,UNANIMIDADE,26472,1089,2026,REQ,REQUERIMENTO,SOLICITA CONSTRUÇÃO DE UMA SEDE PRÓPRIA PARA O 1° CONSELHO TUTELAR DE CAMPO LARGO – REGIONAL CENTRO.,Assistência social e direitos,"IA, por regras temáticas documentadas",não,https://sapl.campolargo.pr.leg.br/materia/26472
785,29912,UNANIMIDADE,26473,1090,2026,REQ,REQUERIMENTO,"SOLICITA CONSTRUÇÃO DE UM VESTIÁRIO NO ESPAÇO ARI MORO (CAMPO DO 21), LOCALIZADO NA RUA AMAZONAS, BAIRRO ITAQUI.","Ruas, trânsito e transporte","IA, por regras temáticas documentadas",não,https://sapl.campolargo.pr.leg.br/materia/26473
785,29913,UNANIMIDADE,26492,1115,2026,REQ,REQUERIMENTO,"SOLICITA REALOCAÇÃO DA MAQUINA DE ROLO COMPACTOR A VAPOR, CONHECIDA COMO “TRENZINHO DO REINO DA LOUCINHA”, ATUALMENTE LOCALIZADO JUNTO A SECRETÁRIA MUNICIPAL DE INFRAESTRUTURA VIÁRIA DE CAMPO LARGO, PARA A FRENTE DA ESCOLA REINO DA LOUCINHA APÓS A SUA RESTAURAÇÃO.",Educação,"IA, por regras temáticas documentadas",não,https://sapl.campolargo.pr.leg.br/materia/26492
785,29914,UNANIMIDADE,26493,1116,2026,REQ,REQUERIMENTO,"SOLICITA REPERFILAMENTO ASFÁLTICO NA RUA E, BAIRRO NOVO HORIZONTE.","Ruas, trânsito e transporte","IA, por regras temáticas documentadas",não,https://sapl.campolargo.pr.leg.br/materia/26493
785,29917,UNANIMIDADE,26496,1119,2026,REQ,REQUERIMENTO,"SOLICITA PAVIMENTAÇÃO ASFÁLTICA NA RUA IDAIR ANTONIA TORRES SIQUEIRA, NA REGIÃO DO MIQUELETO.","Ruas, trânsito e transporte","IA, por regras temáticas documentadas",não,https://sapl.campolargo.pr.leg.br/materia/26496
785,29918,UNANIMIDADE,26474,1091,2026,REQ,REQUERIMENTO,"SOLICITA TROCA DE LÂMPADAS QUEIMADAS NA RUA MATO GROSSO, PRÓXIMO A EEE (ESTAÇÃO ELEVATÓRIA DE ESGOTO) SANEPAR, FERRARIA.",Iluminação e serviços urbanos,"IA, por regras temáticas documentadas",não,https://sapl.campolargo.pr.leg.br/materia/26474
785,29919,UNANIMIDADE,26509,1135,2026,REQ,REQUERIMENTO,"SOLICITA PAVIMENTAÇÃO ASFÁLTICA NA EXTENSÃO DA RUA JOSÉ CONDRATI, BOLINETE, FERRARIA.","Ruas, trânsito e transporte","IA, por regras temáticas documentadas",não,https://sapl.campolargo.pr.leg.br/materia/26509
785,29920,UNANIMIDADE,26522,1145,2026,REQ,REQUERIMENTO,"SOLICITA MELHORIA NA SINALIZAÇÃO HORIZONTAL E VERTICAL NAS ESQUINAS DAS RUAS TUCANOS COM A ÀGUIA-DO-MAR, LOCALIZADAS NA VILA DONA FINA, FERRARIA.","Ruas, trânsito e transporte","IA, por regras temáticas documentadas",não,https://sapl.campolargo.pr.leg.br/materia/26522
785,29921,UNANIMIDADE,26523,1146,2026,REQ,REQUERIMENTO,"SOLICITA INSTALAÇÃO DE PLACAS PARA ESTACIONAMENTO EXCLUSIVO DE VEICULOS OFICIAIS DA UBS, LOCALIZADO AO LADO DA ENTRADA DE ACESSO DA UNIDADE, FERRARIA.",Saúde,"IA, por regras temáticas documentadas",não,https://sapl.campolargo.pr.leg.br/materia/26523
785,29922,UNANIMIDADE,26524,1147,2026,REQ,REQUERIMENTO,"SOLICITA INSTALAÇÃO DE PLACA INDICATIVA DE “PROIBIDO TRÂNSITO DE CAMINHÕES DE 5 TONELADAS” NA RUA ROMUALDO PORTUGAL, SENTIDO CENTRO, PRÓXIMO AO NUMERAL 1.985, VILA OPERÁRIA.","Ruas, trânsito e transporte","IA, por regras temáticas documentadas",não,https://sapl.campolargo.pr.leg.br/materia/26524
785,29923,UNANIMIDADE,26467,1083,2026,REQ,REQUERIMENTO,SOLICITA INFORMAÇÕES SOBRE AS ALTERAÇÕES DE HORARIOS DA LINHA DE TRANSPORTE COLETIVO QUE ATENDE O BAIRRO PARTENOPE.,"Ruas, trânsito e transporte","IA, por regras temáticas documentadas",não,https://sapl.campolargo.pr.leg.br/materia/26467
785,29924,UNANIMIDADE,26486,1104,2026,REQ,REQUERIMENTO,"SOLICITA DESTINAÇÃO DOS TATAMES PARA O CENTRO DA JUVENTUDE DE CAMPO LARGO, VISANDO FORTALECER AS ATIVIDADES ESPORTIVAS, RECREATIVAS E SOCIAIS DESENVOLVIDAS JUNTO À COMUNIDADE.","Cultura, esporte e lazer","IA, por regras temáticas documentadas",não,https://sapl.campolargo.pr.leg.br/materia/26486
785,29925,UNANIMIDADE,26491,1113,2026,REQ,REQUERIMENTO,"SOLICITA IMPLANTAÇÃO DE MÓDULO OPERACIONAL, BASE DE APOIO OU PONTO DE PRESENÇA DA GUARDA MUNICIPAL NAS PROXMIDADES DO CENTRO POP DO MUNICIPIO.",Segurança pública,"IA, por regras temáticas documentadas",não,https://sapl.campolargo.pr.leg.br/materia/26491
785,29926,UNANIMIDADE,26504,1130,2026,REQ,REQUERIMENTO,SOLICITA A INSTALAÇÃO DE POSTES COM REDE DE VÔLEI NA CANCHA DE AREIA DO BAIRRO SANTA RITA.,"Cultura, esporte e lazer","IA, por regras temáticas documentadas",não,https://sapl.campolargo.pr.leg.br/materia/26504
785,29927,UNANIMIDADE,26519,1142,2026,REQ,REQUERIMENTO,"SOLICITA IMPLANTAÇÃO DE SEMÁFORO NO CRUZAMENTO ENTRE AS RUAS DOMINGOS CORDEIRO, CABRAL E OSWALDO CRUZ, NO MUNICIPIO DE CAMPO LARGO.","Ruas, trânsito e transporte","IA, por regras temáticas documentadas",não,https://sapl.campolargo.pr.leg.br/materia/26519
785,29928,UNANIMIDADE,26520,1143,2026,REQ,REQUERIMENTO,"SOLICITA RECUPERAÇÃO DE CALÇADA LOCALIZADA NA RUA ANGELO ZANETTI, PRÓXIMO AO NUMERAL 200, NO MUNICIPIO DE CAMPO LARGO.","Ruas, trânsito e transporte","IA, por regras temáticas documentadas",não,https://sapl.campolargo.pr.leg.br/materia/26520
785,29929,UNANIMIDADE,26521,1144,2026,REQ,REQUERIMENTO,"SOLICITA IMPLANTAÇÃO DE SEMÁFORO NO CRUZAMENTO ENTRE AS RUAS ARLINDO CHEMIM E DOMINGOS CORDEIRO, NO MUNICIPIO DE CAMPO LARGO.","Ruas, trânsito e transporte","IA, por regras temáticas documentadas",não,https://sapl.campolargo.pr.leg.br/materia/26521
785,29931,UNANIMIDADE,26482,1100,2026,REQ,REQUERIMENTO,"SOLICITA REVESTIMENTO ASFÁLTICO NA RUA COMENDADOR CÂNDIDO CUNHA, BAIRRO COLÔNIA BALBINO CUNHA.","Ruas, trânsito e transporte","IA, por regras temáticas documentadas",não,https://sapl.campolargo.pr.leg.br/materia/26482
785,29932,UNANIMIDADE,26483,1101,2026,REQ,REQUERIMENTO,"SOLICITA REVESTIMENTO ASFÁLTICO NA RUA 15 DE MAIO, BAIRRO COLÔNIA BALBINO CUNHA.","Ruas, trânsito e transporte","IA, por regras temáticas documentadas",não,https://sapl.campolargo.pr.leg.br/materia/26483
785,29933,UNANIMIDADE,26484,1102,2026,REQ,REQUERIMENTO,"SOLICITA MEIO-FIO NA RUA JOÃO DE ANDRADE, BAIRRO ITAQUI DE CIMA.","Ruas, trânsito e transporte","IA, por regras temáticas documentadas",não,https://sapl.campolargo.pr.leg.br/materia/26484
785,29934,UNANIMIDADE,26485,1103,2026,REQ,REQUERIMENTO,"SOLICITA MANILHAMENTO DE VIA PÚBLICA COM IMPLANTAÇÃO DE SISTEMA DE DRENAGEM PLUVIAL ADEQUADO, NA RUA JOÃO DE ANDRADE, BAIRRO ITAQUI DE CIMA.",Iluminação e serviços urbanos,"IA, por regras temáticas documentadas",não,https://sapl.campolargo.pr.leg.br/materia/26485
786,29935,UNANIMIDADE,26120,40,2026,PLL,PROJETO DE LEI DO LEGISLATIVO,"ALTERA O ART. 9° DA LEI MUNICIPAL N° 3.624/2023, PARA INCLUIR O PROTOCOLO LEGISLATIVO NO ÂMBITO DO SETOR LEGISLATIVO DO DEPARTAMENTO JURIDICO/LEGISLATIVO DA CÂMARA MUNICIPAL DE CAMPO LARGO, CONFORME ESPECIFICA. ***COM EMENDA DE REDAÇÃO***",Outros,"IA, por regras temáticas documentadas",não,https://sapl.campolargo.pr.leg.br/materia/26120
786,29936,UNANIMIDADE,26418,3,2026,MOC,MOÇÃO,SOLICITA MOÇÃO DE APLAUSOS E CONGRATULAÇÕES AO ATLETA CAMPO LARGUENSE GABRIEL IONAM NARUÊN DOS SANTOS.,"Homenagens, nomes e datas","IA, por regras temáticas documentadas",não,https://sapl.campolargo.pr.leg.br/materia/26418
786,29937,UNANIMIDADE,26040,34,2026,PLL,PROJETO DE LEI DO LEGISLATIVO,"INSTITUI O DIA MUNICIPAL DOS AVENTUREIROS NO MUNICIPIO DE CAMPO LARGO E DÁ OUTRAS PROVIDÊNCIAS.
***COM SUBSTITUTIVO GERAL***
CUJA SÚMULA : ""INSTITUI NO CALENDÁRIO OFICIAL DE EVENTOS DO MUNICÍPIO DE CAMPO LARGO O DIA MUNICIPAL DOS AVENTUREIROS, CELEBRADO ANUALMENTE EM 18 DE MAIO.""","Homenagens, nomes e datas","IA, por regras temáticas documentadas",não,https://sapl.campolargo.pr.leg.br/materia/26040
786,29938,MAIORIA ABSOLUTA,26405,60,2026,PLL,PROJETO DE LEI DO LEGISLATIVO,"CONCEDE RECOMPOSIÇÃO SALARIAL AO PREFEITO, VICE-PREFEITO E SECRETÁRIOS MUNICIPAIS, CONFORME ESPECIFICA.",Administração e finanças,"IA, por regras temáticas documentadas",não,https://sapl.campolargo.pr.leg.br/materia/26405
786,29939,UNANIMIDADE,26515,34,2026,PLE,PROJETO DE LEI DO EXECUTIVO,"CRIA O FUNDO MUNICIPAL DO CENTRO DE EVENTOS PREFEITO EMÍDIO PIANARO JUNIOR, VINCULADO À SECRETÁRIA MUNICIPAL DE DESENVOLVIMENTO ECONÔMICO E INOVAÇÃO, E DÁ OUTRAS PROVIDÊNCIAS. ***COM EMENDA DE REDAÇÃO***","Desenvolvimento, moradia e agricultura","IA, por regras temáticas documentadas",não,https://sapl.campolargo.pr.leg.br/materia/26515
786,29940,UNANIMIDADE,25871,22,2026,PLL,PROJETO DE LEI DO LEGISLATIVO,DECLARAÇÃO DE UTILIDADE PÚBLICA A ASSOCIAÇÃO BATISTA DE AÇÃO SOCIAL - ABASC COM SEDE E FORO NO MUNICÍPIO DE CURITIBA.,"Homenagens, nomes e datas","IA, por regras temáticas documentadas",não,https://sapl.campolargo.pr.leg.br/materia/25871
786,29941,UNANIMIDADE,26020,31,2026,PLL,PROJETO DE LEI DO LEGISLATIVO,"INSTITUI NO MUNICIPIO DE CAMPO LARGO O PROGRAMA EDUCATIVO E PREVENTIVO SAMUZINHO VOLTADO À CONSCIENTIZAÇÃO SOBRE PREVENÇÃO DE ACIDENTES E USO ADEQUADO DOS SERVIÇOS DE URGÊNCIA E EMERGÊNCIA, E DÁ OUTRAS PROVIDÊNCIAS.
***COM SUBSTITUTIVO GERAL*** CUJA SÚMULA: ""INSTITUI, NO MUNICÍPIO DE CAMPO LARGO, O PROGRAMA EDUCATIVO E PREVENTIVO ""SAMUZINHO"", VOLTADO À CONSCIENTIZAÇÃO SOBRE PREVENÇÃO DE ACIDENTES E USO ADEQUADO DOS SERVIÇOS DE URGÊNCIA E EMERGÊNCIA, E ESTABELECE DIRETRIZES PARA SUA IMPLEMENTAÇÃO"".
***COM VETO INTEGRAL***",Saúde,"IA, por regras temáticas documentadas",não,https://sapl.campolargo.pr.leg.br/materia/26020
786,29942,UNANIMIDADE,26288,57,2026,PLL,PROJETO DE LEI DO LEGISLATIVO,INSTITUI A POLITICA MUNICIPAL DE INCENTIVO À AGROINDUSTRIA FAMILIAR NO MUNICIPIO DE CAMPO LARGO/PR E DÁ OUTRAS PROVIDÊNCIAS.,Outros,"IA, por regras temáticas documentadas",não,https://sapl.campolargo.pr.leg.br/materia/26288
786,29943,UNANIMIDADE,26306,58,2026,PLL,PROJETO DE LEI DO LEGISLATIVO,"INSTITUI POLITICA MUNICIPAL DE ENFRENTAMENTO ÀS DROGAS ILÍCITAS.
***COM VETO INTEGRAL***",Outros,"IA, por regras temáticas documentadas",não,https://sapl.campolargo.pr.leg.br/materia/26306
786,29944,UNANIMIDADE,26348,59,2026,PLL,PROJETO DE LEI DO LEGISLATIVO,"INSTITUI A LEI CÃO ABACATE, PARA MAJORAR AS MULTAS ADMINISTRATIVAS COMINADAS À PRATICA DE MAUS-TRATOS COM CRUELDADE AOS ANIMAIS.
***COM VETO INTEGRAL***",Meio ambiente e animais,"IA, por regras temáticas documentadas",não,https://sapl.campolargo.pr.leg.br/materia/26348
786,29945,UNANIMIDADE,26123,4,2026,PR,PROJETO DE RESOLUÇÃO,"REGULAMENTA A CELEBRAÇÃO DE PARCERIAS INSTITUCIONAIS PELA CÂMARA MUNICIPAL DE CAMPO LARGO – PR, COM VISTAS AO APRIMORAMENTO DA ATIVIDADE LEGISLATIVA E ADMINISTRATIVA.",Outros,"IA, por regras temáticas documentadas",não,https://sapl.campolargo.pr.leg.br/materia/26123
787,29949,UNANIMIDADE,26515,34,2026,PLE,PROJETO DE LEI DO EXECUTIVO,"CRIA O FUNDO MUNICIPAL DO CENTRO DE EVENTOS PREFEITO EMÍDIO PIANARO JUNIOR, VINCULADO À SECRETÁRIA MUNICIPAL DE DESENVOLVIMENTO ECONÔMICO E INOVAÇÃO, E DÁ OUTRAS PROVIDÊNCIAS. ***COM EMENDA DE REDAÇÃO***","Desenvolvimento, moradia e agricultura","IA, por regras temáticas documentadas",não,https://sapl.campolargo.pr.leg.br/materia/26515
787,29950,UNANIMIDADE,25871,22,2026,PLL,PROJETO DE LEI DO LEGISLATIVO,DECLARAÇÃO DE UTILIDADE PÚBLICA A ASSOCIAÇÃO BATISTA DE AÇÃO SOCIAL - ABASC COM SEDE E FORO NO MUNICÍPIO DE CURITIBA.,"Homenagens, nomes e datas","IA, por regras temáticas documentadas",não,https://sapl.campolargo.pr.leg.br/materia/25871
787,29951,UNANIMIDADE,26020,31,2026,PLL,PROJETO DE LEI DO LEGISLATIVO,"INSTITUI NO MUNICIPIO DE CAMPO LARGO O PROGRAMA EDUCATIVO E PREVENTIVO SAMUZINHO VOLTADO À CONSCIENTIZAÇÃO SOBRE PREVENÇÃO DE ACIDENTES E USO ADEQUADO DOS SERVIÇOS DE URGÊNCIA E EMERGÊNCIA, E DÁ OUTRAS PROVIDÊNCIAS.
***COM SUBSTITUTIVO GERAL*** CUJA SÚMULA: ""INSTITUI, NO MUNICÍPIO DE CAMPO LARGO, O PROGRAMA EDUCATIVO E PREVENTIVO ""SAMUZINHO"", VOLTADO À CONSCIENTIZAÇÃO SOBRE PREVENÇÃO DE ACIDENTES E USO ADEQUADO DOS SERVIÇOS DE URGÊNCIA E EMERGÊNCIA, E ESTABELECE DIRETRIZES PARA SUA IMPLEMENTAÇÃO"".
***COM VETO INTEGRAL***",Saúde,"IA, por regras temáticas documentadas",não,https://sapl.campolargo.pr.leg.br/materia/26020
787,29952,UNANIMIDADE,26288,57,2026,PLL,PROJETO DE LEI DO LEGISLATIVO,INSTITUI A POLITICA MUNICIPAL DE INCENTIVO À AGROINDUSTRIA FAMILIAR NO MUNICIPIO DE CAMPO LARGO/PR E DÁ OUTRAS PROVIDÊNCIAS.,Outros,"IA, por regras temáticas documentadas",não,https://sapl.campolargo.pr.leg.br/materia/26288
787,29953,UNANIMIDADE,26306,58,2026,PLL,PROJETO DE LEI DO LEGISLATIVO,"INSTITUI POLITICA MUNICIPAL DE ENFRENTAMENTO ÀS DROGAS ILÍCITAS.
***COM VETO INTEGRAL***",Outros,"IA, por regras temáticas documentadas",não,https://sapl.campolargo.pr.leg.br/materia/26306
787,29954,UNANIMIDADE,26348,59,2026,PLL,PROJETO DE LEI DO LEGISLATIVO,"INSTITUI A LEI CÃO ABACATE, PARA MAJORAR AS MULTAS ADMINISTRATIVAS COMINADAS À PRATICA DE MAUS-TRATOS COM CRUELDADE AOS ANIMAIS.
***COM VETO INTEGRAL***",Meio ambiente e animais,"IA, por regras temáticas documentadas",não,https://sapl.campolargo.pr.leg.br/materia/26348
787,29955,UNANIMIDADE,26123,4,2026,PR,PROJETO DE RESOLUÇÃO,"REGULAMENTA A CELEBRAÇÃO DE PARCERIAS INSTITUCIONAIS PELA CÂMARA MUNICIPAL DE CAMPO LARGO – PR, COM VISTAS AO APRIMORAMENTO DA ATIVIDADE LEGISLATIVA E ADMINISTRATIVA.",Outros,"IA, por regras temáticas documentadas",não,https://sapl.campolargo.pr.leg.br/materia/26123
787,29961,UNANIMIDADE,26603,74,2026,PLL,PROJETO DE LEI DO LEGISLATIVO,"INSTITUI O DIA MUNICIPAL DO ASSOCIATIVISMO, A SER CELEBRADO ANUALMENTE NO DIA 15 DE JULHO.","Homenagens, nomes e datas","IA, por regras temáticas documentadas",não,https://sapl.campolargo.pr.leg.br/materia/26603
787,29963,UNANIMIDADE,26605,16,2026,VRC,VOTAÇÃO REQUERIMENTOS EM CONJUNTO,VOTAÇÃO ENGLOBADA DE TODOS REQUERIMENTOS.,Outros,"IA, por regras temáticas documentadas",não,https://sapl.campolargo.pr.leg.br/materia/26605
787,29964,UNANIMIDADE,26578,1204,2026,REQ,REQUERIMENTO,"SOLICITA CONSTRUÇÃO DE UMA CANCHA DE AREIA PARA VOLEIBOL AO LADO DO PARQUINHO, NO ESPAÇO DE LAZER DO BAIRRO PARTÊNOPE.","Cultura, esporte e lazer","IA, por regras temáticas documentadas",não,https://sapl.campolargo.pr.leg.br/materia/26578
787,29965,UNANIMIDADE,26579,1205,2026,REQ,REQUERIMENTO,"INSTALAÇÃO DE LÂMPADAS DE LED EM TODA EXTENSÃO DA RUA DIAMANTE, BAIRRO VILA CONCEIÇÃO.",Iluminação e serviços urbanos,"IA, por regras temáticas documentadas",não,https://sapl.campolargo.pr.leg.br/materia/26579
787,29966,UNANIMIDADE,26580,1206,2026,REQ,REQUERIMENTO,"SOLICITA REPERFILAMENTO ASFÁLTICO EM TODA EXTENSÃO DA RUA TRÊS, BAIRRO VILA CONCEIÇÃO.","Ruas, trânsito e transporte","IA, por regras temáticas documentadas",não,https://sapl.campolargo.pr.leg.br/materia/26580
787,29967,UNANIMIDADE,26581,1207,2026,REQ,REQUERIMENTO,SOLICITA ABERTURA E INTERLIGAÇÃO ENTRE AS RUAS AUGUSTO KUPKA E REPÚBLICA ARGENTINA.,"Ruas, trânsito e transporte","IA, por regras temáticas documentadas",não,https://sapl.campolargo.pr.leg.br/materia/26581
787,29968,UNANIMIDADE,26582,1208,2026,REQ,REQUERIMENTO,SOLICITA CONTRATAÇÃO DE UM VIGILANTE PARA ATENDER A CENTRAL DE LUTO ANEXA AO TERMINAL RODOVIÁRIO DE CAMPO LARGO NO PERIODO NOTURNO.,Administração e finanças,"IA, por regras temáticas documentadas",não,https://sapl.campolargo.pr.leg.br/materia/26582
787,29969,UNANIMIDADE,26538,1158,2026,REQ,REQUERIMENTO,"SOLICITA AMPLIAÇÃO DE REDE DE ÁGUA POTÁVEL NA RUA MARIO BRANDALISE, CAMPO DO MEIO.",Iluminação e serviços urbanos,"IA, por regras temáticas documentadas",não,https://sapl.campolargo.pr.leg.br/materia/26538
787,29970,UNANIMIDADE,26556,1177,2026,REQ,REQUERIMENTO,"SOLICITA PATROLAMENTO, NIVELAMENTO E ENSAIBRAMENTO NA ESTRADA DE SERVIDÃO RURAL RIO BONITO.","Ruas, trânsito e transporte","IA, por regras temáticas documentadas",não,https://sapl.campolargo.pr.leg.br/materia/26556
787,29971,UNANIMIDADE,26562,1185,2026,REQ,REQUERIMENTO,"SOLICITA INFORMAÇÕES E DOCUMENTOS SOBRE A CONTRATAÇÃO DA PLATAFORMA DE PRODUTIVIDADE E COLABORAÇÃO EM NUVEM GOOGLE WORKPACE, POR MEIO DA CELEPAR.",Administração e finanças,"IA, por regras temáticas documentadas",não,https://sapl.campolargo.pr.leg.br/materia/26562
787,29972,UNANIMIDADE,26599,1241,2026,REQ,REQUERIMENTO,SOLICITA QUE OS MORADORES DO JARDIM GORSKI POSSAM SER ATENDIDOS NA UNIDADE BÁSICA DE SAÚDE DO ÁGUAS CLARAS.,Saúde,"IA, por regras temáticas documentadas",não,https://sapl.campolargo.pr.leg.br/materia/26599
787,29973,UNANIMIDADE,26600,1243,2026,REQ,REQUERIMENTO,SOLICITA IMPLANTAÇÃO DE SENTIDO ÚNICO NA RUA ADEMAR DE BAIRROS.,"Ruas, trânsito e transporte","IA, por regras temáticas documentadas",não,https://sapl.campolargo.pr.leg.br/materia/26600
787,29974,UNANIMIDADE,26539,1159,2026,REQ,REQUERIMENTO,"SOLICITA MANUTENÇÃO E REPARO DA CALÇADA LOCALIZADA NA RUA ADEMAR DE BARROS, EM FRENTE AO NUMERAL 339, JARDIM SOCIAL.","Ruas, trânsito e transporte","IA, por regras temáticas documentadas",não,https://sapl.campolargo.pr.leg.br/materia/26539
787,29975,UNANIMIDADE,26540,1160,2026,REQ,REQUERIMENTO,SOLICITA MANUTENÇÃO E READEQUAÇÃO DO PAVIMENTO NA ROTATORIA DA RUA CAETANO MUNHOZ DA ROCHA.,"Ruas, trânsito e transporte","IA, por regras temáticas documentadas",não,https://sapl.campolargo.pr.leg.br/materia/26540
787,29976,UNANIMIDADE,26541,1161,2026,REQ,REQUERIMENTO,SOLICITA MANUTENÇÃO E READEQUAÇÃO DA ONDULAÇÃO TRANSVERSAL (LOMBADA) LOCALIZADA NA FRENTE DO POSTO DE SAÚDE DO ITAMBEZINHO.,Saúde,"IA, por regras temáticas documentadas",não,https://sapl.campolargo.pr.leg.br/materia/26541
787,29977,UNANIMIDADE,26542,1162,2026,REQ,REQUERIMENTO,SOLICITA IMPLANTAÇÃO DE UM MERCADO MUNICIPAL NO ESTACIONAMENTO DA PARTE SUPERIOR DO TERMINAL RODOVIÁRIO DARCI ANDREASSA.,"Ruas, trânsito e transporte","IA, por regras temáticas documentadas",não,https://sapl.campolargo.pr.leg.br/materia/26542
787,29978,UNANIMIDADE,26543,1163,2026,REQ,REQUERIMENTO,SOLICITA IMPLANTAÇÃO DE UMA FARMACIA POPULAR (OU FARMACIA BÁSICA MUNICIPAL) NAS DEPENDENCIAS DO TERMINAL RODOVIÁRIO DARCI ANDREASSA.,Saúde,"IA, por regras temáticas documentadas",não,https://sapl.campolargo.pr.leg.br/materia/26543
787,29979,UNANIMIDADE,26590,1230,2026,REQ,REQUERIMENTO,"SOLICITA PINTURA DA SINALIZAÇÃO VIÁRIA NA RUA ELIAS RIVABEM, EM TODA SUA EXTENSÃO, BAIRRO OURO VERDE.","Ruas, trânsito e transporte","IA, por regras temáticas documentadas",não,https://sapl.campolargo.pr.leg.br/materia/26590
787,29980,UNANIMIDADE,26591,1231,2026,REQ,REQUERIMENTO,"SOLICITA INSTALAÇÃO DE SEMÁFORO NO CRUZAMENTO DA RUA BERNARDO ANTÔNIO GUERCHEWSKI COM A RUA JOSÉ DE PAIVA VIDAL, VILA SANTA TEREZINHA.","Ruas, trânsito e transporte","IA, por regras temáticas documentadas",não,https://sapl.campolargo.pr.leg.br/materia/26591
787,29981,UNANIMIDADE,26592,1232,2026,REQ,REQUERIMENTO,"SOLICITA PATROLAMENTO E ENSAIBRAMENTO NA RUA MARGOS RIGONI, COLÔNIA REBOUÇAS, EM TODA SUA EXTENSÃO.","Ruas, trânsito e transporte","IA, por regras temáticas documentadas",não,https://sapl.campolargo.pr.leg.br/materia/26592
787,29982,UNANIMIDADE,26593,1233,2026,REQ,REQUERIMENTO,"SOLICITA MANUTENÇÃO ASFÁLTICA NA RUA EUCLIDES ALVES FERREIRA, NA INTERSEÇÃO COM A RUA LUIZ CARLO LONGO, ITAQUI.","Ruas, trânsito e transporte","IA, por regras temáticas documentadas",não,https://sapl.campolargo.pr.leg.br/materia/26593
787,29983,UNANIMIDADE,26598,1239,2026,REQ,REQUERIMENTO,"SOLICITA APLICAÇÃO DE MATERIAL FRESADO NA RUA PEDRO SEGURO, BOTIATUVA.","Ruas, trânsito e transporte","IA, por regras temáticas documentadas",não,https://sapl.campolargo.pr.leg.br/materia/26598
787,29984,UNANIMIDADE,26551,1172,2026,REQ,REQUERIMENTO,"SOLICITA INFORMAÇÕES SOBRE A RUA JOÃO PERLACI, JARDIM ITAQUI.","Ruas, trânsito e transporte","IA, por regras temáticas documentadas",não,https://sapl.campolargo.pr.leg.br/materia/26551
787,29985,UNANIMIDADE,26552,1173,2026,REQ,REQUERIMENTO,SOLICITA INFORMAÇÕES SOBRE A VIA RURAL AO LADO DO MERCADO CERNE (PARADA 42).,"Ruas, trânsito e transporte","IA, por regras temáticas documentadas",não,https://sapl.campolargo.pr.leg.br/materia/26552
787,29986,UNANIMIDADE,26553,1174,2026,REQ,REQUERIMENTO,"SOLICITA INFORMAÇÕES SOBRE A RUA ZITO ANGELO FADALTO, JARDIM CARMELA.","Ruas, trânsito e transporte","IA, por regras temáticas documentadas",não,https://sapl.campolargo.pr.leg.br/materia/26553
787,29987,UNANIMIDADE,26554,1175,2026,REQ,REQUERIMENTO,"SOLICITA INFORMAÇÕES SOBRE O SISTEMA VIÁRIO DO MUNICIPIO, CONFORME ANEXO.","Ruas, trânsito e transporte","IA, por regras temáticas documentadas",não,https://sapl.campolargo.pr.leg.br/materia/26554
787,29988,UNANIMIDADE,26555,1176,2026,REQ,REQUERIMENTO,"SOLICITA INFORMAÇÕES SOBRE O SISTEMA VIÁRIO DO MUNICIPIO, CONFORME ANEXO.","Ruas, trânsito e transporte","IA, por regras temáticas documentadas",não,https://sapl.campolargo.pr.leg.br/materia/26555
787,29989,UNANIMIDADE,26594,1234,2026,REQ,REQUERIMENTO,PEDIDO DE INFORMAÇÕES SOLICITANDO DETALHAMENTO DO ORÇAMENTO PREVISTO PARA O TRATAMENTO DE ESPOROTRICOSE PELO DEPARTAMENTO DE VIGILÂNCIA EM SAÚDE.,Saúde,"IA, por regras temáticas documentadas",não,https://sapl.campolargo.pr.leg.br/materia/26594
787,29990,UNANIMIDADE,26595,1235,2026,REQ,REQUERIMENTO,SOLICITA INFORMAÇÕES DE ANIMAIS QUE RECEBERAM ALTA MEDICO-VETERINÁRIA EM CLINICA CREDENCIADA À SECRETARIA MUNICIPAL DE SAÚDE DURANTE O TRATAMENTO DE ESPOROTRICOSE.,Saúde,"IA, por regras temáticas documentadas",não,https://sapl.campolargo.pr.leg.br/materia/26595
787,29991,UNANIMIDADE,26596,1236,2026,REQ,REQUERIMENTO,SOLICITA DIVULGAÇÃO DE EDITAL COMPLEMENTAR PARA OS PROTETORES DE ANIMAIS COMUNITÁRIOS.,Meio ambiente e animais,"IA, por regras temáticas documentadas",não,https://sapl.campolargo.pr.leg.br/materia/26596
787,29992,UNANIMIDADE,26597,1237,2026,REQ,REQUERIMENTO,"SOLICITA APRIMORAMENTO DA ILUMINAÇÃO DA CICLOVIA DA RUA MANOEL RIBAS, VILA BANCÁRIA.",Iluminação e serviços urbanos,"IA, por regras temáticas documentadas",não,https://sapl.campolargo.pr.leg.br/materia/26597
787,29993,UNANIMIDADE,26563,1188,2026,REQ,REQUERIMENTO,"SOLICITA MANUTENÇÃO DE BUEIROS NA RUA DOM RODRIGO NO LOTEAMENTO ITABOA, NESTA CIDADE.",Iluminação e serviços urbanos,"IA, por regras temáticas documentadas",não,https://sapl.campolargo.pr.leg.br/materia/26563
787,29994,UNANIMIDADE,26564,1189,2026,REQ,REQUERIMENTO,SOLICITA CRIAÇÃO DE LINHA DE TRANSPORTE COLETIVO ENTRE O BAIRRO FRANCISCO GORSKI AO BAIRRO TRÊS RIOS.,"Ruas, trânsito e transporte","IA, por regras temáticas documentadas",não,https://sapl.campolargo.pr.leg.br/materia/26564
787,29995,UNANIMIDADE,26565,1190,2026,REQ,REQUERIMENTO,SOLICITA INFORMAÇÕES SOBRE A CONFORMIDADE DA SINALIZAÇÃO E ANTECEDÊNCIA DAS INDICAÇÕES DE PLACAS DE VELOCIDADE EM LOCAL COM FISCALIZAÇÃO ELETRÔNICA.,"Ruas, trânsito e transporte","IA, por regras temáticas documentadas",não,https://sapl.campolargo.pr.leg.br/materia/26565
787,29996,UNANIMIDADE,26566,1191,2026,REQ,REQUERIMENTO,SOLICITA TROCA DAS LÂMPADAS DA ÁREA EXTERNA DA ESCOLA MAURO PORTUGAL.,Educação,"IA, por regras temáticas documentadas",não,https://sapl.campolargo.pr.leg.br/materia/26566
787,29997,UNANIMIDADE,26567,1192,2026,REQ,REQUERIMENTO,"SOLICITA COLETA DE LIXO NA ESTRADA DO RIO DE DENTRO, DO KM 81 AO 85 DA ESTRADA DO CERNE.",Meio ambiente e animais,"IA, por regras temáticas documentadas",não,https://sapl.campolargo.pr.leg.br/materia/26567
787,29998,UNANIMIDADE,26568,1193,2026,REQ,REQUERIMENTO,SOLICITA INFORMAÇÕES SOBRE A DESTINAÇÃO DOS RECURSOS ARRECADADOS COM MULTAS DE TRÂNSITO E ESTAR.,"Ruas, trânsito e transporte","IA, por regras temáticas documentadas",não,https://sapl.campolargo.pr.leg.br/materia/26568
787,29999,UNANIMIDADE,26569,1194,2026,REQ,REQUERIMENTO,"SOLICITA REVITALIZAÇÃO DA PRAÇA ADOLFO VAZ DA SILVA, LOCALIZADA NA RUA ROMUALDO PORTUGAL.","Ruas, trânsito e transporte","IA, por regras temáticas documentadas",não,https://sapl.campolargo.pr.leg.br/materia/26569
787,30000,UNANIMIDADE,26570,1195,2026,REQ,REQUERIMENTO,"SOLICITA INSTALAÇÃO DE LIXEIRA COLETORA DE RESIDUOS ORGÂNICOS NA ESTRADA DAS ENDOENÇAS, DITRITO DE BATEIAS.",Meio ambiente e animais,"IA, por regras temáticas documentadas",não,https://sapl.campolargo.pr.leg.br/materia/26570
787,30001,UNANIMIDADE,26571,1196,2026,REQ,REQUERIMENTO,"SOLICITA INSTALAÇÃO DE LIXEIRA PARA COLETA DE RESIDUOS ORGÂNICOS PRÓXIMO À CAPELA NOSSA SENHORA APARECIDA, DITRITO DE BATEIAS.",Meio ambiente e animais,"IA, por regras temáticas documentadas",não,https://sapl.campolargo.pr.leg.br/materia/26571
787,30002,UNANIMIDADE,26572,1197,2026,REQ,REQUERIMENTO,SOLICITA IMPLANTAÇÃO DA ROTA DE COLETA DE RESIDUOS ORGÂNICOS NO DITRITO DE BATEIAS ATÉ A ESTRADA DAS ENDOENÇAS.,Meio ambiente e animais,"IA, por regras temáticas documentadas",não,https://sapl.campolargo.pr.leg.br/materia/26572
787,30003,UNANIMIDADE,26573,1198,2026,REQ,REQUERIMENTO,"SOLICITA IMPLANTAÇÃO DA ROTA DE COLETA DE RESIDUOS ORGÂNICOS NO DITRITO DE BATEIAS ATÉ A CAPELA NOSSA SENHORA APARECIDA, NA COMUNICADE OURO FINO GRANDE.",Meio ambiente e animais,"IA, por regras temáticas documentadas",não,https://sapl.campolargo.pr.leg.br/materia/26573
787,30004,UNANIMIDADE,26557,1178,2026,REQ,REQUERIMENTO,"SOLICITA COBERTURA NO PÁTIO DA ESCOLA MUNICIPAL DONA FINA, FERRARIA.",Educação,"IA, por regras temáticas documentadas",não,https://sapl.campolargo.pr.leg.br/materia/26557
787,30005,UNANIMIDADE,26558,1179,2026,REQ,REQUERIMENTO,"SOLICITA PAVIMENTAÇÃO ASFALTICA NA ESQUINA DA RUA NABOR BRITO DO PRADO COM A RUA AMBRÓSIO CRUZARA, NAVILA TORRES, FERRARIA.","Ruas, trânsito e transporte","IA, por regras temáticas documentadas",não,https://sapl.campolargo.pr.leg.br/materia/26558
787,30006,UNANIMIDADE,26559,1180,2026,REQ,REQUERIMENTO,"SOLICITA CONSTRUÇÃO DE CALÇADA COM RAMPA DE ACESSIBILIDADE PARA CADEIRANTES NO PONTO FINAL DA LINHA DE ÔNIBUS FERRARIA, EM FRENTE À UBS FERRARIA.","Ruas, trânsito e transporte","IA, por regras temáticas documentadas",não,https://sapl.campolargo.pr.leg.br/materia/26559
787,30007,UNANIMIDADE,26560,1181,2026,REQ,REQUERIMENTO,"SOLICITA OPERAÇÃO TAPA-BURACO NA RUA WALDEMAR LEO BRAGA, EM FRENTE À ESCOLA M. JOSÉ ALEXANDRE SÁVIO, JARDIM SOCIAL.","Ruas, trânsito e transporte","IA, por regras temáticas documentadas",não,https://sapl.campolargo.pr.leg.br/materia/26560
787,30008,UNANIMIDADE,26588,1216,2026,REQ,REQUERIMENTO,"SOLICITA ALARGAMENTO DA PONTE/BUEIRO QUE SE ENCONTRA NA ESQUINA DA RUA QUATRO COM A RUA ALBERTO GONÇALVES, SANTA ANGELA, FERRARIA.","Ruas, trânsito e transporte","IA, por regras temáticas documentadas",não,https://sapl.campolargo.pr.leg.br/materia/26588
787,30009,UNANIMIDADE,26545,1165,2026,REQ,REQUERIMENTO,"SOLICITA CORTE DO PINHEIRO LOCALIZADO NA RUA JOSÉ DOMINGOS PEREIRA, OURO VERDE.","Ruas, trânsito e transporte","IA, por regras temáticas documentadas",não,https://sapl.campolargo.pr.leg.br/materia/26545
787,30010,UNANIMIDADE,26546,1166,2026,REQ,REQUERIMENTO,"SOLICITA ALARGAMENTO DA AVENIDA AYRTON SENNA DA SILVA, NAS PROXIMIDADES DO N° 5.390, BOM JESUS.","Ruas, trânsito e transporte","IA, por regras temáticas documentadas",não,https://sapl.campolargo.pr.leg.br/materia/26546
787,30011,UNANIMIDADE,26547,1167,2026,REQ,REQUERIMENTO,"SOLICITA REPARO URGENTE NA BOCA DE LOBO LOCALIZADA NA RUA ATO DOS APÓSTULOS, PRÓXIMO AO NUMERO 192.",Iluminação e serviços urbanos,"IA, por regras temáticas documentadas",não,https://sapl.campolargo.pr.leg.br/materia/26547
787,30012,UNANIMIDADE,26548,1168,2026,REQ,REQUERIMENTO,"SOLICITA CORTE DO PINHEIRO LOCALIZADO NA AVENIDA AYRTON SENNA DA SILVA, N° 5.390, BAIRRO BOM JESUS.","Ruas, trânsito e transporte","IA, por regras temáticas documentadas",não,https://sapl.campolargo.pr.leg.br/materia/26548
787,30013,UNANIMIDADE,26549,1169,2026,REQ,REQUERIMENTO,SOLICITA CURSO DE QUALIFICAÇÃO EM SISTEMA DE AUTOMOÇÃO INDUSTRIAL COM CLP POR MEIO DO PROGRAMA QUALIFICA PARANÁ.,"Desenvolvimento, moradia e agricultura","IA, por regras temáticas documentadas",não,https://sapl.campolargo.pr.leg.br/materia/26549
787,30014,UNANIMIDADE,26601,1244,2026,REQ,REQUERIMENTO,SOLICITA REDEQUAÇÃO DO SISTEMA DE ESTACIONAMENTO NA QUADRA ONDE ESTÃO LOCALIZADOS A CÂMARA MUNICIPAL DE CAMPO LARGO E DEMAIS ORGÃOS PÚBLICOS.,"Cultura, esporte e lazer","IA, por regras temáticas documentadas",não,https://sapl.campolargo.pr.leg.br/materia/26601
787,30015,UNANIMIDADE,26602,1245,2026,REQ,REQUERIMENTO,"SOLICITA AVALIAÇÃO DA CIRCULAÇÃO VIÁRIA, DEFINIÇÃO DE SENTIDO DE CIRCULAÇÃO E REVISÃO DAS PREFERENCIAIS NO ENTORNO DA CÂMARA MUNICIPAL DE CAMPO LARGO, ABRANGENDO AS RUAS ADJACENTES AOS PRÉDIOS PÚBLICOS E INSTITUIÇÕES LOCALIZADAS NA REGIÃO.","Ruas, trânsito e transporte","IA, por regras temáticas documentadas",não,https://sapl.campolargo.pr.leg.br/materia/26602
787,30016,UNANIMIDADE,26583,1209,2026,REQ,REQUERIMENTO,"SOLICITA FECHAMENTO DAS JANELAS DA SALA DOS PROFESSORES DO CENTRO MUNICIPAL DE EDUCAÇÃO INFANTIL IRMÃ DOLORES, BAIRRO JARDIM MELIANE.",Educação,"IA, por regras temáticas documentadas",não,https://sapl.campolargo.pr.leg.br/materia/26583
787,30017,UNANIMIDADE,26584,1210,2026,REQ,REQUERIMENTO,"SOLICITA AMPLIAÇÃO DE ESTACIONAMENTO DO CENTRO MUNICIPAL DE EDUCAÇÃO INFANTIL IRMÃ DOLORES, BAIRRO JARDIM MELIANE.",Educação,"IA, por regras temáticas documentadas",não,https://sapl.campolargo.pr.leg.br/materia/26584
787,30018,UNANIMIDADE,26585,1211,2026,REQ,REQUERIMENTO,"SOLICITA CONTENÇÃO DE EROSÃO, NA RUA MANOEL RIBAS, NO ENCONTRO COM A RUA FRANCISCO XAVIER DE ALMEIDA GARRET, VILA BANCÁRIA.","Ruas, trânsito e transporte","IA, por regras temáticas documentadas",não,https://sapl.campolargo.pr.leg.br/materia/26585
787,30019,UNANIMIDADE,26586,1213,2026,REQ,REQUERIMENTO,"SOLICITA ENSAIBRAMENTO E PATROLAMENTO NA ESTRADA DO CEMITÉRIO DE TRÊS CORREGOS, VIA QUE DÁ ACESSO AO CEMITÉRIO DA COMUNIDADE, DISTRITO DE TRÊS CORREGO, INTERIOR DESTE MUNICIPIO.","Ruas, trânsito e transporte","IA, por regras temáticas documentadas",não,https://sapl.campolargo.pr.leg.br/materia/26586
787,30020,UNANIMIDADE,26587,1214,2026,REQ,REQUERIMENTO,"SOLICITA MANILHAMENTO NA RUA BATISTA SABIM, BAIRRO ITAQUI DE CIMA, NESTE MUNICIPIO.",Iluminação e serviços urbanos,"IA, por regras temáticas documentadas",não,https://sapl.campolargo.pr.leg.br/materia/26587
788,30021,UNANIMIDADE,26515,34,2026,PLE,PROJETO DE LEI DO EXECUTIVO,"CRIA O FUNDO MUNICIPAL DO CENTRO DE EVENTOS PREFEITO EMÍDIO PIANARO JUNIOR, VINCULADO À SECRETÁRIA MUNICIPAL DE DESENVOLVIMENTO ECONÔMICO E INOVAÇÃO, E DÁ OUTRAS PROVIDÊNCIAS. ***COM EMENDA DE REDAÇÃO***","Desenvolvimento, moradia e agricultura","IA, por regras temáticas documentadas",não,https://sapl.campolargo.pr.leg.br/materia/26515
788,30022,UNANIMIDADE,26575,4,2026,MOC,MOÇÃO,SOLICITA MOÇÃO DE APLAUSOS PARA REBECCA ABEL.,"Homenagens, nomes e datas","IA, por regras temáticas documentadas",não,https://sapl.campolargo.pr.leg.br/materia/26575
788,30023,UNANIMIDADE,26576,5,2026,MOC,MOÇÃO,SOLICITA MOÇÃO DE APLAUSOS PARA ROSÂNGELA PESERICO DORNELLES FLORES.,"Homenagens, nomes e datas","IA, por regras temáticas documentadas",não,https://sapl.campolargo.pr.leg.br/materia/26576
788,30024,UNANIMIDADE,26577,6,2026,MOC,MOÇÃO,SOLICITA MOÇÃO DE APLAUSOS PARA PAUL ABEL.,"Homenagens, nomes e datas","IA, por regras temáticas documentadas",não,https://sapl.campolargo.pr.leg.br/materia/26577
788,30025,UNANIMIDADE,26589,35,2026,PLE,PROJETO DE LEI DO EXECUTIVO,"DISPÕE SOBRE A REESTIMATIVA DE RECEITA DO FUNDEB (FUNDO DE MANUTENÇÃO E DESENVOLVIMENTO DA EDUCAÇÃO BÁSICA E DE VALORIZAÇÃO DOS PROFISSIONAIS DA EDUCAÇÃO), COMPLEMENTAÇÃO VAAR (VALOR ALUNO ANO RESULTADO) E SALÁRIO EDUCAÇÃO, EM RAZÃO DA ATUALIZAÇÃO DOS VALORES DAS COMPLEMENTAÇÕS DA UNIÃO, E DÁ OUTRAS PROVIDÊNCIAS.",Educação,"IA, por regras temáticas documentadas",não,https://sapl.campolargo.pr.leg.br/materia/26589
788,30026,UNANIMIDADE,26453,61,2026,PLL,PROJETO DE LEI DO LEGISLATIVO,"ALTERA A LEI 3.624/2023, DE 19 DE JULHO DE 2023, QUE ESTABELECE A ESTRUTURA INSTITUCIONAL - ORGANIZACIONAL. DISPÕE SOBRE O QUADRO DE PESSOAL E INSTITUI O PLANO DE CARGOS, SCARREIRAS E REMUNERAÇÕES DA CÂMARA MUNICIPAL DE CAMPO LARGO, E DÁ OUTRAS PROVIDÊNCIAS.",Administração e finanças,"IA, por regras temáticas documentadas",não,https://sapl.campolargo.pr.leg.br/materia/26453
788,30027,UNANIMIDADE,26535,70,2026,PLL,PROJETO DE LEI DO LEGISLATIVO,DECLARA DE UTILIDADE PÚBLICA A AGICAMP – ASSOCIAÇÃO CAMPO-LARGUENSE DE GINÁSTICA RÍTMICA.,"Homenagens, nomes e datas","IA, por regras temáticas documentadas",não,https://sapl.campolargo.pr.leg.br/materia/26535
788,30028,UNANIMIDADE,26630,36,2026,PLE,PROJETO DE LEI DO EXECUTIVO,"ALTERA DISPOSITIVOS DA LEI MUNICIPAL Nº 2.087, DE 18 DE DEZEMBRO DE 2008 – CÓDIGO TRIBUTÁRIO DO MUNICIPIO DE CAMPO LARGO, CONFORME ESPECIFICA.",Administração e finanças,"IA, por regras temáticas documentadas",não,https://sapl.campolargo.pr.leg.br/materia/26630
788,30042,UNANIMIDADE,26672,17,2026,VRC,VOTAÇÃO REQUERIMENTOS EM CONJUNTO,VOTAÇÃO ENGLOBADA DE TODOS REQUERIMENTOS.,Outros,"IA, por regras temáticas documentadas",não,https://sapl.campolargo.pr.leg.br/materia/26672
788,30043,UNANIMIDADE,26646,1284,2026,REQ,REQUERIMENTO,SOLICITANDO REVITALIZAÇÃO DA SINALIZAÇÃO VIÁRIA NO CRUZAMENTO DAS RUAS BARÃO DO RIO BRANCO E GENEROSO MARQUES.,"Ruas, trânsito e transporte","IA, por regras temáticas documentadas",não,https://sapl.campolargo.pr.leg.br/materia/26646
788,30044,UNANIMIDADE,26652,1292,2026,REQ,REQUERIMENTO,SOLICITA PATROLAMENTO E ENSAIBRAMENTO NA ESTRADA DOS PESSEGUEIROS.,"Ruas, trânsito e transporte","IA, por regras temáticas documentadas",não,https://sapl.campolargo.pr.leg.br/materia/26652
788,30046,UNANIMIDADE,26655,1296,2026,REQ,REQUERIMENTO,"SOLICITA INSTALAÇÃO DE LUMINÁRIAS DE LED NA RUA PEDRO BADUI, JARDIM DAS PALMAS.",Iluminação e serviços urbanos,"IA, por regras temáticas documentadas",não,https://sapl.campolargo.pr.leg.br/materia/26655
788,30047,UNANIMIDADE,26618,1254,2026,REQ,REQUERIMENTO,"SOLICITA REFORÇO NA SINALIZAÇÃO HORIZONTAL (PINTURA DE LOMBADA) NA RODOVIA ENGENHEIRO RAUL AZEVEDO MACEDO, COORDENADAS 25º22'15.7""S 49º30'37.""W.","Ruas, trânsito e transporte","IA, por regras temáticas documentadas",não,https://sapl.campolargo.pr.leg.br/materia/26618
788,30048,UNANIMIDADE,26619,1255,2026,REQ,REQUERIMENTO,"SOLICITA INSTALAÇÃO DE SEMÁFORO NO CRUZAMENTO ENTRE AS RUAS DOM PEDRO II E FRANCISCO XAVIER DE ALMEIDA GARRET, CENTRO.","Ruas, trânsito e transporte","IA, por regras temáticas documentadas",não,https://sapl.campolargo.pr.leg.br/materia/26619
788,30049,UNANIMIDADE,26620,1256,2026,REQ,REQUERIMENTO,"SOLICITA REFORÇO NA SINALIZAÇÃO INFORMATIVA DA RODOVIA PR-090, ACERCA DO DESLOCAMENTO DE MÁQUINAS E IMPLEMENTOS AGRÍCOLAS.","Ruas, trânsito e transporte","IA, por regras temáticas documentadas",não,https://sapl.campolargo.pr.leg.br/materia/26620
788,30050,UNANIMIDADE,26621,1257,2026,REQ,REQUERIMENTO,"SOLICITA REFORÇO NA SINALIZAÇÃO INFORMATIVA DA RODOVIA PR-510, ACERCA DO DESLOCAMENTO DE MÁQUINAS E IMPLEMENTOS AGRÍCOLAS.","Ruas, trânsito e transporte","IA, por regras temáticas documentadas",não,https://sapl.campolargo.pr.leg.br/materia/26621
788,30051,UNANIMIDADE,26651,1291,2026,REQ,REQUERIMENTO,"SOLICITA REVESTIMENTO ASFÁLTICO EM TODA A EXTENSÃO DA RUA JOSÉ DE SOUZA DURSKI (INICIO NA PR-510 ATÉ A PONTE), BAIRRO CAMPO DO MEIO.","Ruas, trânsito e transporte","IA, por regras temáticas documentadas",não,https://sapl.campolargo.pr.leg.br/materia/26651
788,30054,UNANIMIDADE,26622,1258,2026,REQ,REQUERIMENTO,"SOLICITA TAPA-BURACO NA RUA SUBSTAÇÃO DA ENOLOGIA, PRÓXIMO AO NÚMERO 407.","Ruas, trânsito e transporte","IA, por regras temáticas documentadas",não,https://sapl.campolargo.pr.leg.br/materia/26622
788,30055,UNANIMIDADE,26623,1259,2026,REQ,REQUERIMENTO,"SOLICITA PATROLAMENTO E NIVELAMENTO DA ESTRADA DO VARGEDO, ESPECIALMENTE NO TRECHO QUE DÁ ACESSO À IGREJA CATÓLICA DA COMUNIDADE.","Ruas, trânsito e transporte","IA, por regras temáticas documentadas",não,https://sapl.campolargo.pr.leg.br/materia/26623
788,30056,UNANIMIDADE,26624,1260,2026,REQ,REQUERIMENTO,SOLICITA MANUTENÇÃO DE BUEIRO NA LOCALIDADE DO PALMITAL DOS PRETOS – PASSO DO LOBISOMEM.,Iluminação e serviços urbanos,"IA, por regras temáticas documentadas",não,https://sapl.campolargo.pr.leg.br/materia/26624
788,30057,UNANIMIDADE,26625,1261,2026,REQ,REQUERIMENTO,"SOLICITA PATROLAMENTO NA ESTRADA DO RIO DOS MATOS, PRÓXIMO AO COMERCIO DO GALINHO.","Ruas, trânsito e transporte","IA, por regras temáticas documentadas",não,https://sapl.campolargo.pr.leg.br/materia/26625
788,30058,UNANIMIDADE,26626,1262,2026,REQ,REQUERIMENTO,SOLICITA TAPA-BURACOS NA RUA WADECO KRUPA – JARDIM BUSMAYER.,"Ruas, trânsito e transporte","IA, por regras temáticas documentadas",não,https://sapl.campolargo.pr.leg.br/materia/26626
788,30059,UNANIMIDADE,26661,1302,2026,REQ,REQUERIMENTO,"SOLICITA MANUTENÇÃO ASFÁLTICA NA RUA WADECO KRUPA, NAS PROXIMIDADES DO NUMERAL 459, JARDIM BUSMAYER.","Ruas, trânsito e transporte","IA, por regras temáticas documentadas",não,https://sapl.campolargo.pr.leg.br/materia/26661
788,30060,UNANIMIDADE,26662,1303,2026,REQ,REQUERIMENTO,SOLICITA IMPLANTAÇÃO DE NOVA UNIDADE DO CENTRO MUNICIPAL DE ATENDIMENTO ESPECIALIZADO (CEMAE) NO MUNICIPIO DE CAMPO LARGO.,Educação,"IA, por regras temáticas documentadas",não,https://sapl.campolargo.pr.leg.br/materia/26662
788,30061,UNANIMIDADE,26663,1304,2026,REQ,REQUERIMENTO,SOLICITA IMPLANTAÇÃO DE CENTRO DE REFERÊNCIA E CONVIVÊNCIA PARA JOVENS E ADULTOS COM DEFICIÊNCIA NO MUNICIPIO DE CAMPO LARGO.,Outros,"IA, por regras temáticas documentadas",não,https://sapl.campolargo.pr.leg.br/materia/26663
788,30062,UNANIMIDADE,26664,1305,2026,REQ,REQUERIMENTO,SOLICITA IMPLANTAÇÃO DE PROGRAMA DE ACOLHIMENTO FAMILIAR PARA CRIANÇAS E ADOLESCENTES EM SITUAÇÃO DE VULNERABILIDADE NO MUNICIPIO DE CAMPO LARGO.,Assistência social e direitos,"IA, por regras temáticas documentadas",não,https://sapl.campolargo.pr.leg.br/materia/26664
788,30064,UNANIMIDADE,26631,1267,2026,REQ,REQUERIMENTO,SOLICITA IMPLANTAÇÃO DE UM SISTEMA DE ALERTAS SONOROS NAS REGIÕES DO MUNÍCIPIO IDENTIFICADAS COMO ÁREAS DE RISCO DE ENCHENTES E ALAGAMENTOS.,Defesa Civil,"IA, por regras temáticas documentadas",não,https://sapl.campolargo.pr.leg.br/materia/26631
788,30065,UNANIMIDADE,26632,1268,2026,REQ,REQUERIMENTO,"SOLICITA MAPEAMENTO DAS ÁREAS DE MAIOR RISCO DE ALAGAMENTO, ENXURRADAS, DESLIZAMENTOS E DEMAIS IMPACTOS DECORRENTE DE CHUVAS FORTES.",Defesa Civil,"IA, por regras temáticas documentadas",não,https://sapl.campolargo.pr.leg.br/materia/26632
788,30066,UNANIMIDADE,26633,1269,2026,REQ,REQUERIMENTO,"SOLICITA PAVIMENTAÇÃO ASFÁLTICA NA AV. LUIZ MOCELIN, JARDIM AEROPORTO.","Ruas, trânsito e transporte","IA, por regras temáticas documentadas",não,https://sapl.campolargo.pr.leg.br/materia/26633
788,30067,UNANIMIDADE,26635,1271,2026,REQ,REQUERIMENTO,"SOLICITA REVITALIZAÇÃO DAS QUADRAS DE ESPORTE DA ESCOLA MUNICIPAL VEREADOR JOSÉ ANDREASSA, BAIRRO CERCADINHO.",Educação,"IA, por regras temáticas documentadas",não,https://sapl.campolargo.pr.leg.br/materia/26635
788,30068,UNANIMIDADE,26636,1272,2026,REQ,REQUERIMENTO,"SOLICITA INFORMAÇÕES SOBRE A RUA INDICA ENTRE AS RUAS 15 DE MAIO E RUA DA CATA, COLÔNIA CAMPINA.","Ruas, trânsito e transporte","IA, por regras temáticas documentadas",não,https://sapl.campolargo.pr.leg.br/materia/26636
788,30069,UNANIMIDADE,26606,1247,2026,REQ,REQUERIMENTO,REQUER AMPLA DIVULGAÇÃO DO PROGRAMA DO ESTADO DO PARANÁ VET MÓVEL.,Outros,"IA, por regras temáticas documentadas",não,https://sapl.campolargo.pr.leg.br/materia/26606
788,30070,UNANIMIDADE,26656,1297,2026,REQ,REQUERIMENTO,SOLICITA INFORMAÇÕES SOBRE A LICITAÇÃO PARA CONSTRUÇÃO DA NOVA SEDE DA GUARDA MUNICIPAL.,Segurança pública,"IA, por regras temáticas documentadas",não,https://sapl.campolargo.pr.leg.br/materia/26656
788,30071,UNANIMIDADE,26657,1298,2026,REQ,REQUERIMENTO,"SOLICITA INSTALAÇÃO DE PLACA INFORMATIVA NA RUA JOÃO BERTOJA, SENTIDO ITAQUI DE CIMA, ACERCA DA TIPIFICAÇÃO DE ABONDONO DE ANIMAIS COMO CRIME E INFRAÇÃO ADMINISTRAÇÃO.",Meio ambiente e animais,"IA, por regras temáticas documentadas",não,https://sapl.campolargo.pr.leg.br/materia/26657
788,30072,UNANIMIDADE,26658,1299,2026,REQ,REQUERIMENTO,SOLICITA INSTALAÇÃO DE PLACA INFORMATIVA NA REGIÃO DO TAQUARAL ACERCA DA TIPIFICAÇÃO DE ABONDONO DE ANIMAIS COMO CRIME E INFRAÇÃO ADMINISTRAÇÃO.,Meio ambiente e animais,"IA, por regras temáticas documentadas",não,https://sapl.campolargo.pr.leg.br/materia/26658
788,30073,UNANIMIDADE,26659,1300,2026,REQ,REQUERIMENTO,SOLICITA INSTALAÇÃO DE CÂMERA PTZ (PAN-TILT-ZOOM) INTERLIGADA AO CIOSP NA PRAÇA DO PARTENOPE.,Segurança pública,"IA, por regras temáticas documentadas",não,https://sapl.campolargo.pr.leg.br/materia/26659
788,30074,UNANIMIDADE,26660,1301,2026,REQ,REQUERIMENTO,"SOLICITAÇÃO DE CERTIFICADOS DE CURSO DE TRANSPORTE ESCOLAR ÀS EMPRESAS TERCERIZADAS QUE ATUAM NO TRANSPORTE PÚBLICO ESCOLAR, NOS TERMOS CÓDIGO DE TRÂNSITO BRASILEIRO.",Educação,"IA, por regras temáticas documentadas",não,https://sapl.campolargo.pr.leg.br/materia/26660
788,30075,UNANIMIDADE,26637,1273,2026,REQ,REQUERIMENTO,"SOLICITA PINTURA NA FAIXA DE PEDESTRE DA AVENIDA DOS EXPEDICIONÁRIOS, EM FRENTE AO N° 3.762, BAIRRO BOM JESUS.","Ruas, trânsito e transporte","IA, por regras temáticas documentadas",não,https://sapl.campolargo.pr.leg.br/materia/26637
788,30076,UNANIMIDADE,26638,1274,2026,REQ,REQUERIMENTO,SOLICITA IMPLANTAÇÃO DE UM PRONTO SOCORRO INFANTIL NO HOSPITAL INFANTIL WALDEMAR MONASTIER NO MUNICIPIO DE CAMPO LARGO.,Saúde,"IA, por regras temáticas documentadas",não,https://sapl.campolargo.pr.leg.br/materia/26638
788,30077,UNANIMIDADE,26639,1276,2026,REQ,REQUERIMENTO,SOLICITA CRIAÇÃO DE UM MÓDULO DA GUARDA MUNICIPAL NO BAIRRO FRANCISCO GORSKI.,Segurança pública,"IA, por regras temáticas documentadas",não,https://sapl.campolargo.pr.leg.br/materia/26639
788,30078,UNANIMIDADE,26640,1277,2026,REQ,REQUERIMENTO,"SOLICITA INFORMAÇÕES SOBRE A APLICAÇÃO DA LEI MUNICIPAL N° 2631/14, QUE ESTABELECE MEDIDAS ACERCA DE PICHAÇÃO EM BENS PÚBLICOS E PRIVADO NO MUNICIPIO DE CAMPO LARGO.",Outros,"IA, por regras temáticas documentadas",não,https://sapl.campolargo.pr.leg.br/materia/26640
788,30079,UNANIMIDADE,26641,1278,2026,REQ,REQUERIMENTO,SOLICITA INFORMAÇÕES SOBRE A REGULARIDADE DOS PAGAMENTOS E BENEFÍCIOS DOS FUNCIONÁRIOS DA EMPRESA TERCERIZADA AMÉRICA BRASIL SUL (ABRASUL).,Outros,"IA, por regras temáticas documentadas",não,https://sapl.campolargo.pr.leg.br/materia/26641
788,30080,UNANIMIDADE,26647,1287,2026,REQ,REQUERIMENTO,"SOLICITA ILUMINAÇÃO DE LED NA CANCHA DE AREIA LOCALIZADA NA RUA JOÃO LAMBACH JUNIOR, BAIRRO SANTA RITA.",Iluminação e serviços urbanos,"IA, por regras temáticas documentadas",não,https://sapl.campolargo.pr.leg.br/materia/26647
788,30081,UNANIMIDADE,26648,1288,2026,REQ,REQUERIMENTO,"SOLICITA INSTALAÇÃO DE LIXEIRA PARA COLETA DE RESIDUOS ORGÂNICOS PRÓXIMO À JAZIDA DE CALCÁRIO, LOCALIZADA NA PR-090, KM 81.",Meio ambiente e animais,"IA, por regras temáticas documentadas",não,https://sapl.campolargo.pr.leg.br/materia/26648
788,30082,UNANIMIDADE,26649,1289,2026,REQ,REQUERIMENTO,"SOLICITA INSTALAÇÃO DE LIXEIRA PARA COLETA DE RESIDUOS ORGÂNICOS NO CAMINHO DA UVA, LOCALIZADO NO DISTRITO DE BATEIAS.",Meio ambiente e animais,"IA, por regras temáticas documentadas",não,https://sapl.campolargo.pr.leg.br/materia/26649
788,30083,UNANIMIDADE,26650,1290,2026,REQ,REQUERIMENTO,"SOLICITA AMPLIAÇÃO DA ROTA DE COLETA DE RESIDUOS ORGÂNICOS NO CAMINHO DA UVA, LOCALIZADO NO DISTRITO DE BATEIAS, CONFORME MAPA E COORDENADAS ANEXOS.",Meio ambiente e animais,"IA, por regras temáticas documentadas",não,https://sapl.campolargo.pr.leg.br/materia/26650
788,30084,UNANIMIDADE,26653,1293,2026,REQ,REQUERIMENTO,"SOLICITA TAPA-BURACO NA RUA SUBSTAÇÃO DA ENOLOGIA, PRÓXIMO AO NUMERAL 1.831.","Ruas, trânsito e transporte","IA, por regras temáticas documentadas",não,https://sapl.campolargo.pr.leg.br/materia/26653
788,30085,UNANIMIDADE,26666,1307,2026,REQ,REQUERIMENTO,"SOLICITA PAVIMENTAÇÃO ASFÁLICA NO TRECHO FINAL DA RUA JOÃO PEDRO FOGAÇA, ADIANTE DA ESCOLA ALMEDE BARIDOTTI GALDINO, VILA DAVID ANTÔNIO, FERRARIA.","Ruas, trânsito e transporte","IA, por regras temáticas documentadas",não,https://sapl.campolargo.pr.leg.br/materia/26666
788,30086,UNANIMIDADE,26667,1308,2026,REQ,REQUERIMENTO,"SOLICITA PAVIMENTAÇÃO ASFÁLICA NO TRECHO FINAL DA RUA JOÃO PEDRO FOGAÇA, PRÓXIMO AO NÚMERO 6, VILA DAVID ANTÔNIO, FERRARIA.","Ruas, trânsito e transporte","IA, por regras temáticas documentadas",não,https://sapl.campolargo.pr.leg.br/materia/26667
788,30088,UNANIMIDADE,26669,1310,2026,REQ,REQUERIMENTO,SOLICITA IMPLANTAÇÃO DE PLACA COM A NOMEMCLARUTA “PARE” NO CRUZAMENTO DA RUA ISÍSIO SANTOS CRUZARA COM A RUA MATO GROSSO.,"Ruas, trânsito e transporte","IA, por regras temáticas documentadas",não,https://sapl.campolargo.pr.leg.br/materia/26669
788,30089,UNANIMIDADE,26614,1249,2026,REQ,REQUERIMENTO,"SOLICITA IMPLANTAÇÃO DE REDE COLETORA DE ESGOTO EM TODA EXTENSÃO DA RUA JÚLIO BUBNIAK, N° 1.000, BAIRRO VILA DE LOURDES.",Iluminação e serviços urbanos,"IA, por regras temáticas documentadas",não,https://sapl.campolargo.pr.leg.br/materia/26614
788,30090,UNANIMIDADE,26615,1250,2026,REQ,REQUERIMENTO,"SOLICITA INFORMAÇÕES SOBRE A PAVIMENTAÇÃO ASFÁLTICA DA RUA FRANCISCO MARTHAUS, JARDIM FLORESTAL.","Ruas, trânsito e transporte","IA, por regras temáticas documentadas",não,https://sapl.campolargo.pr.leg.br/materia/26615
788,30091,UNANIMIDADE,26617,1252,2026,REQ,REQUERIMENTO,SOLICITA IMPLANTAÇÃO DE LINHA DE TRANSPORTE COLETIVO NO BAIRRO JARDIM PALMAS.,"Ruas, trânsito e transporte","IA, por regras temáticas documentadas",não,https://sapl.campolargo.pr.leg.br/materia/26617
788,30092,UNANIMIDADE,26670,1311,2026,REQ,REQUERIMENTO,SOLICITA CORREÇÃO DO DESNIVEL EXISTENTE ENTRE A RUA ALCEBÍADES AFONSO GUIMARÃES E A RUA PREFEITO JOSÉ SALLES PINTO.,"Ruas, trânsito e transporte","IA, por regras temáticas documentadas",não,https://sapl.campolargo.pr.leg.br/materia/26670
788,30093,UNANIMIDADE,26634,1270,2026,REQ,REQUERIMENTO,"SOLICITA REVITALIZAÇÃO DA ESCOLA MUNICIPAL VEREADOR JOSÉ ANDREASSA, BAIRRO CERCADINHO.",Educação,"IA, por regras temáticas documentadas",não,https://sapl.campolargo.pr.leg.br/materia/26634
788,30094,UNANIMIDADE,26642,1279,2026,REQ,REQUERIMENTO,"SOLICITA CAPACITAÇÃO AGRÍCOLA E EXTENSÃO RURAL, POR MEIO DE PROFISSIONAIS TÉCNICOS DA ADMINISTRAÇÃO MUNICIPAL, VISANDO O FORTALECIMENTO DA PRODUÇÃO RURAL E A QUALIFICAÇÃO DOS PRODUTORES DO MUNICIPIO.","Desenvolvimento, moradia e agricultura","IA, por regras temáticas documentadas",não,https://sapl.campolargo.pr.leg.br/materia/26642
788,30095,UNANIMIDADE,26643,1280,2026,REQ,REQUERIMENTO,"SOLICITA MELHORIAS NO SISTEMA DE ESCOAMENTO DE ÁGUA PLUVIAIS NA RUA LUIZ FEDALTO, N° 323, LOTEAMENTO SÃO FRANCISCO DE ASSIS, NESTE MUNICIPIO.","Ruas, trânsito e transporte","IA, por regras temáticas documentadas",não,https://sapl.campolargo.pr.leg.br/materia/26643
788,30096,UNANIMIDADE,26644,1281,2026,REQ,REQUERIMENTO,"SOLICITA INSTALAÇÃO DE TOLDO NO PÁTIO DE ACESSO DA ESCOLA ALBINA GRIGOLETTI WINHESKI, VILA SANTA TEREZINHA, NESTE MUNICIPIO.",Educação,"IA, por regras temáticas documentadas",não,https://sapl.campolargo.pr.leg.br/materia/26644
788,30097,UNANIMIDADE,26645,1282,2026,REQ,REQUERIMENTO,"SOLICITA FECHAMENTO LATERAL DA QUADRA ESPORTIVA ESCOLAR DA ESCOLA ALBINA GRIGOLETTI WINHESKI, VILA SANTA TEREZINHA, NESTE MUNICIPIO.",Educação,"IA, por regras temáticas documentadas",não,https://sapl.campolargo.pr.leg.br/materia/26645
790,30099,UNANIMIDADE,26750,50,2026,PLE,PROJETO DE LEI DO EXECUTIVO,"INSTITUI O PROGRAMA MUNICIPAL DE HORTAS DOMICILIARES NO ÂMBITO DO MUNICIPIO DE CAMPO LARGO E DÁ OUTRAS PROVIDÊNCIAS.
****REGIME DE URGÊNCIA****",Outros,"IA, por regras temáticas documentadas",não,https://sapl.campolargo.pr.leg.br/materia/26750
790,30100,UNANIMIDADE,26720,1375,2026,REQ,REQUERIMENTO,SOLICITA TRIBUNA LIVRE PARA O REPRESENTANTE DO INSTITUTO FEDERAL DO PARANÁ – CAMPUS CAMPO LARGO (IFPR).,Educação,"IA, por regras temáticas documentadas",não,https://sapl.campolargo.pr.leg.br/materia/26720
790,30126,UNANIMIDADE,26721,1376,2026,REQ,REQUERIMENTO,SOLICITA TRIBUNA LIVRE PARA O REPRESENTANTE DA JONI’S HOUSE.,Outros,"IA, por regras temáticas documentadas",não,https://sapl.campolargo.pr.leg.br/materia/26721
790,30101,UNANIMIDADE,26535,70,2026,PLL,PROJETO DE LEI DO LEGISLATIVO,DECLARA DE UTILIDADE PÚBLICA A AGICAMP – ASSOCIAÇÃO CAMPO-LARGUENSE DE GINÁSTICA RÍTMICA.,"Homenagens, nomes e datas","IA, por regras temáticas documentadas",não,https://sapl.campolargo.pr.leg.br/materia/26535
790,30102,UNANIMIDADE,25717,15,2026,PLL,PROJETO DE LEI DO LEGISLATIVO,"ALTERA E ACRESCENTA DISPOSITIVOS À LEI MUNICIPAL N° 3582/2023, QUE INSTITUI A POLITICA DE TRANSPARENCIA NAS OBRAS PUBLICAS MUNICIPAIS, PARA DISPOR SOBRE A OBRIGATORIEDADE DE INSERÇÃO DE CODIGO QR (QR CODE) NAS PLACAS DE OBRAS PÚBLICAS, E DÁ OUTRAS PROVIDENCIAS.",Outros,"IA, por regras temáticas documentadas",não,https://sapl.campolargo.pr.leg.br/materia/25717
790,30103,UNANIMIDADE,26224,54,2026,PLL,PROJETO DE LEI DO LEGISLATIVO,"INCLUI NO CALENDÁRIO OFICIAL DE EVENTOS DO MUNICÍPIO DE CAMPO LARGO O DIA DO CRIADOR DE CAVALO CRIOULO.
***COM SUBSTITUTIVO GERAL***","Homenagens, nomes e datas","IA, por regras temáticas documentadas",não,https://sapl.campolargo.pr.leg.br/materia/26224
790,30105,UNANIMIDADE,26561,73,2026,PLL,PROJETO DE LEI DO LEGISLATIVO,INSTITUI A CAMPANHA MUNICIPAL DE EDUCAÇÃO E CONSCIENTIZAÇÃO PARA O USO SEGURO DE VEICULOS AUTOPROPELIDOS NO MUNICÍPIO DE CAMPO LARGO E DÁ OUTRAS PROVIDÊNCIAS.,Educação,"IA, por regras temáticas documentadas",não,https://sapl.campolargo.pr.leg.br/materia/26561
790,30110,UNANIMIDADE,26681,42,2026,PLE,PROJETO DE LEI DO EXECUTIVO,"INSTITUI A POLITICA MUNICIPAL DE PROTEÇÃO E DEFESA CIVIL (PMPDC), DISPÕE SOBRE O SISTEMA MUNICIPAL DE PROTEÇÃO E DEFESA CIVIL (SIMPDEC), REORGANIZA A COORDENADORIA MUNICIPAL DE PROTEÇÃO E DEFESA CIVIL (COMPDEC), CRIA O FUNDO MUNICIPAL DE PROTEÇÃO E DEFESA CIVIL (FUMPDEC), REVOGA A LEI 1.220, DE 22 DE OUTUBRO DE 1996, E DÁ OUTRAS PROVIDÊNCIAS.
***COM REGIME DE URGÊNCIA***",Defesa Civil,"IA, por regras temáticas documentadas",não,https://sapl.campolargo.pr.leg.br/materia/26681
790,30112,UNANIMIDADE,26682,44,2026,PLE,PROJETO DE LEI DO EXECUTIVO,"INSTITUI O CENTRO DE FORMAÇÃO E APERFEIÇOAMENTO DA GUARDA MUNICIPAL DE CAMPO LARGO – CFA-GNCL, E DÁ OUTRAS PROVIDÊNCIAS.
*****REGIME DE URGÊNCIA*****",Segurança pública,"IA, por regras temáticas documentadas",não,https://sapl.campolargo.pr.leg.br/materia/26682
790,30120,UNANIMIDADE,26762,18,2026,VRC,VOTAÇÃO REQUERIMENTOS EM CONJUNTO,VOTAÇÃO ENGLOBADA DE TODOS REQUERIMENTOS.,Outros,"IA, por regras temáticas documentadas",não,https://sapl.campolargo.pr.leg.br/materia/26762
790,30121,UNANIMIDADE,26754,1421,2026,REQ,REQUERIMENTO,"SOLICITA INFORMAÇÕES SOBRE O PROJETO, OU PREVISÃO, DE PAVIMENTAÇÃO DA RUA BERNARDO CAVALIN, NO BAIRRO MIQUELETO.","Ruas, trânsito e transporte","IA, por regras temáticas documentadas",não,https://sapl.campolargo.pr.leg.br/materia/26754
790,30122,UNANIMIDADE,26755,1422,2026,REQ,REQUERIMENTO,"SOLICITA LIMPEZA E ALARGAMENTO DA ESTRADA DA CACHOEIRA, NO BAIRRO JARDIM CARMELA.",Iluminação e serviços urbanos,"IA, por regras temáticas documentadas",não,https://sapl.campolargo.pr.leg.br/materia/26755
790,30123,UNANIMIDADE,26756,1423,2026,REQ,REQUERIMENTO,"SOLICITA MANUTENÇÃO DA CALÇADA LOCALIZADA NA RUA RUI BARBOSA, NO TRECHO ENTRE A RUA XAVIER DA SILVA E A AVENIDA VEREADOR ARLINDO CHEMIM, ESPECIALMENTE EM FRENTE AO PONTO DE ÔNIBUS, NAS PROXIMIDADES DA ERCE.","Ruas, trânsito e transporte","IA, por regras temáticas documentadas",não,https://sapl.campolargo.pr.leg.br/materia/26756
790,30124,UNANIMIDADE,26717,1373,2026,REQ,REQUERIMENTO,"SOLICITA INSTALAÇÃO DE FECHAMENTO NA PARTE LATERAL DA VILA OLIMPICA DE CAMPO LARGO, DE FORMA A CESSAR OS TRANSTORNOS DECORRENTES DE CHUVAS E VENTOS FORTES.",Outros,"IA, por regras temáticas documentadas",não,https://sapl.campolargo.pr.leg.br/materia/26717
790,30125,UNANIMIDADE,26718,1374,2026,REQ,REQUERIMENTO,SOLICITA DENOMINAÇÃO DE “ESCOLA MUNICIPAL ANTONIA OBRETE TAQUES DE CAMARGO” PARA A ESCOLA MUNICIPAL LOCALIZADA NA RUA ROMUALDO PORTUGAL.,"Homenagens, nomes e datas","IA, por regras temáticas documentadas",não,https://sapl.campolargo.pr.leg.br/materia/26718
790,30127,UNANIMIDADE,26719,1377,2026,REQ,REQUERIMENTO,"SOLICITA IMPLANTAÇÃO DE REDUTOR DE VELOCIDADE NA RUA JOÃO LAMBACH JUNIOR, BAIRRO SANTA RITA.","Ruas, trânsito e transporte","IA, por regras temáticas documentadas",não,https://sapl.campolargo.pr.leg.br/materia/26719
790,30128,UNANIMIDADE,26722,1378,2026,REQ,REQUERIMENTO,"SOLICITA INSTALAÇÃO DE LÂMPADAS DE LED EM TODA EXTENSÃO DA RUA ANTONINA, BAIRRO VILA CONCEIÇÃO.",Iluminação e serviços urbanos,"IA, por regras temáticas documentadas",não,https://sapl.campolargo.pr.leg.br/materia/26722
790,30129,UNANIMIDADE,26723,1379,2026,REQ,REQUERIMENTO,"SOLICITA INSTALAÇÃO DE LÂMPADAS DE LED EM TODA EXTENSÃO DA RUA LONDRINA, BAIRRO VILA CONCEIÇÃO.",Iluminação e serviços urbanos,"IA, por regras temáticas documentadas",não,https://sapl.campolargo.pr.leg.br/materia/26723
790,30130,UNANIMIDADE,26724,1380,2026,REQ,REQUERIMENTO,"SOLICITA CRIAÇÃO DE VAGA EXCLUSIVA PARA CARGA E DESCARGA NA RUA MONSENHOR ALUISIO DOMANSKI, EM FRENTE AO NUMERAL 143 – BAIRRO: CENTRO.",Administração e finanças,"IA, por regras temáticas documentadas",não,https://sapl.campolargo.pr.leg.br/materia/26724
790,30131,UNANIMIDADE,26725,1381,2026,REQ,REQUERIMENTO,"SOLICITA INSTALAÇÃO DE LÂMPADAS DE LED EM TODA EXTENSÃO DA RUA TRÊS, BAIRRO VILA CONCEIÇÃO.",Iluminação e serviços urbanos,"IA, por regras temáticas documentadas",não,https://sapl.campolargo.pr.leg.br/materia/26725
790,30132,UNANIMIDADE,26706,1360,2026,REQ,REQUERIMENTO,"REQUER VISTORIA TÉCNICA DA VIGILÂNCIA SANITÁRIA NA RUA MANOEL LOPES VIEIRA, COM RELAÇÃO A DENÚNCIAS DE ESGOTO A CÉU ABERTO.",Iluminação e serviços urbanos,"IA, por regras temáticas documentadas",não,https://sapl.campolargo.pr.leg.br/materia/26706
790,30133,UNANIMIDADE,26707,1361,2026,REQ,REQUERIMENTO,SOLICITA INSTALAÇÃO DE PLACAS COM A DENOMINAÇÃO RUA JOÃO FRANCISCO ANSOLIN.,"Homenagens, nomes e datas","IA, por regras temáticas documentadas",não,https://sapl.campolargo.pr.leg.br/materia/26707
790,30134,UNANIMIDADE,26708,1362,2026,REQ,REQUERIMENTO,"SOLICITA DESOBSTRUÇÃO DO BUEIRO DE ÁGUA PLUVIAL NA RUA SERAFIM AMUR FERREIRA DO AMARAL, N° 570 – JARDIM SOCIAL.",Iluminação e serviços urbanos,"IA, por regras temáticas documentadas",não,https://sapl.campolargo.pr.leg.br/materia/26708
790,30135,UNANIMIDADE,26709,1363,2026,REQ,REQUERIMENTO,SOLICITA PAVIMENTAÇÃO ASFÁLTICA NA RUA CÉZAR SCAPIM – DO BAIRRO GUABIROBA AO SALGADINHO.,"Ruas, trânsito e transporte","IA, por regras temáticas documentadas",não,https://sapl.campolargo.pr.leg.br/materia/26709
790,30136,UNANIMIDADE,26710,1364,2026,REQ,REQUERIMENTO,"SOLICITA INSTALAÇÃO DE UMA PÉTALA DE ILUMINAÇÃO NA ROTATÓRIA DA RUA CÉZAR SCAPIM, ESQUINA COM A RUA ULISSES ÂNGELO – DO BAIRRO GUABIROBA.",Iluminação e serviços urbanos,"IA, por regras temáticas documentadas",não,https://sapl.campolargo.pr.leg.br/materia/26710
790,30137,UNANIMIDADE,26695,1335,2026,REQ,REQUERIMENTO,"SOLICITA CRIAÇÃO E DEMARCAÇÃO DE VAGAS DE ESTACIONAMENTO NA RUA ALCEBIADES AFONSO GUIMARÃES, ONDE HOUVER VIABILIDADE.","Ruas, trânsito e transporte","IA, por regras temáticas documentadas",não,https://sapl.campolargo.pr.leg.br/materia/26695
790,30138,UNANIMIDADE,26704,1357,2026,REQ,REQUERIMENTO,"REQUER OPERAÇÃO TAPA-BURACOS NA TRAVESSA PIOTTO, LOCALIZADO NO BAIRRO OURO VERDE.","Ruas, trânsito e transporte","IA, por regras temáticas documentadas",não,https://sapl.campolargo.pr.leg.br/materia/26704
790,30139,UNANIMIDADE,26705,1358,2026,REQ,REQUERIMENTO,"REQUER OPERAÇÃO TAPA-BURACOS NA TRAVESSA FRANCISCO MAROCHI, LOCALIZADO NO BAIRRO ITAQUI.","Ruas, trânsito e transporte","IA, por regras temáticas documentadas",não,https://sapl.campolargo.pr.leg.br/materia/26705
790,30140,UNANIMIDADE,26693,1333,2026,REQ,REQUERIMENTO,"SOLICITA CALÇAMENTO NA RUA RUBENS BRAGA, AO LADO DO CAIC, BAIRRO SÃO MARCOS.","Ruas, trânsito e transporte","IA, por regras temáticas documentadas",não,https://sapl.campolargo.pr.leg.br/materia/26693
790,30141,UNANIMIDADE,26694,1334,2026,REQ,REQUERIMENTO,SOLICITA PAVIMENTAÇÃO ASFÁLTICA EM TODA EXTENSÃO DA RUA THEODORO KOCHINSKI.,"Ruas, trânsito e transporte","IA, por regras temáticas documentadas",não,https://sapl.campolargo.pr.leg.br/materia/26694
790,30142,UNANIMIDADE,26740,1405,2026,REQ,REQUERIMENTO,"REQUER IMPLANTAÇÃO DE SISTEMA DE DRENAGEM PLUVIAS NA RUA PRUDENTE DE MORAIS, CERCADINHO.",Iluminação e serviços urbanos,"IA, por regras temáticas documentadas",não,https://sapl.campolargo.pr.leg.br/materia/26740
790,30143,UNANIMIDADE,26741,1406,2026,REQ,REQUERIMENTO,"REQUER SUBSTITUIÇÃO DE LÂMPADAS EXISTENTES POR ILUMINAÇÃO DE LED NA RUA PRUDENTE DE MORAIS, CERCADINHO.",Iluminação e serviços urbanos,"IA, por regras temáticas documentadas",não,https://sapl.campolargo.pr.leg.br/materia/26741
790,30144,UNANIMIDADE,26742,1407,2026,REQ,REQUERIMENTO,"REQUER SUBSTITUIÇÃO DE LÂMPADAS EXISTENTES POR ILUMINAÇÃO DE LED NA RUA PRESIDENTE CAMPOS SALES, CERCADINHO.",Iluminação e serviços urbanos,"IA, por regras temáticas documentadas",não,https://sapl.campolargo.pr.leg.br/materia/26742
790,30145,UNANIMIDADE,26743,1408,2026,REQ,REQUERIMENTO,"REQUER SISTEMA DE DRENAGEM PLUVIAL NA RUA PRESIDENTE CAMPOS SALES, CERCADINHO.",Iluminação e serviços urbanos,"IA, por regras temáticas documentadas",não,https://sapl.campolargo.pr.leg.br/materia/26743
790,30146,UNANIMIDADE,26744,1409,2026,REQ,REQUERIMENTO,"REQUER TRAVESSIA ELEVADA NA RUA EMA TANER DE ANDRADE, EM FRENTE À ESTRADA PRINCIPAL DA EMPRESA CATERPILLAR.","Ruas, trânsito e transporte","IA, por regras temáticas documentadas",não,https://sapl.campolargo.pr.leg.br/materia/26744
790,30147,UNANIMIDADE,26735,1393,2026,REQ,REQUERIMENTO,SOLICITA PARCERIA COM A PETROBRAS PARA IMPLANTAÇÃO DE UM PARQUE LINEAR NA REGIÃO DA BARRAGEM DO RIO VERDE.,Meio ambiente e animais,"IA, por regras temáticas documentadas",não,https://sapl.campolargo.pr.leg.br/materia/26735
790,30148,UNANIMIDADE,26736,1394,2026,REQ,REQUERIMENTO,SOLICITA REVITALIZAÇÃO DO PLAYGROUND DO PÁTIO DO POSTO DE SAÚDE DO CARATUVA.,Saúde,"IA, por regras temáticas documentadas",não,https://sapl.campolargo.pr.leg.br/materia/26736
790,30149,UNANIMIDADE,26737,1395,2026,REQ,REQUERIMENTO,SOLICITA CONSTRUÇÃO DE NOVA UNIDADE BÁSICA DE SAÚDE NA REGIÃO DA SEREIA.,Saúde,"IA, por regras temáticas documentadas",não,https://sapl.campolargo.pr.leg.br/materia/26737
790,30150,UNANIMIDADE,26739,1404,2026,REQ,REQUERIMENTO,"REQUER INTERLIGAÇÃO ENTRE AS RUAS DONÁRIA VIDAL E EUCLIDES DE ANDRADE, NO BAIRRO SANTA RITA.","Ruas, trânsito e transporte","IA, por regras temáticas documentadas",não,https://sapl.campolargo.pr.leg.br/materia/26739
790,30151,UNANIMIDADE,26745,1412,2026,REQ,REQUERIMENTO,SOLICITA REALIZAÇÃO DE CORRIDA DE RUA (MEIA MARATONA) NO ANIVERSÁRIO DE CAMPO LARGO EM 2027.,"Homenagens, nomes e datas","IA, por regras temáticas documentadas",não,https://sapl.campolargo.pr.leg.br/materia/26745
790,30152,UNANIMIDADE,26746,1413,2026,REQ,REQUERIMENTO,"SOLICITA AO EXECUTIVO, INFORMAÇÕES SOBRE O ANDAMENTO DA INDICAÇÃO 47/2025.",Outros,"IA, por regras temáticas documentadas",não,https://sapl.campolargo.pr.leg.br/materia/26746
790,30153,UNANIMIDADE,26747,1414,2026,REQ,REQUERIMENTO,SOLICITA REFORÇO DE PATRULHAMENTO DA GUARDA MUNICIPAL NA PRAÇA DO FERRARIA.,Segurança pública,"IA, por regras temáticas documentadas",não,https://sapl.campolargo.pr.leg.br/materia/26747
790,30154,UNANIMIDADE,26748,1415,2026,REQ,REQUERIMENTO,SOLICITA INSTALAÇÃO DE CÂMERAS DE MONITORAMENTO NA PRAÇA DO FERRARIA.,Segurança pública,"IA, por regras temáticas documentadas",não,https://sapl.campolargo.pr.leg.br/materia/26748
790,30155,UNANIMIDADE,26749,1416,2026,REQ,REQUERIMENTO,SOLICITA ESTUDO DE VIABILIDADE PARA DESTINAÇÃO E EXECUÇÃO DE EMENDAS IMPOSITIVAS PARA ORGANIZAÇÕES DA SOCIEDADE CIVIL NA LEI ORÇAMENTÁRIA ANUAL DO EXERCICIO DE 2027.,Outros,"IA, por regras temáticas documentadas",não,https://sapl.campolargo.pr.leg.br/materia/26749
790,30156,UNANIMIDADE,26697,1344,2026,REQ,REQUERIMENTO,"SOLICITA REVITALIZAÇÃO DA PRAÇA VILA BANCÁRIA, LOCALIZADA ENTRE A RUA CASTRO ALVES E RUA RETIRO SÃO JOSÉ.","Ruas, trânsito e transporte","IA, por regras temáticas documentadas",não,https://sapl.campolargo.pr.leg.br/materia/26697
790,30157,UNANIMIDADE,26698,1346,2026,REQ,REQUERIMENTO,"SOLICITA SINALIZAÇÃO VIÁRIA VERTICAL E HORIZONTAL EM TODA EXTENSÃO DA RUA EDGAR MAROCHI, LOCALIZADA NO BAIRRO ÁGUAS CLARAS.","Ruas, trânsito e transporte","IA, por regras temáticas documentadas",não,https://sapl.campolargo.pr.leg.br/materia/26698
790,30158,UNANIMIDADE,26757,1426,2026,REQ,REQUERIMENTO,"SOLICITA SINALIZAÇÃO VIÁRIA VERTICAL E HORIZONTAL EM TODA EXTENSÃO DA RUA FELIPE MAZUL, BAIRRO ÁGUAS CLARAS.","Ruas, trânsito e transporte","IA, por regras temáticas documentadas",não,https://sapl.campolargo.pr.leg.br/materia/26757
790,30159,UNANIMIDADE,26758,1427,2026,REQ,REQUERIMENTO,"SOLICITA REPERFILAMENTO ASFÁLTICO EM TODA EXTENSÃO DA RUA IRENE RINALDIM DE OLIVEIRA, BAIRRO OURO VERDE.","Ruas, trânsito e transporte","IA, por regras temáticas documentadas",não,https://sapl.campolargo.pr.leg.br/materia/26758
790,30160,UNANIMIDADE,26759,1428,2026,REQ,REQUERIMENTO,"SOLICITA PAVIMENTAÇÃO ASFÁLTICA EM TODA EXTENSÃO DA RUA LENI DE JESUS FABRIS ZANIN, BAIRRO JARDIM CRISTO REI.","Ruas, trânsito e transporte","IA, por regras temáticas documentadas",não,https://sapl.campolargo.pr.leg.br/materia/26759
790,30161,UNANIMIDADE,26760,1429,2026,REQ,REQUERIMENTO,"SOLICITA SUBSTITUIÇÃO DO PONTO DE ÔNIBUS EM FRENTE A ESCOLA MUNICIPAL HANS E. SCHMIDT, RUA PARAÍBA, BAIRRO ITAQUI.","Ruas, trânsito e transporte","IA, por regras temáticas documentadas",não,https://sapl.campolargo.pr.leg.br/materia/26760
790,30162,UNANIMIDADE,26726,1383,2026,REQ,REQUERIMENTO,"SOLICITA INFORMAÇÕES SOBRE OS ATENDIMENTOS FEITOS PELAS AMBULÂNCIAS DO POSTO DE SAÚDE DO SÃO SILVESTRE, INTERIOR DO MUNICIPIO.",Saúde,"IA, por regras temáticas documentadas",não,https://sapl.campolargo.pr.leg.br/materia/26726
790,30163,UNANIMIDADE,26727,1384,2026,REQ,REQUERIMENTO,"SOLICITA COLETA DE LIXO ORGÂNICO E RECICLÁVEL SEMANAL NAS LOCALIDADES DE BARREIRO E GEADA, TRÊS CORREGOS.",Meio ambiente e animais,"IA, por regras temáticas documentadas",não,https://sapl.campolargo.pr.leg.br/materia/26727
790,30164,UNANIMIDADE,26728,1386,2026,REQ,REQUERIMENTO,SOLICITA CAMPANHA DE VACINAÇÃO CONTRA A GRIPE NA PRAÇA DO MUSEU AOS SABADOS.,"Cultura, esporte e lazer","IA, por regras temáticas documentadas",não,https://sapl.campolargo.pr.leg.br/materia/26728
790,30165,UNANIMIDADE,26729,1387,2026,REQ,REQUERIMENTO,"SOLICITA INSTALAÇÃO DE REDE DE CONTENÇÃO PARA AS BOLAS QUE ESCAPAM DA QUADRA POLIESPORTIVA LOCALIZADA NA AVENIDA ARAPONGAS, PRAÇA DA FERRARIA, DONA FINA.","Cultura, esporte e lazer","IA, por regras temáticas documentadas",não,https://sapl.campolargo.pr.leg.br/materia/26729
790,30166,UNANIMIDADE,26730,1388,2026,REQ,REQUERIMENTO,"SOLICITA PINTURA E SINALIZAÇÃO VIÁRIA DA TRAVESSIA ELEVADA LOCALIZADA NA AVENIDA ARAPONGAS, EM FRENTE À PRAÇA DA FERRARIA, DONA FINA.","Ruas, trânsito e transporte","IA, por regras temáticas documentadas",não,https://sapl.campolargo.pr.leg.br/materia/26730
790,30167,UNANIMIDADE,26731,1389,2026,REQ,REQUERIMENTO,"SOLICITA SUBSTITUIÇÃO DAS LÂMPADAS CONVENCIONAIS POR LÂMPADAS DE LED EM TODA EXTENSÃO DA RUA PAVÃO, DONA FINA, FERRARIA.",Iluminação e serviços urbanos,"IA, por regras temáticas documentadas",não,https://sapl.campolargo.pr.leg.br/materia/26731
790,30168,UNANIMIDADE,26733,1391,2026,REQ,REQUERIMENTO,"SOLICITA PAVIMENTAÇÃO ASFÁLTICA NO PEQUENO TRECHO DA RUA JOÃO NESTOR DE SOUZA, VILA TORRES, FERRARIA.","Ruas, trânsito e transporte","IA, por regras temáticas documentadas",não,https://sapl.campolargo.pr.leg.br/materia/26733
790,30169,UNANIMIDADE,26734,1392,2026,REQ,REQUERIMENTO,"SOLICITA TROCA DAS LÂMPADAS QUEIMADAS DA REDE DE IMULINAÇÃO PÚBLICA DA ESTRADA NOSSA SENHORA, MONTE CLARO, FERRARIA.",Iluminação e serviços urbanos,"IA, por regras temáticas documentadas",não,https://sapl.campolargo.pr.leg.br/materia/26734
790,30170,UNANIMIDADE,26699,1348,2026,REQ,REQUERIMENTO,SOLICITA FISCALIZAÇÃO DE ORIENTAÇÃO EM CUMPRIMENTO A LEI Nº1549.,Outros,"IA, por regras temáticas documentadas",não,https://sapl.campolargo.pr.leg.br/materia/26699
790,30171,UNANIMIDADE,26702,1351,2026,REQ,REQUERIMENTO,"SOLICITA INSTALAÇÃO DE REDUTOR DE VELOCIDADE, DO TIPO “TARTARUGA”, NA RUA PEDRO BADUÍ, PRÓXIMO AO NUMERAL 191, BAIRRO JARDIM PALMAS.","Ruas, trânsito e transporte","IA, por regras temáticas documentadas",não,https://sapl.campolargo.pr.leg.br/materia/26702
790,30172,UNANIMIDADE,26703,1352,2026,REQ,REQUERIMENTO,"SOLICITA PINTURA E SINALIZAÇÃO VIÁRIA NA RUA PEDRO BADUÍ, PRÓXIMO AO NUMERAL 191, BAIRRO JARDIM PALMAS.","Ruas, trânsito e transporte","IA, por regras temáticas documentadas",não,https://sapl.campolargo.pr.leg.br/materia/26703
790,30173,UNANIMIDADE,26732,1390,2026,REQ,REQUERIMENTO,"SOLICITA REESTRUTURAÇÃO DO PAVIMENTO NA RUA ARLINDO CHEMIM, EM FRENTE AO NÚMERO 999 E ENTRE AS RUAS JOÃO BATISTA VALÕES E ROCHA POMBO.","Ruas, trânsito e transporte","IA, por regras temáticas documentadas",não,https://sapl.campolargo.pr.leg.br/materia/26732
790,30174,UNANIMIDADE,26751,1418,2026,REQ,REQUERIMENTO,"SOLICITA CORREÇÃO DE DESNÍVEL NA QUADRA POLIESPORTIVA DO GINÁSIO IVO ROMANO ZANLORENZI, BAIRRO ITAQUI.","Cultura, esporte e lazer","IA, por regras temáticas documentadas",não,https://sapl.campolargo.pr.leg.br/materia/26751
790,30175,UNANIMIDADE,26752,1419,2026,REQ,REQUERIMENTO,"SOLICITA REFORMA E MANUTENÇÃO DOS EQUIPAMENTOS DA ACADEMIA DA TERCEIRA IDADE (ATI), LOCALIZADA NA RUA ANTÔNIO GABARDO JUNIOR, N° 600, ÁGUAS CLARAS.","Ruas, trânsito e transporte","IA, por regras temáticas documentadas",não,https://sapl.campolargo.pr.leg.br/materia/26752
790,30176,UNANIMIDADE,26696,1341,2026,REQ,REQUERIMENTO,SOLICITA AMPLIAÇÃO DO HORÁRIO DE ATENDIMENTO DO CENTRO MUNICIPAL DE ATENDIMENTO ESPECIALIZADO (CEMAE) PROFESSORA LINDAMIR RIBEIRO.,Educação,"IA, por regras temáticas documentadas",não,https://sapl.campolargo.pr.leg.br/materia/26696
790,30177,UNANIMIDADE,26711,1367,2026,REQ,REQUERIMENTO,SOLICITA REVISÃO DO PRAZO DE VALIDADE PARA DOIS ANOS DO ALVARÁ SANITÁRIO PARA FARMÁCIAS SEM MANIPULAÇÃO DE MEDICAMENTOS.,Saúde,"IA, por regras temáticas documentadas",não,https://sapl.campolargo.pr.leg.br/materia/26711
790,30178,UNANIMIDADE,26712,1368,2026,REQ,REQUERIMENTO,"SOLICITA AMPLIAÇÃO DE REDE DE ÁGUA, NA REGIÃO DA TAQUARINHA.",Iluminação e serviços urbanos,"IA, por regras temáticas documentadas",não,https://sapl.campolargo.pr.leg.br/materia/26712
790,30179,UNANIMIDADE,26713,1369,2026,REQ,REQUERIMENTO,SOLICITA EXTENSÃO DA REDE DE ÁGUA NO MORRO GRANDE.,Iluminação e serviços urbanos,"IA, por regras temáticas documentadas",não,https://sapl.campolargo.pr.leg.br/materia/26713
790,30180,UNANIMIDADE,26714,1370,2026,REQ,REQUERIMENTO,"SOLICITA AMPLIAÇÃO DE ATENDIMENO DA LINHA 208 – ITAMBÉZINHO, PARA QUE ALINHA PASSE A ATENDER, TAMBÉM, ÀS SEGUNDAS, QUARTAS E SEXTAS, COM ALTERAÇÃO DO HORÁRIO DE SAÍDA (DO TERMINAL URBANO) DAS 15:05H PARA 16:30H.",Outros,"IA, por regras temáticas documentadas",não,https://sapl.campolargo.pr.leg.br/materia/26714
790,30181,UNANIMIDADE,26715,1371,2026,REQ,REQUERIMENTO,"SOLICITA EXTENSÃO DA REDE DE ABASTECIMENTO DE ÁGUA PARALELAMENTE À RUA SEBASTIÃO BORGES, NA REGIÃO DO ITAQUI DE CIMA.","Ruas, trânsito e transporte","IA, por regras temáticas documentadas",não,https://sapl.campolargo.pr.leg.br/materia/26715
790,30182,UNANIMIDADE,26716,1372,2026,REQ,REQUERIMENTO,"SOLICITA REPERFILAMENTO ASFÁLTICO NA RUA CEREJEIRAS, BAIRRO JARDIM GUARANI.","Ruas, trânsito e transporte","IA, por regras temáticas documentadas",não,https://sapl.campolargo.pr.leg.br/materia/26716
791,30183,MAIORIA ABSOLUTA,26684,2,2026,VT,VETO,"VETO INTEGRAL AO PROJETO DE LEI Nº 58/2026, CUJA SÚMULA INSTITUI POLITICA MUNICIPAL DE ENFRENTAMENTO ÀS DROGAS ILÍCITAS.",Outros,"IA, por regras temáticas documentadas",não,https://sapl.campolargo.pr.leg.br/materia/26684
791,30184,MAIORIA ABSOLUTA,26685,3,2026,VT,VETO,"VETO INTEGRAL AO PROJETO DE LEI Nº 59/2026, CUJA SÚMULA INSTITUI A LEI CÃO ABACATE, PARA MAJORAR AS MULTAS ADMINISTRATIVAS COMINADAS À PRÁTICA DE MAUS-TRATOS COM CRUELDADE AOS ANIMAIS.",Meio ambiente e animais,"IA, por regras temáticas documentadas",não,https://sapl.campolargo.pr.leg.br/materia/26685
791,30185,REJEITADO,26686,4,2026,VT,VETO,"VETO INTEGRAL AO PROJETO DE LEI Nº 31/2026, CUJA SÚMULA INSTITUI, NO MUNICÍPIO DE CAMPO LARGO, O PROGRAMA EDUCATIVO E PREVENTIVO ""SAMUZINHO"", VOLTADO À CONSCIENTIZAÇÃO SOBRE PREVENÇÃO DE ACIDENTES E USO ADEQUADO DOS SERVIÇOS DE URGÊNCIA E EMERGÊNCIA, E ESTABELECE DIRETRIZES PARA SUA IMPLEMENTAÇÃO.",Saúde,"IA, por regras temáticas documentadas",não,https://sapl.campolargo.pr.leg.br/materia/26686
791,30188,UNANIMIDADE,25717,15,2026,PLL,PROJETO DE LEI DO LEGISLATIVO,"ALTERA E ACRESCENTA DISPOSITIVOS À LEI MUNICIPAL N° 3582/2023, QUE INSTITUI A POLITICA DE TRANSPARENCIA NAS OBRAS PUBLICAS MUNICIPAIS, PARA DISPOR SOBRE A OBRIGATORIEDADE DE INSERÇÃO DE CODIGO QR (QR CODE) NAS PLACAS DE OBRAS PÚBLICAS, E DÁ OUTRAS PROVIDENCIAS.",Outros,"IA, por regras temáticas documentadas",não,https://sapl.campolargo.pr.leg.br/materia/25717
791,30186,UNANIMIDADE,26224,54,2026,PLL,PROJETO DE LEI DO LEGISLATIVO,"INCLUI NO CALENDÁRIO OFICIAL DE EVENTOS DO MUNICÍPIO DE CAMPO LARGO O DIA DO CRIADOR DE CAVALO CRIOULO.
***COM SUBSTITUTIVO GERAL***","Homenagens, nomes e datas","IA, por regras temáticas documentadas",não,https://sapl.campolargo.pr.leg.br/materia/26224
791,30187,UNANIMIDADE,26561,73,2026,PLL,PROJETO DE LEI DO LEGISLATIVO,INSTITUI A CAMPANHA MUNICIPAL DE EDUCAÇÃO E CONSCIENTIZAÇÃO PARA O USO SEGURO DE VEICULOS AUTOPROPELIDOS NO MUNICÍPIO DE CAMPO LARGO E DÁ OUTRAS PROVIDÊNCIAS.,Educação,"IA, por regras temáticas documentadas",não,https://sapl.campolargo.pr.leg.br/materia/26561
791,30189,UNANIMIDADE,26629,37,2026,PLE,PROJETO DE LEI DO EXECUTIVO,"DÁ NOVA REDAÇÃO E ACRESCENTA DISPOSITIVOS NA LEI MUNICIPAL N° 3.820, DE 21 DE NOVEMBRO DE 2024, QUE DISPÕE SOBRE O CONSELHO MUNICIPAL DE ESPORTES E CRIA O FUNDO MUNICIPAL DE ESPORTES, CONFORME ESPECIFICA.","Cultura, esporte e lazer","IA, por regras temáticas documentadas",não,https://sapl.campolargo.pr.leg.br/materia/26629
791,30190,UNANIMIDADE,26221,52,2026,PLL,PROJETO DE LEI DO LEGISLATIVO,INSTITUI O DIA MUNICIPAL DA CULTURA NO CALENDÁRO OFICIAL DE EVENTOS DO MUNICIPIO DE CAMPO LARGO E DÁ OUTRAS PROVIDÊNCIAS.,"Cultura, esporte e lazer","IA, por regras temáticas documentadas",não,https://sapl.campolargo.pr.leg.br/materia/26221
791,30192,UNANIMIDADE,26532,68,2026,PLL,PROJETO DE LEI DO LEGISLATIVO,"DECLARA DE UTILIDADE PÚBLICA A ASSOCIAÇÃO DE PAIS, MESTRES E FUNCIONÁRIOS DO COLÉGIO ESTADUAL INOVE.","Homenagens, nomes e datas","IA, por regras temáticas documentadas",não,https://sapl.campolargo.pr.leg.br/materia/26532
791,30191,UNANIMIDADE,26607,75,2026,PLL,PROJETO DE LEI DO LEGISLATIVO,INSTITUI O PROGRAMA MUNICIPAL DE GINASTICA RÍTMICA NO MUNÍCIPIO DE CAMPO LARGO E DÁ OUTRAS PROVIDÊNCIAS.,Outros,"IA, por regras temáticas documentadas",não,https://sapl.campolargo.pr.leg.br/materia/26607
791,30195,UNANIMIDADE,26805,52,2026,PLE,PROJETO DE LEI DO EXECUTIVO,"INSTITUI NO MUNICIPIO DE CAMPO LARGO O SERVIÇO DE ACOLHIMENTO PROVISÓRIO DE CRIANÇAS E ADOLESCENTES EM SITUAÇÃO DE RISCO, NA MODALIDADE FAMILIA ACOLHEDORA, E DÁ OUTRAS PROVIDÊNCIAS.",Assistência social e direitos,"IA, por regras temáticas documentadas",não,https://sapl.campolargo.pr.leg.br/materia/26805
791,30208,UNANIMIDADE,26840,19,2026,VRC,VOTAÇÃO REQUERIMENTOS EM CONJUNTO,VOTAÇÃO ENGLOBADA DE TODOS REQUERIMENTOS.,Outros,"IA, por regras temáticas documentadas",não,https://sapl.campolargo.pr.leg.br/materia/26840
791,30209,UNANIMIDADE,26835,1501,2026,REQ,REQUERIMENTO,"SOLICITA INSTALAÇÃO DE PLACA INDICATIVA DE RUA SEM SAÍDA NA RUA ATÍLIO BRESSAN FILHO, VILA RIVABEM.","Ruas, trânsito e transporte","IA, por regras temáticas documentadas",não,https://sapl.campolargo.pr.leg.br/materia/26835
791,30210,UNANIMIDADE,26836,1502,2026,REQ,REQUERIMENTO,"SOLICITA INSTALAÇÃO DE PLACA INDICATIVA DE RUA SEM SAÍDA NA ANGELO ANZOLIN, VILA RIVABEM.","Ruas, trânsito e transporte","IA, por regras temáticas documentadas",não,https://sapl.campolargo.pr.leg.br/materia/26836
791,30211,UNANIMIDADE,26837,1503,2026,REQ,REQUERIMENTO,"SOLICITA MELHORIAS NA PINTURA E NA SINALIZAÇÃO NO CRUZAMENTO DAS RUAS DEZENOVE DE NOVEMBRO, VINTE E UM DE ABRIL E VEREADOR JOÃO AUGUSTO ALMEIDA BARBOSA.","Ruas, trânsito e transporte","IA, por regras temáticas documentadas",não,https://sapl.campolargo.pr.leg.br/materia/26837
791,30212,UNANIMIDADE,26838,1504,2026,REQ,REQUERIMENTO,"SOLICITA INSTALAÇÃO DE PONTO DE ÔNIBUS NAS PROXIMIDADES DA ESTRADA DA BOA VISTA, PROXIMO AO MERCADO TRAVENSOLLI, BATEIAS.","Ruas, trânsito e transporte","IA, por regras temáticas documentadas",não,https://sapl.campolargo.pr.leg.br/materia/26838
791,30213,UNANIMIDADE,26839,1505,2026,REQ,REQUERIMENTO,"SOLICITA INSTALAÇÃO DE PONTO DE ÔNIBUS NA RUA QUINTINO BOCAIÚVA, NAS PROXIMIDADES DO MERCADO COLATUSSO, VILA BANCÁRIA.","Ruas, trânsito e transporte","IA, por regras temáticas documentadas",não,https://sapl.campolargo.pr.leg.br/materia/26839
791,30214,UNANIMIDADE,26790,1447,2026,REQ,REQUERIMENTO,SOLICITA VAGA DE ESTACIONAMENTO EXCLUSIVA PARA IDOSOS NA RUA BARÃO DO RIO BRANCO.,"Ruas, trânsito e transporte","IA, por regras temáticas documentadas",não,https://sapl.campolargo.pr.leg.br/materia/26790
791,30215,UNANIMIDADE,26791,1450,2026,REQ,REQUERIMENTO,"SOLICITA REPERFILAMENTO ASFÁLTICO NA RUA ALCIDES VALENTINO ZANELLA, BAIRRO RONDINHA.","Ruas, trânsito e transporte","IA, por regras temáticas documentadas",não,https://sapl.campolargo.pr.leg.br/materia/26791
791,30216,UNANIMIDADE,26792,1451,2026,REQ,REQUERIMENTO,"SOLICITA FAIXA DE PEDESTRE NA RUA MARIA JOAQUINA, JARDIM ITAQUI.","Ruas, trânsito e transporte","IA, por regras temáticas documentadas",não,https://sapl.campolargo.pr.leg.br/materia/26792
791,30217,UNANIMIDADE,26786,1443,2026,REQ,REQUERIMENTO,SOLICITA SUBSTITUIÇÃO DAS LÂMPADAS COMUNS POR LÂMPADAS DE LAD NA RUA SARACURA – BAIRRO SALGADINHO.,Iluminação e serviços urbanos,"IA, por regras temáticas documentadas",não,https://sapl.campolargo.pr.leg.br/materia/26786
791,30218,UNANIMIDADE,26787,1444,2026,REQ,REQUERIMENTO,"SOLICITA VISTORIA NA FIAÇÃO DA RUA CAETANO MUNHOZ DA ROCHA, N° 84.","Ruas, trânsito e transporte","IA, por regras temáticas documentadas",não,https://sapl.campolargo.pr.leg.br/materia/26787
791,30219,UNANIMIDADE,26788,1445,2026,REQ,REQUERIMENTO,"SOLICITA MEDIDAS PARA REDUÇÃO DE VELOCIDADE NA RUA XV DE NOVEMBRO, EM FRENTE AO CENTRO DE EDUCAÇÃO INFANTIL MARIINHA.",Educação,"IA, por regras temáticas documentadas",não,https://sapl.campolargo.pr.leg.br/materia/26788
791,30220,UNANIMIDADE,26833,1496,2026,REQ,REQUERIMENTO,SOLICITA INFORMAÇÕES SOBRE A UTILIZAÇÃO DE FOGOS DE ARTIFICIO DURANTE O ENCERRAMENTO DA 5° FESTA DO AGRICULTOR DE CAMPO LARGO.,Outros,"IA, por regras temáticas documentadas",não,https://sapl.campolargo.pr.leg.br/materia/26833
791,30221,UNANIMIDADE,26834,1497,2026,REQ,REQUERIMENTO,SOLICITA NOTIFICAÇÃO À EMPRESA RESPONSÁVEL PELA INSTALAÇÃO DA QUADRA MODULAR NO GINÁSIO ROMANO ZANLORENZI.,"Cultura, esporte e lazer","IA, por regras temáticas documentadas",não,https://sapl.campolargo.pr.leg.br/materia/26834
791,30222,UNANIMIDADE,26793,1452,2026,REQ,REQUERIMENTO,SOLICITA IMPLANTAÇÃO DE PONTO DE PARADA OBRIGATÓRIA DO TRANSPORTE COLETIVO E A FISCALIZAÇÃO DO CUMPRIMENTO DOS ITINERÁRIOS NAS IMEDIAÇÕES DA PRAÇA DO DIOGO E DA CLINICA DE FISIOTERAPIA ROCIO.,"Ruas, trânsito e transporte","IA, por regras temáticas documentadas",não,https://sapl.campolargo.pr.leg.br/materia/26793
791,30223,UNANIMIDADE,26794,1453,2026,REQ,REQUERIMENTO,SOLICITA INCLUSÃO DE ATRAÇÃO CULTURAL GOSPEL NA PROGRAMAÇÃO OFICIAL DE FESTAS E EVENTOS DO MUNICIPIO DE CAMPO LARGO.,"Cultura, esporte e lazer","IA, por regras temáticas documentadas",não,https://sapl.campolargo.pr.leg.br/materia/26794
791,30224,UNANIMIDADE,26795,1454,2026,REQ,REQUERIMENTO,SOLICITA SINALIZAÇÃO DE TRÂNSITO NO CRUZAMENTO ENTRE A ESTRADA DOM RODRIGO E A RUA CODORNA.,"Ruas, trânsito e transporte","IA, por regras temáticas documentadas",não,https://sapl.campolargo.pr.leg.br/materia/26795
791,30225,UNANIMIDADE,26796,1455,2026,REQ,REQUERIMENTO,SOLICITA SINALIZAÇÃO VERTICAL E HORIZONTAL NO CRUZAMENTO DA RUA JOÃO DE BARRO COM A RUA CODORNAS.,"Ruas, trânsito e transporte","IA, por regras temáticas documentadas",não,https://sapl.campolargo.pr.leg.br/materia/26796
791,30226,UNANIMIDADE,26797,1457,2026,REQ,REQUERIMENTO,SOLICITA REALIZAÇÃO DE FEIRA DE IMÓVEIS EM CONJUNTO COM A FEIRA DO AGRICULTOR NO MUNICIPIO DE CAMPO LARGO.,Outros,"IA, por regras temáticas documentadas",não,https://sapl.campolargo.pr.leg.br/materia/26797
791,30227,UNANIMIDADE,26822,1485,2026,REQ,REQUERIMENTO,"SOLICITA SUBSTITUIÇÃO DAS LÂMPADAS EXISTENTES POR ILUMINAÇÃO EM LED NA RUA SENADOR SALGADO FILHO, CERCADINHO.",Iluminação e serviços urbanos,"IA, por regras temáticas documentadas",não,https://sapl.campolargo.pr.leg.br/materia/26822
791,30228,UNANIMIDADE,26823,1486,2026,REQ,REQUERIMENTO,"SOLICITA MANILHAMENTO COM IMPLANTAÇÃO DE SISTEMA DE DRENAGEM PLUVIAL NA RUA SENADOR SALGADO FILHO, CERCADINHO.",Iluminação e serviços urbanos,"IA, por regras temáticas documentadas",não,https://sapl.campolargo.pr.leg.br/materia/26823
791,30229,UNANIMIDADE,26824,1487,2026,REQ,REQUERIMENTO,"SOLICITA MANILHAMENTO COM IMPLANTAÇÃO DE SISTEMA DE DRENAGEM PLUVIAL NA RUA EURICO GASPAR DUTRA, CERCADINHO.",Iluminação e serviços urbanos,"IA, por regras temáticas documentadas",não,https://sapl.campolargo.pr.leg.br/materia/26824
791,30230,UNANIMIDADE,26825,1488,2026,REQ,REQUERIMENTO,"SOLICITA MANILHAMENTO COM IMPLANTAÇÃO DE SISTEMA DE DRENAGEM PLUVIAL NA RUA EURICO GASPAR DUTRA, CERCADINHO.",Iluminação e serviços urbanos,"IA, por regras temáticas documentadas",não,https://sapl.campolargo.pr.leg.br/materia/26825
791,30231,UNANIMIDADE,26826,1489,2026,REQ,REQUERIMENTO,"SOLICITA SUBSTITUIÇÃO DAS LÂMPADAS EXISTENTES POR ILUMINAÇÃO EM LED NA RUA PRESIDENTE GETÚLIO VARGAS, CERCADINHO.",Iluminação e serviços urbanos,"IA, por regras temáticas documentadas",não,https://sapl.campolargo.pr.leg.br/materia/26826
791,30232,UNANIMIDADE,26806,1465,2026,REQ,REQUERIMENTO,SOLICITA MANUTENÇÃO URGENTE NO BUEIRO LOCALIZADO NA RUA VEREADOR CONSTANTE PANGRÁCIO.,Iluminação e serviços urbanos,"IA, por regras temáticas documentadas",não,https://sapl.campolargo.pr.leg.br/materia/26806
791,30233,UNANIMIDADE,26807,1466,2026,REQ,REQUERIMENTO,SOLICITA PATROLAMENTO E ENSAIBRAMENTO NA AVENIDA DIRÇO RIBAS (ESTRADA DA RATADA).,"Ruas, trânsito e transporte","IA, por regras temáticas documentadas",não,https://sapl.campolargo.pr.leg.br/materia/26807
791,30234,UNANIMIDADE,26808,1467,2026,REQ,REQUERIMENTO,"SOLICITA MELHORIA NA ILUMINAÇÃO PÚBLICA DA AVENIDA DIRÇO RIBAS, NO TRECHO COMPREENDIDO ENTRE A VIA DE ACESSO À ASCEL E A RUA ATOS DOS APÓSTOLOS.",Iluminação e serviços urbanos,"IA, por regras temáticas documentadas",não,https://sapl.campolargo.pr.leg.br/materia/26808
791,30235,UNANIMIDADE,26809,1468,2026,REQ,REQUERIMENTO,"SOLICITA REPINTURA DAS FAIXAS DE SINALIZAÇÃO VIÁRIA DA RUA JOSÉ SOARES PINTO, VILA BANCÁRIA.","Ruas, trânsito e transporte","IA, por regras temáticas documentadas",não,https://sapl.campolargo.pr.leg.br/materia/26809
791,30236,UNANIMIDADE,26815,1475,2026,REQ,REQUERIMENTO,"SOLICITA ALTERAÇÃO DE ESTACIONAMENTO DAS VANS ESCOLARES UTILIZADO NOS HORÁRIOS DE ENTRADA E SAÍDA DOS ALUNOS DO COLEGIO MUNICIPAL ANCHIETA, TRANSFERINDO DA RUA CENTENÁRIO PARA A RUA XV DE NOVEMBRO.",Educação,"IA, por regras temáticas documentadas",não,https://sapl.campolargo.pr.leg.br/materia/26815
791,30237,UNANIMIDADE,26830,1491,2026,REQ,REQUERIMENTO,SOLICITA PRORROGAÇÃO DO CONCURSO PÚBLICO 60/2024.,Administração e finanças,"IA, por regras temáticas documentadas",não,https://sapl.campolargo.pr.leg.br/materia/26830
791,30238,UNANIMIDADE,26831,1492,2026,REQ,REQUERIMENTO,SOLICITA ABERTURA DE NOVO CONCURSO PARA A GUARDA MUNICIPAL.,Segurança pública,"IA, por regras temáticas documentadas",não,https://sapl.campolargo.pr.leg.br/materia/26831
791,30239,UNANIMIDADE,26832,1493,2026,REQ,REQUERIMENTO,"SOLICITA REPAROS NO CAMPO DE FUTEBOL DA RUA BERNARDINO BASSANI, EM FRENTE AO NUMERAL 351.","Cultura, esporte e lazer","IA, por regras temáticas documentadas",não,https://sapl.campolargo.pr.leg.br/materia/26832
791,30240,UNANIMIDADE,26828,1494,2026,REQ,REQUERIMENTO,SOLICITA ESTUDO DE SOLUÇÕES PARA REFORMA DA PISTA DE ATLETISMO PRESENTE NO PARQUE NEWTON PUPPI.,"Cultura, esporte e lazer","IA, por regras temáticas documentadas",não,https://sapl.campolargo.pr.leg.br/materia/26828
791,30241,UNANIMIDADE,26829,1495,2026,REQ,REQUERIMENTO,"SOLICITA O CUMPRIMENTO DA LEI MUNICIPAL 4.004/2026, QUE DISPÕE SOBRE A CONCESSÃO DE HOMENAGENS, A TITULO DE RECONHECIMENTO, NO ÂMBITO DA GUARDA MUNICIPAL DE CAMPO LARGO.","Homenagens, nomes e datas","IA, por regras temáticas documentadas",não,https://sapl.campolargo.pr.leg.br/materia/26829
791,30242,UNANIMIDADE,26777,1434,2026,REQ,REQUERIMENTO,"SOLICITA SINALIZAÇÃO VIÁRIA VERTICAL E HORIZONTAL EM TODA EXTENSÃO DA RUA JOÃO ARLINDO BARICHELLO, NO BAIRRO ÁGUAS CLARAS.","Ruas, trânsito e transporte","IA, por regras temáticas documentadas",não,https://sapl.campolargo.pr.leg.br/materia/26777
791,30243,UNANIMIDADE,26778,1435,2026,REQ,REQUERIMENTO,"SOLICITA SINALIZAÇÃO VIÁRIA VERTICAL E HORIZONTAL EM TODA EXTENSÃO DA RUA JOÃO RODOLFO CASTAGNOLI, NO BAIRRO ÁGUAS CLARAS.","Ruas, trânsito e transporte","IA, por regras temáticas documentadas",não,https://sapl.campolargo.pr.leg.br/materia/26778
791,30244,UNANIMIDADE,26779,1436,2026,REQ,REQUERIMENTO,"SOLICITA SINALIZAÇÃO VIÁRIA VERTICAL E HORIZONTAL EM TODA EXTENSÃO DA RUA ALBINO GRANDE, NO BAIRRO ÁGUAS CLARAS.","Ruas, trânsito e transporte","IA, por regras temáticas documentadas",não,https://sapl.campolargo.pr.leg.br/materia/26779
791,30245,UNANIMIDADE,26780,1437,2026,REQ,REQUERIMENTO,"SOLICITA SINALIZAÇÃO VIÁRIA VERTICAL E HORIZONTAL EM TODA EXTENSÃO DA RUA VICENTE DRUZIKI, NO BAIRRO ÁGUAS CLARAS.","Ruas, trânsito e transporte","IA, por regras temáticas documentadas",não,https://sapl.campolargo.pr.leg.br/materia/26780
791,30246,UNANIMIDADE,26817,1479,2026,REQ,REQUERIMENTO,SOLICITA CONTRATAÇÃO DE TECNICOS DE ENFERMAGEM PARA ATENDIMENTO NO POSTO DE SAÚDE DO SÃO SILVESTRE.,Saúde,"IA, por regras temáticas documentadas",não,https://sapl.campolargo.pr.leg.br/materia/26817
791,30247,UNANIMIDADE,26818,1480,2026,REQ,REQUERIMENTO,"SOLICITA REALOCAÇÃO DO ACESSO DE ACESSIBILIDADE PARA CADEIRANTES LOCALIZADOS NA AV. DES. CLOTÁRIO PORTUGAL, EM FRENTE AO NUMERO 777, CENTRO DE CAMPO LARGO.",Assistência social e direitos,"IA, por regras temáticas documentadas",não,https://sapl.campolargo.pr.leg.br/materia/26818
791,30248,UNANIMIDADE,26819,1481,2026,REQ,REQUERIMENTO,"SOLICITA REPERFILAMENTO ASFÁLTICO NA RUA GONÇALVES DIAS ENTRE A RUA BENEDITO SOARES PINTO E AVENIDA ARLINDO CHEMIM, CENTRO DE CAMPO LARGO.","Ruas, trânsito e transporte","IA, por regras temáticas documentadas",não,https://sapl.campolargo.pr.leg.br/materia/26819
791,30249,UNANIMIDADE,26820,1482,2026,REQ,REQUERIMENTO,SOLICITA MELHORIA DE TEMPO DE ESPERA NA UPA (UNIDADE DE PRONTO ATENDIMENTO) NO MUNICIPIO DE CAMPO LARGO.,Saúde,"IA, por regras temáticas documentadas",não,https://sapl.campolargo.pr.leg.br/materia/26820
791,30250,UNANIMIDADE,26821,1483,2026,REQ,REQUERIMENTO,SOLICITA CRIAÇÃO DO PROGRAMA “ANTES QUE ACONTEÇA”.,Outros,"IA, por regras temáticas documentadas",não,https://sapl.campolargo.pr.leg.br/materia/26821
791,30251,UNANIMIDADE,26800,1461,2026,REQ,REQUERIMENTO,"SOLICITA SUBSTITUIÇÃO DE REFLETORES QUEIMADOS DA QUADRA POLIESPORTIVA DA ESCOLA MUNICIPAL ALMEDE BARIDOTTI GALDINO, LOCALIZADA NA RUA ERNESTO CARLOS ZOPPO, NO BAIRRO SANTA ÂNGELA.",Educação,"IA, por regras temáticas documentadas",não,https://sapl.campolargo.pr.leg.br/materia/26800
791,30252,UNANIMIDADE,26801,1462,2026,REQ,REQUERIMENTO,"SOLICITA PAVIMENTAÇÃO ASFÁLTICA NA RUA ANTÔNIO GUARESI, NO TRECHO COMPREENDIDO ENTRE O NUMERAL 131 E 187, VILA TORRES, FERRARIA.","Ruas, trânsito e transporte","IA, por regras temáticas documentadas",não,https://sapl.campolargo.pr.leg.br/materia/26801
791,30253,UNANIMIDADE,26802,1463,2026,REQ,REQUERIMENTO,"SOLICITA EXTENSÃO DA REDE DE ENERGIA ELETRICA PÚBLICA NA RUA ANTÔNIO GUARESI, NO TRECHO COMPREENDIDO ENTRE O NUMERAL 131 E 187, VILA TORRES, FERRARIA.",Iluminação e serviços urbanos,"IA, por regras temáticas documentadas",não,https://sapl.campolargo.pr.leg.br/materia/26802
791,30254,UNANIMIDADE,26803,1464,2026,REQ,REQUERIMENTO,"SOLICITA MANILHAMENTO NA TRAVESSA DO LINO COMO FORMA DE COMBATE AO ESCOAMENTO DAS ÁGUAS PLUVIAIS PARA O INTERIOR DAS RESIDENCIAS ALI LOCALIZADAS, NO BAIRRO SANTA ANGÊLA, FERRARIA.",Iluminação e serviços urbanos,"IA, por regras temáticas documentadas",não,https://sapl.campolargo.pr.leg.br/materia/26803
791,30255,UNANIMIDADE,26827,1490,2026,REQ,REQUERIMENTO,"SOLICITA INSTALAÇÃO DE PLACA DE SINALIZAÇÃO REGULAMENTANDO ESTACIONAMENTO PRIORITÁRIO PARA ÔNIBUS E VANS ESCOLARES EM HORÁRIOS DE EMBARQUE E DESEMBARQUE EM FRENTE À ESCOLA ESTADUAL PROF. EDITHE, RUA MATO GROSSO, FERRARIA.","Ruas, trânsito e transporte","IA, por regras temáticas documentadas",não,https://sapl.campolargo.pr.leg.br/materia/26827
791,30256,UNANIMIDADE,26781,1438,2026,REQ,REQUERIMENTO,"SOLICITA BOCAS DE LOBO E MANILHAMENTO DO SISTEMA DE CRENAGEM PLUVIAL NA RUA ITÁLIA, PROXIMO AO NUMERAL 100, BAIRRO FRANCISCO GORSKI.",Iluminação e serviços urbanos,"IA, por regras temáticas documentadas",não,https://sapl.campolargo.pr.leg.br/materia/26781
791,30257,UNANIMIDADE,26782,1439,2026,REQ,REQUERIMENTO,SOLICITA CONSTRUÇÃO DE UM CENTRO DE CONVIVÊNCIA PARA PESSOAS IDOSAS.,Assistência social e direitos,"IA, por regras temáticas documentadas",não,https://sapl.campolargo.pr.leg.br/materia/26782
791,30258,UNANIMIDADE,26783,1440,2026,REQ,REQUERIMENTO,"SOLICITA CANALIZAÇÃO DO CORREGO LOCALIZADO NA RUA EUCLIDES DE ALMEIDA, NO BATEIAS, AO LADO DA EMPRESA SABOREARTE.",Meio ambiente e animais,"IA, por regras temáticas documentadas",não,https://sapl.campolargo.pr.leg.br/materia/26783
791,30259,UNANIMIDADE,26784,1441,2026,REQ,REQUERIMENTO,SOLICITA INFORMAÇÕES SOBRE O CRONOGRAMA DE LIMPEZA DA PRAÇA DURVAL PARIS DE OLIVEIRA.,Iluminação e serviços urbanos,"IA, por regras temáticas documentadas",não,https://sapl.campolargo.pr.leg.br/materia/26784
791,30260,UNANIMIDADE,26785,1442,2026,REQ,REQUERIMENTO,"SOLICITA INCLUSÃO DA PRAÇA DURVAL PARIS DE OLIVEIRA NO CRONOGRAMA DE LIMPEZA, CONSERVAÇÃO E MANUTENÇÃO PERIÓDICA.",Iluminação e serviços urbanos,"IA, por regras temáticas documentadas",não,https://sapl.campolargo.pr.leg.br/materia/26785
791,30261,UNANIMIDADE,26810,1470,2026,REQ,REQUERIMENTO,SOLICITA CONSTRUÇÃO DE ESCADA DE ACESSO NA CAIXA D’ÁGUA QUE ATENDE A COMUNIDADE DO MORRO GRANDE.,Outros,"IA, por regras temáticas documentadas",não,https://sapl.campolargo.pr.leg.br/materia/26810
791,30262,UNANIMIDADE,26811,1471,2026,REQ,REQUERIMENTO,SOLICITA CRIAÇÃO DO CARGO PÚBLICO DE ZOOTECNISTA NO QUADRO DE SERVIDORES MUNICIPAIS.,Administração e finanças,"IA, por regras temáticas documentadas",não,https://sapl.campolargo.pr.leg.br/materia/26811
791,30263,UNANIMIDADE,26812,1472,2026,REQ,REQUERIMENTO,"SOLICITA AMPLIAÇÃO DA ESCOLA MUNICIPAL HANS ERNEST SCHMIDT, BAIRRO ITAQUI.",Educação,"IA, por regras temáticas documentadas",não,https://sapl.campolargo.pr.leg.br/materia/26812
791,30264,UNANIMIDADE,26813,1473,2026,REQ,REQUERIMENTO,SOLICITA IMPLANTAÇÃO DE TELEMEDICINA PARA ATENDIMENTO PSICOLÓGICO E PSIQUIÁTRICO NA REDE MUNICIPAL DE SAÚDE.,Saúde,"IA, por regras temáticas documentadas",não,https://sapl.campolargo.pr.leg.br/materia/26813
791,30265,UNANIMIDADE,26814,1474,2026,REQ,REQUERIMENTO,SOLICITA ENSAIBRAMENTO E PATROLAMENTO NA ESTRADA DA TAQUARINHA.,"Ruas, trânsito e transporte","IA, por regras temáticas documentadas",não,https://sapl.campolargo.pr.leg.br/materia/26814
792,30266,UNANIMIDADE,26629,37,2026,PLE,PROJETO DE LEI DO EXECUTIVO,"DÁ NOVA REDAÇÃO E ACRESCENTA DISPOSITIVOS NA LEI MUNICIPAL N° 3.820, DE 21 DE NOVEMBRO DE 2024, QUE DISPÕE SOBRE O CONSELHO MUNICIPAL DE ESPORTES E CRIA O FUNDO MUNICIPAL DE ESPORTES, CONFORME ESPECIFICA.","Cultura, esporte e lazer","IA, por regras temáticas documentadas",não,https://sapl.campolargo.pr.leg.br/materia/26629
792,30267,UNANIMIDADE,26221,52,2026,PLL,PROJETO DE LEI DO LEGISLATIVO,INSTITUI O DIA MUNICIPAL DA CULTURA NO CALENDÁRO OFICIAL DE EVENTOS DO MUNICIPIO DE CAMPO LARGO E DÁ OUTRAS PROVIDÊNCIAS.,"Cultura, esporte e lazer","IA, por regras temáticas documentadas",não,https://sapl.campolargo.pr.leg.br/materia/26221
792,30269,UNANIMIDADE,26607,75,2026,PLL,PROJETO DE LEI DO LEGISLATIVO,INSTITUI O PROGRAMA MUNICIPAL DE GINASTICA RÍTMICA NO MUNÍCIPIO DE CAMPO LARGO E DÁ OUTRAS PROVIDÊNCIAS.,Outros,"IA, por regras temáticas documentadas",não,https://sapl.campolargo.pr.leg.br/materia/26607
792,30270,UNANIMIDADE,26688,45,2026,PLE,PROJETO DE LEI DO EXECUTIVO,"ALTERA DISPOSITIVOS DA LEI MUNICIPAL Nº3.279, DE 06 DE NOVEMBRO DE 2020, QUE INSTITUI O FUNDO MUNICIPAL DO TRABALHO DO MUNICÍPIO DE CAMPO LARGO, CONFORME ESPECIFICA.",Administração e finanças,"IA, por regras temáticas documentadas",não,https://sapl.campolargo.pr.leg.br/materia/26688
792,30271,UNANIMIDADE,26690,47,2026,PLE,PROJETO DE LEI DO EXECUTIVO,"DISPÕE SOBRE O AUMENTO DE VAGAS DE CARGO PÚBLICO CONSTANTE DO ANEXO II, DA LEI MUNICIPAL Nº 2353/2011, CONFORME QUE ESPECIFICA.",Administração e finanças,"IA, por regras temáticas documentadas",não,https://sapl.campolargo.pr.leg.br/materia/26690
792,30272,UNANIMIDADE,26691,48,2026,PLE,PROJETO DE LEI DO EXECUTIVO,"ALTERA DISPOSITIVOS DA LEI MUNICIPAL Nº 3.281,DE 06 DE NOVEMBRO DE 2020, QUE INSTITUI O CONSELHO MUNICIPAL DO TRABALHO, EMPREGO E RENDA – COMTER, CONFORME ESPECIFICA.","Desenvolvimento, moradia e agricultura","IA, por regras temáticas documentadas",não,https://sapl.campolargo.pr.leg.br/materia/26691
792,30273,UNANIMIDADE,26038,33,2026,PLL,PROJETO DE LEI DO LEGISLATIVO,"INSTITUI O DIA MUNICIPAL DO TRILHEIRO DE MOTOCICLISMO NO MUNICIPIO DE CAMPO LARGO E DÁ OUTRAS PROVIDENCIAS.
***COM SUBSTITUTIVO GERAL***","Homenagens, nomes e datas","IA, por regras temáticas documentadas",não,https://sapl.campolargo.pr.leg.br/materia/26038
792,30274,UNANIMIDADE,26753,77,2026,PLL,PROJETO DE LEI DO LEGISLATIVO,"DISPÕE SOBRE A FORMA DE ATENDIMENTO ACESSÍVEL ÀS PESSOAS COM DEFICIÊNCIA POR ESTABELECIMENTOS DE SAÚDE E DE CARÁTER ESTÉTICO INSTALADOS EM EDIFICAÇÕES CONSTRUIDAS ANTERIORMENTE A VIGENCIA DESTA LEI, E DÁ OUTRAS PROVIDÊNCIAS.",Saúde,"IA, por regras temáticas documentadas",não,https://sapl.campolargo.pr.leg.br/materia/26753
792,30282,UNANIMIDADE,26907,20,2026,VRC,VOTAÇÃO REQUERIMENTOS EM CONJUNTO,VOTAÇÃO ENGLOBADA DE TODOS REQUERIMENTOS.,Outros,"IA, por regras temáticas documentadas",não,https://sapl.campolargo.pr.leg.br/materia/26907
792,30283,UNANIMIDADE,26879,1551,2026,REQ,REQUERIMENTO,"SOLICITA MANILHAMENTO DA RUA JOSÉ SABIM, NO BAIRRO ITAQUI DE CIMA, EM TODA A SUA EXTENSÃO.",Iluminação e serviços urbanos,"IA, por regras temáticas documentadas",não,https://sapl.campolargo.pr.leg.br/materia/26879
792,30284,UNANIMIDADE,26880,1552,2026,REQ,REQUERIMENTO,"SOLICITA COLETA DE RESIDUOS RECICLAVEIS NA RUA JOSÉ SABIM, NO BAIRRO ITAQUI DE CIMA, EM TODA A SUA EXTENSÃO.",Meio ambiente e animais,"IA, por regras temáticas documentadas",não,https://sapl.campolargo.pr.leg.br/materia/26880
792,30285,UNANIMIDADE,26881,1553,2026,REQ,REQUERIMENTO,"SOLICITA MANUTENÇÃO DA CALÇADA QUE CIRCUNDA A LAGOA, NO PARQUE DA LAGOA, BEM COMO A REVITALIZAÇÃO DA PINTURA EXISTENTE NO LOCAL.","Ruas, trânsito e transporte","IA, por regras temáticas documentadas",não,https://sapl.campolargo.pr.leg.br/materia/26881
792,30286,UNANIMIDADE,26882,1554,2026,REQ,REQUERIMENTO,"SOLICITA INFORMAÇÕES SOBRE A PAVIMENTAÇÃO ASFÁLTICA DA RUA ITÁLIA, NO LOTEAMENTO FRANCISCO GORSKI.","Ruas, trânsito e transporte","IA, por regras temáticas documentadas",não,https://sapl.campolargo.pr.leg.br/materia/26882
792,30287,UNANIMIDADE,26883,1555,2026,REQ,REQUERIMENTO,SOLICITA ALTERAÇÃO DO PONTO DE ÔNIBUS EXISTENTE NA RUA RUI BARBOSA (PRÓXIMO AO ERCE) PARA UM LOCAL MAIS ADEQUADO.,"Ruas, trânsito e transporte","IA, por regras temáticas documentadas",não,https://sapl.campolargo.pr.leg.br/materia/26883
792,30288,UNANIMIDADE,26866,1536,2026,REQ,REQUERIMENTO,"SOLICITA PINTURA HORIZONTAL DAS FAIXAS DE PEDESTRES PARA SINALIZAÇÃO DA AVENIDA AYRTON SENNA DA SILVA, NO TRECHO INDICADO, JARDIM BUSMAYER.","Ruas, trânsito e transporte","IA, por regras temáticas documentadas",não,https://sapl.campolargo.pr.leg.br/materia/26866
792,30289,UNANIMIDADE,26867,1537,2026,REQ,REQUERIMENTO,"SOLICITA INSTALAÇÃO DE SEMÁFORO NO CRUZAMENTO DA RUA ANTÔNIO GABARDO JÚNIOR COM A RUA ALCEBÍADES AFONSO GUIMARÃES, BAIRRO ÁGUAS CLARAS.","Ruas, trânsito e transporte","IA, por regras temáticas documentadas",não,https://sapl.campolargo.pr.leg.br/materia/26867
792,30290,UNANIMIDADE,26868,1538,2026,REQ,REQUERIMENTO,"SOLICITA IMPLANTAÇÃO DE PLACAS “PROIBIDO ESTACIONAR” NA ESQUINA DA RUA RIO GRANDE DO NORTE COM A AVENIDA PORCELANA, BAIRRO ITAQUI.",Meio ambiente e animais,"IA, por regras temáticas documentadas",não,https://sapl.campolargo.pr.leg.br/materia/26868
792,30291,UNANIMIDADE,26845,1506,2026,REQ,REQUERIMENTO,"SOLICITA MODERNIZAÇÃO DO SISTEMA DE ILUMINAÇÃO COM INSTALAÇÃO DE LÂMPADAS DE LED EM TODA EXTENSÃO DA RUA VICENTE SPAK, BATEIAS.",Iluminação e serviços urbanos,"IA, por regras temáticas documentadas",não,https://sapl.campolargo.pr.leg.br/materia/26845
792,30292,UNANIMIDADE,26846,1507,2026,REQ,REQUERIMENTO,"SOLICITA MODERNIZAÇÃO DO SISTEMA DE ILUMINAÇÃO COM INSTALAÇÃO DE LÂMPADAS DE LED EM TODA EXTENSÃO DA RUA ARARUNA, VILA CONCEIÇÃO.",Iluminação e serviços urbanos,"IA, por regras temáticas documentadas",não,https://sapl.campolargo.pr.leg.br/materia/26846
792,30293,UNANIMIDADE,26847,1508,2026,REQ,REQUERIMENTO,SOLICITA INFORMAÇÕES SOBRE A VIA QUE ACESSA A RODOVIA DO CAFÉ – GOVERNADOR NEY BRAGA – KM 115 + 300M.,"Ruas, trânsito e transporte","IA, por regras temáticas documentadas",não,https://sapl.campolargo.pr.leg.br/materia/26847
792,30294,UNANIMIDADE,26848,1509,2026,REQ,REQUERIMENTO,"SOLICITA INFORMAÇÕES SOBRE A VIA QUE ACESSA A ESTRADA DA FAZENDINHA, PRÓXIMO AO PESQUE–PAGUE GASPARETO, NO BAIRRO FAZENDINHA.","Ruas, trânsito e transporte","IA, por regras temáticas documentadas",não,https://sapl.campolargo.pr.leg.br/materia/26848
792,30295,UNANIMIDADE,26849,1510,2026,REQ,REQUERIMENTO,"SOLICITA PAVIMENTAÇÃO ASFÁLTICA EM TODA EXTENSÃO DA RUA VICENTE SPAK, BATEIAS.","Ruas, trânsito e transporte","IA, por regras temáticas documentadas",não,https://sapl.campolargo.pr.leg.br/materia/26849
792,30296,UNANIMIDADE,26850,1511,2026,REQ,REQUERIMENTO,SOLICITA INSTALAÇÃO DE PLACAS COM A DENOMINAÇÃO “RUA HILDA KARMAN” NAS COORDENADAS DA LEI 4.031/2026.,"Homenagens, nomes e datas","IA, por regras temáticas documentadas",não,https://sapl.campolargo.pr.leg.br/materia/26850
792,30297,UNANIMIDADE,26851,1512,2026,REQ,REQUERIMENTO,"SOLICITA DESASSOREAMENTO DA BACIA DO RIO ITAQUI, LOCALIZADA NA RUA CEZAR SCAPIM, À ESQUERDA DA PONTE, NO SENTIDO FELPUDO.",Meio ambiente e animais,"IA, por regras temáticas documentadas",não,https://sapl.campolargo.pr.leg.br/materia/26851
792,30298,UNANIMIDADE,26852,1513,2026,REQ,REQUERIMENTO,"SOLICITA REPERFILAMENTO ASFÁLTICO NA RUA LUIS RIVABEM, BOM JESUS.","Ruas, trânsito e transporte","IA, por regras temáticas documentadas",não,https://sapl.campolargo.pr.leg.br/materia/26852
792,30299,UNANIMIDADE,26884,1556,2026,REQ,REQUERIMENTO,SOLICITA REPERFILAMENTO ASFÁLTICO NA RUA MANOEL PINTO PORTUGAL – VILA SANTA TEREZINHA.,"Ruas, trânsito e transporte","IA, por regras temáticas documentadas",não,https://sapl.campolargo.pr.leg.br/materia/26884
792,30300,UNANIMIDADE,26885,1561,2026,REQ,REQUERIMENTO,SOLICITA AÇÃO TAPA-BURACOS NA RUA EMILIANO PERNETA.,"Ruas, trânsito e transporte","IA, por regras temáticas documentadas",não,https://sapl.campolargo.pr.leg.br/materia/26885
792,30301,UNANIMIDADE,26860,1527,2026,REQ,REQUERIMENTO,"SOLICITA MANUTENÇÃO/REPARO NA REDE PLUVIAL LOCALIZADA NA RUA PAULINO FRACARO, EM FRENTE AO N° 250, JARDIM ÁGUAS CLARAS.","Ruas, trânsito e transporte","IA, por regras temáticas documentadas",não,https://sapl.campolargo.pr.leg.br/materia/26860
792,30302,UNANIMIDADE,26861,1528,2026,REQ,REQUERIMENTO,"SOLICITA OBRA DE CONTENÇÃO NA ENCOSTA/MARGEM DO RIO CAMBUÍ, NO TRECHO LOCALIZADO EM FRENTE AO CAMPO COLOMBINHO.",Meio ambiente e animais,"IA, por regras temáticas documentadas",não,https://sapl.campolargo.pr.leg.br/materia/26861
792,30303,UNANIMIDADE,26862,1529,2026,REQ,REQUERIMENTO,SOLICITA INSTALAÇÃO DE SEMÁFORO NO CRUZAMENTO DA RUA VEREADOR ARLINDO CHEMIM COM A RUA DOMINGOS CORDEIRO.,"Ruas, trânsito e transporte","IA, por regras temáticas documentadas",não,https://sapl.campolargo.pr.leg.br/materia/26862
792,30304,UNANIMIDADE,26863,1530,2026,REQ,REQUERIMENTO,"SOLICITA INSTALAÇÃO DE COBERTURA EM PONTO DE ÔNIBUS NA RUA DOMINGOS CORDEIRO, PRÓXIMO AO NUMERAL 2.291.","Ruas, trânsito e transporte","IA, por regras temáticas documentadas",não,https://sapl.campolargo.pr.leg.br/materia/26863
792,30305,UNANIMIDADE,26864,1531,2026,REQ,REQUERIMENTO,"SOLICITA INSTALAÇÃO DE PONTO DE ÔNIBUS NA RUA DOMINGOS CORDEIRO, PRÓXIMO AO NUMERAL 2.480, BAIRRO APARECIDA.","Ruas, trânsito e transporte","IA, por regras temáticas documentadas",não,https://sapl.campolargo.pr.leg.br/materia/26864
792,30306,UNANIMIDADE,26870,1539,2026,REQ,REQUERIMENTO,"SOLICITA MANILHAMENTO COM IMPLANTAÇÃO DE SISTEMA PLUVIAL NA RUA PRESIDENTE GETÚLIO VARGAS, CERCADINHO.",Iluminação e serviços urbanos,"IA, por regras temáticas documentadas",não,https://sapl.campolargo.pr.leg.br/materia/26870
792,30307,UNANIMIDADE,26871,1540,2026,REQ,REQUERIMENTO,"SOLICITA PATROLAMENTO E DISPOSIÇÃO DE SAIBRO NA RUA SÃO DAVID FAY, PRÓXIMO AO PET HOTEL DA BEL, EM TODA SUA EXTENSÃO – SÃO CAETANO.","Ruas, trânsito e transporte","IA, por regras temáticas documentadas",não,https://sapl.campolargo.pr.leg.br/materia/26871
792,30308,UNANIMIDADE,26872,1541,2026,REQ,REQUERIMENTO,"SOLICITA MANUTENÇÃO ASFÁLTICA NA RUA ESCOLÁSTICA AGGIO BARTON, NAS PROXIMIDADES DO N° 2.482 – VILA NOSSA SENHORA DO CARMO.","Ruas, trânsito e transporte","IA, por regras temáticas documentadas",não,https://sapl.campolargo.pr.leg.br/materia/26872
792,30309,UNANIMIDADE,26873,1542,2026,REQ,REQUERIMENTO,"SOLICITA INSTALAÇÃO DE TRAVESSIA ELEVADA NA RUA AUGUSTO BULLOW, EM FRENTE AO NUMERAL 12 – VILA KUSTER.","Ruas, trânsito e transporte","IA, por regras temáticas documentadas",não,https://sapl.campolargo.pr.leg.br/materia/26873
792,30310,UNANIMIDADE,26874,1543,2026,REQ,REQUERIMENTO,"SOLICITA SUBSTITUIÇÃO DE POSTE DE ENERGIA ELETRICA NA RUA GONÇALVES DIAS, ESQUINA COM A RUA ORWALDO CRUZ, BAIRRO NOSSA SENHORA DO CARMO.",Iluminação e serviços urbanos,"IA, por regras temáticas documentadas",não,https://sapl.campolargo.pr.leg.br/materia/26874
792,30311,UNANIMIDADE,26875,1545,2026,REQ,REQUERIMENTO,SOLICITA INSTALAÇÃO DE SEMÁFORO NO CRUZAMENTO DA RUA DOM PEDRO II COM A RUA XAVIER DA SILVA.,"Ruas, trânsito e transporte","IA, por regras temáticas documentadas",não,https://sapl.campolargo.pr.leg.br/materia/26875
792,30312,UNANIMIDADE,26876,1546,2026,REQ,REQUERIMENTO,"SOLICITA TACHÕES NO CRUZAMENTO ENTRE AS RUAS DOMINGOS ANDREASSA E AFONSO GUIMARÃES, VILA NOVA.","Ruas, trânsito e transporte","IA, por regras temáticas documentadas",não,https://sapl.campolargo.pr.leg.br/materia/26876
792,30313,UNANIMIDADE,26877,1547,2026,REQ,REQUERIMENTO,SOLICITA REVITALIZAÇÃO E MANUTENÇÃO DA ACADEMIA AO AR LIVRE DO PARQUE DA LAGOA.,"Cultura, esporte e lazer","IA, por regras temáticas documentadas",não,https://sapl.campolargo.pr.leg.br/materia/26877
792,30314,UNANIMIDADE,26878,1548,2026,REQ,REQUERIMENTO,"SOLICITA MANUTENÇÃO ASFÁLTICA NA RUA JOSÉ LUNARDON JUNTO AOS MEIOS-FIOS, BAIRRO FERRARI.","Ruas, trânsito e transporte","IA, por regras temáticas documentadas",não,https://sapl.campolargo.pr.leg.br/materia/26878
792,30315,UNANIMIDADE,26889,1568,2026,REQ,REQUERIMENTO,"PEDIDO DE INFORMAÇÕES, SOLICITANDO LISTA DE TERRENOS PÚBLICOS, SEM UTILIZAÇÃO, PERTENCENTES AO MUNICIPIO DE CAMPO LARGO.",Outros,"IA, por regras temáticas documentadas",não,https://sapl.campolargo.pr.leg.br/materia/26889
792,30316,UNANIMIDADE,26890,1569,2026,REQ,REQUERIMENTO,SOLICITA IMPLANTAÇÃO DA ROTA CICLÍSTICA NA ESTRADA RIO VERDE.,Meio ambiente e animais,"IA, por regras temáticas documentadas",não,https://sapl.campolargo.pr.leg.br/materia/26890
792,30317,UNANIMIDADE,26891,1570,2026,REQ,REQUERIMENTO,SOLICITA INFORMAÇÕES DE DEMANDA E UTILIZAÇÃO DE PROGRAMAS PÚBLICOS POR PARTE DE PROTETORES INDEPENDENTES E ORGANIZAÇÕES DA SOCIEDADE CIVIL VOLTADOS Á PROTEÇÃO ANIMAL.,Meio ambiente e animais,"IA, por regras temáticas documentadas",não,https://sapl.campolargo.pr.leg.br/materia/26891
792,30318,UNANIMIDADE,26892,1571,2026,REQ,REQUERIMENTO,"PEDIDO DE INFORMAÇÕES, SOLICITANDO LISTA DE TERRENOS ADQUIRIDOS PELA PREFEITURA DE CAMPO LARGO NOS ULTIMOS 5 ANOS.",Outros,"IA, por regras temáticas documentadas",não,https://sapl.campolargo.pr.leg.br/materia/26892
792,30319,UNANIMIDADE,26899,1579,2026,REQ,REQUERIMENTO,"SOLICITA EMPENHO E EXECUÇÃO DO PROJETO REFERENTE À EMENDA IMPOSITIVA N° 29/2025 DA LEI ORÇAMENTÁRIA ANUAL PARA O EXERCICIO DE 2026, DE AUTORIA DOS VEREADORES GM RAFAEL FREITAS E JUNIOR ANDREASSA.",Administração e finanças,"IA, por regras temáticas documentadas",não,https://sapl.campolargo.pr.leg.br/materia/26899
792,30320,UNANIMIDADE,26853,1514,2026,REQ,REQUERIMENTO,"SOLICITA SINALIZAÇÃO VIÁRIA VERTICAL E HORIZONTAL EM TODA EXTENSÃO DA RUA CARLOS BENATO, BAIRRO ÁGUAS CLARAS.","Ruas, trânsito e transporte","IA, por regras temáticas documentadas",não,https://sapl.campolargo.pr.leg.br/materia/26853
792,30321,UNANIMIDADE,26854,1515,2026,REQ,REQUERIMENTO,"SOLICITA SINALIZAÇÃO VIÁRIA VERTICAL E HORIZONTAL EM TODA EXTENSÃO DA RUA MARCOLINO DOMINGUES, BAIRRO ÁGUAS CLARAS.","Ruas, trânsito e transporte","IA, por regras temáticas documentadas",não,https://sapl.campolargo.pr.leg.br/materia/26854
792,30322,UNANIMIDADE,26855,1516,2026,REQ,REQUERIMENTO,"SOLICITA SINALIZAÇÃO VIÁRIA VERTICAL E HORIZONTAL EM TODA EXTENSÃO DA RUA WALDEMAR LEON BORGES, BAIRRO ÁGUAS CLARAS.","Ruas, trânsito e transporte","IA, por regras temáticas documentadas",não,https://sapl.campolargo.pr.leg.br/materia/26855
792,30323,UNANIMIDADE,26897,1577,2026,REQ,REQUERIMENTO,"SOLICITA SINALIZAÇÃO VERTICAL E HORIZONTAL EM TODA EXTENSÃO DA RUA SANTA INÊS, BAIRRO TROPICAL.","Ruas, trânsito e transporte","IA, por regras temáticas documentadas",não,https://sapl.campolargo.pr.leg.br/materia/26897
792,30324,UNANIMIDADE,26898,1578,2026,REQ,REQUERIMENTO,"SOLICITA SINALIZAÇÃO VERTICAL E HORIZONTAL EM TODA EXTENSÃO DA RUA PAULINO FRACARO, BAIRRO TROPICAL.","Ruas, trânsito e transporte","IA, por regras temáticas documentadas",não,https://sapl.campolargo.pr.leg.br/materia/26898
792,30325,UNANIMIDADE,26886,1564,2026,REQ,REQUERIMENTO,SOLICITA PATROLAMENTO E ENSAIBRAMENTO NA ESTRADA DA CONCEIÇÃO DAS CHAGAS – TRÊS CORRÊGOS.,"Ruas, trânsito e transporte","IA, por regras temáticas documentadas",não,https://sapl.campolargo.pr.leg.br/materia/26886
792,30326,UNANIMIDADE,26887,1566,2026,REQ,REQUERIMENTO,"SOLICITA MANUTENÇÃO DO BRINQUEDO DE BALANÇO NO PARQUINHO INFANTIL DO PARQUE NEWTON PUPPI, PRÓXIMO AO CASARÃO.","Cultura, esporte e lazer","IA, por regras temáticas documentadas",não,https://sapl.campolargo.pr.leg.br/materia/26887
792,30327,UNANIMIDADE,26888,1567,2026,REQ,REQUERIMENTO,SOLICITA SISTEMA DE MONITORAMENTO POR CÂMERAS NAS SALAS DA ESCOLA MUNICIPAL REINO DA LOUCINHA.,Educação,"IA, por regras temáticas documentadas",não,https://sapl.campolargo.pr.leg.br/materia/26888
792,30328,UNANIMIDADE,26900,1580,2026,REQ,REQUERIMENTO,"SOLICITA COLOCAÇÃO DE MEIOS-FIOS NA RUA LORIVAL COSTA, PRÓXIMO AO BIA MATERIAIS DE CONSTRUÇÃO, VILA TORRES, FERRARIA.","Ruas, trânsito e transporte","IA, por regras temáticas documentadas",não,https://sapl.campolargo.pr.leg.br/materia/26900
792,30329,UNANIMIDADE,26901,1581,2026,REQ,REQUERIMENTO,"SOLICITA INSTALAÇÃO DE PLACA DE SINALIZAÇÃO REGULAMENTANDO ESTACIONAMENTO PRIORITÁRIO PARA ÔNIBUS E VANS ESCOLARES EM HORÁRIOS DE EMBARQUE E DESEMBARQUE EM FRENTE AO CMEI MONTEIRO LOBATO, NA RUA UIRAPURU, DONA FINA, FERRARIA.","Ruas, trânsito e transporte","IA, por regras temáticas documentadas",não,https://sapl.campolargo.pr.leg.br/materia/26901
792,30330,UNANIMIDADE,26902,1582,2026,REQ,REQUERIMENTO,"SOLICITA PINTURA DE FAIXA AMARELA EM UM PEQUENO TRECHO DA RUA LORIVAL COSTA, PRÓXIMO AO BIA MATERIAIS DE CONSTRUÇÃO, COM O OBJETIVO DE MELHORAR A ORGANIZAÇÃO E A SEGURANÇA DO TRANSITO, VILA TORRES, FERRARIA.","Ruas, trânsito e transporte","IA, por regras temáticas documentadas",não,https://sapl.campolargo.pr.leg.br/materia/26902
792,30331,UNANIMIDADE,26903,1583,2026,REQ,REQUERIMENTO,"SOLICITA PATRULHAMENTO OSTENSIVO DA GUARDA MUNCIPAL NA AVENIDA ARAPONGAS, DONA FINA, FERRARIA.",Segurança pública,"IA, por regras temáticas documentadas",não,https://sapl.campolargo.pr.leg.br/materia/26903
792,30332,UNANIMIDADE,26904,1584,2026,REQ,REQUERIMENTO,"SOLICITA SUBSTITUIÇÃO DAS CASINHAS DE CACHORRO LOCALIZADAS NA ACADEMIA AO AR LIVRE, NA ESQUINA DA RUA IPÊ COM A RUA DAS PALMEIRAS, JARDIM GUARANY.","Cultura, esporte e lazer","IA, por regras temáticas documentadas",não,https://sapl.campolargo.pr.leg.br/materia/26904
792,30333,UNANIMIDADE,26856,1517,2026,REQ,REQUERIMENTO,SOLICITA ADEQUAÇÃO DO SISTEMA DE CALHAS E ESCOAMENTO DE ÁGUA NA ESCOLA SETE DE SETEMBRO.,Educação,"IA, por regras temáticas documentadas",não,https://sapl.campolargo.pr.leg.br/materia/26856
792,30334,UNANIMIDADE,26869,1518,2026,REQ,REQUERIMENTO,SOLICITA PROGRAMA FAMILIA ACOLHEDORA MODALIDADE SUAS – SISTEMA ÚNICO DE ASSISTENCIA SOCIAL DO GOVERNO FEDERAL.,Assistência social e direitos,"IA, por regras temáticas documentadas",não,https://sapl.campolargo.pr.leg.br/materia/26869
792,30335,UNANIMIDADE,26857,1519,2026,REQ,REQUERIMENTO,SOLICITA INCLUSÃO DO BAIRRO JARDIM DAS PALMAS NO ITINERÁRIO DO TRANSPORTE ESCOLAR MUNICIPAL.,Educação,"IA, por regras temáticas documentadas",não,https://sapl.campolargo.pr.leg.br/materia/26857
792,30336,UNANIMIDADE,26858,1520,2026,REQ,REQUERIMENTO,"SOLICITA MANIHAMENTO EM TODA EXTENSÃO DA RUA OTALIPIO PEREIRA DE ANDRADE, JARDIM PARAISO MINERAL.","Ruas, trânsito e transporte","IA, por regras temáticas documentadas",não,https://sapl.campolargo.pr.leg.br/materia/26858
792,30337,UNANIMIDADE,26859,1521,2026,REQ,REQUERIMENTO,"SOLICITA RECUPERAÇÃO ASFÁLTICA (TAPA BURACOS) EM TODA EXTENSÃO DA RUA OTALIPIO PEREIRA DE ANDRADE, JARDIM PARAISO MINERAL.","Ruas, trânsito e transporte","IA, por regras temáticas documentadas",não,https://sapl.campolargo.pr.leg.br/materia/26859
792,30338,UNANIMIDADE,26893,1572,2026,REQ,REQUERIMENTO,"SOLICITA REFORMA NO CENTRO DA JUVENTUDE, NA RUA ADEMAR DE BARROS, BAIRRO BOM JESUS.","Ruas, trânsito e transporte","IA, por regras temáticas documentadas",não,https://sapl.campolargo.pr.leg.br/materia/26893
792,30339,UNANIMIDADE,26894,1574,2026,REQ,REQUERIMENTO,SOLICITA REFORMA ASSOCIAÇÃO DE MORADORES DO BAIRRO ITAQUI DE CIMA.,Outros,"IA, por regras temáticas documentadas",não,https://sapl.campolargo.pr.leg.br/materia/26894
792,30340,UNANIMIDADE,26895,1575,2026,REQ,REQUERIMENTO,"SOLICITA REENQUADRAMENTO DOS SERVIDORES OCUPANTES DO CARGO DE AUXILIAR DE EDUCAÇÃO INFANTIL QUE ATENDAM AOS REQUISITOS ESTABELECIDOS PELA LEI FEDERAL N° 15.326, DE 6 DE JANEIRO DE 2026, NA CARREIRA DO MAGISTÉRIO MUNICIPAL.",Educação,"IA, por regras temáticas documentadas",não,https://sapl.campolargo.pr.leg.br/materia/26895
792,30341,UNANIMIDADE,26896,1576,2026,REQ,REQUERIMENTO,SOLICITA ABERTURA DE VIA PÚBLICA QUE LIGUE A RUA FERNANDO ANTÔNIO BUENO LOPES À RUA FRANCISCO XAVIER DE ALMEIDA GARRET.,"Ruas, trânsito e transporte","IA, por regras temáticas documentadas",não,https://sapl.campolargo.pr.leg.br/materia/26896
793,30372,UNANIMIDADE,26930,1614,2026,REQ,REQUERIMENTO,"SOLICITA TRIBUNA LIVRE AO COORDENADOR DA DEFESA CIVIL DO MUNICÍPIO, PARA PRESTAR ESCLARECIMENTOS SOBRE A ESTRUTURA, ORGANIZAÇÃO E PREPARAÇÃO DA DEFESA CIVIL DE CAMPO LARGO PARA ATUAR NA PREVENÇÃO E RESPOSTA A SITUAÇÕES DE EMERGÊNCIA E DESASTRES.",Defesa Civil,"IA, por regras temáticas documentadas",não,https://sapl.campolargo.pr.leg.br/materia/26930
793,30342,UNANIMIDADE,26688,45,2026,PLE,PROJETO DE LEI DO EXECUTIVO,"ALTERA DISPOSITIVOS DA LEI MUNICIPAL Nº3.279, DE 06 DE NOVEMBRO DE 2020, QUE INSTITUI O FUNDO MUNICIPAL DO TRABALHO DO MUNICÍPIO DE CAMPO LARGO, CONFORME ESPECIFICA.",Administração e finanças,"IA, por regras temáticas documentadas",não,https://sapl.campolargo.pr.leg.br/materia/26688
793,30343,UNANIMIDADE,26690,47,2026,PLE,PROJETO DE LEI DO EXECUTIVO,"DISPÕE SOBRE O AUMENTO DE VAGAS DE CARGO PÚBLICO CONSTANTE DO ANEXO II, DA LEI MUNICIPAL Nº 2353/2011, CONFORME QUE ESPECIFICA.",Administração e finanças,"IA, por regras temáticas documentadas",não,https://sapl.campolargo.pr.leg.br/materia/26690
793,30344,UNANIMIDADE,26691,48,2026,PLE,PROJETO DE LEI DO EXECUTIVO,"ALTERA DISPOSITIVOS DA LEI MUNICIPAL Nº 3.281,DE 06 DE NOVEMBRO DE 2020, QUE INSTITUI O CONSELHO MUNICIPAL DO TRABALHO, EMPREGO E RENDA – COMTER, CONFORME ESPECIFICA.","Desenvolvimento, moradia e agricultura","IA, por regras temáticas documentadas",não,https://sapl.campolargo.pr.leg.br/materia/26691
793,30345,UNANIMIDADE,26038,33,2026,PLL,PROJETO DE LEI DO LEGISLATIVO,"INSTITUI O DIA MUNICIPAL DO TRILHEIRO DE MOTOCICLISMO NO MUNICIPIO DE CAMPO LARGO E DÁ OUTRAS PROVIDENCIAS.
***COM SUBSTITUTIVO GERAL***","Homenagens, nomes e datas","IA, por regras temáticas documentadas",não,https://sapl.campolargo.pr.leg.br/materia/26038
793,30347,UNANIMIDADE,26532,68,2026,PLL,PROJETO DE LEI DO LEGISLATIVO,"DECLARA DE UTILIDADE PÚBLICA A ASSOCIAÇÃO DE PAIS, MESTRES E FUNCIONÁRIOS DO COLÉGIO ESTADUAL INOVE.","Homenagens, nomes e datas","IA, por regras temáticas documentadas",não,https://sapl.campolargo.pr.leg.br/materia/26532
793,30346,UNANIMIDADE,26753,77,2026,PLL,PROJETO DE LEI DO LEGISLATIVO,"DISPÕE SOBRE A FORMA DE ATENDIMENTO ACESSÍVEL ÀS PESSOAS COM DEFICIÊNCIA POR ESTABELECIMENTOS DE SAÚDE E DE CARÁTER ESTÉTICO INSTALADOS EM EDIFICAÇÕES CONSTRUIDAS ANTERIORMENTE A VIGENCIA DESTA LEI, E DÁ OUTRAS PROVIDÊNCIAS.",Saúde,"IA, por regras temáticas documentadas",não,https://sapl.campolargo.pr.leg.br/materia/26753
793,30348,UNANIMIDADE,26687,43,2026,PLE,PROJETO DE LEI DO EXECUTIVO,"INSTITUI PLANO DE AMORTIZAÇÃO PARA EQUACIONAMENTO DO DÉFICIT ATUARIAL DO REGIME PRÓPRIO DE PREVIDÊNCIA SOCIAL DOS SERVIDORES PÚBLICOS DO MUNICÍPIO DE CAMPO LARGO/PR – RPPS, COM CONTRIBUIÇÕES SUPLEMENTARES, NA FORMA DE APORTES CRESCENTES.",Administração e finanças,"IA, por regras temáticas documentadas",não,https://sapl.campolargo.pr.leg.br/materia/26687
793,30349,UNANIMIDADE,26457,62,2026,PLL,PROJETO DE LEI DO LEGISLATIVO,"INSTITUI O PROGRAMA PROTETORES MIRINS NO MUNICÍPIO DE CAMPO LARGO, E DÁ OUTRAS PROVIDENCIAS.
***COM SUBSTITUTIVO GERAL, CUJA SÚMULA: INSTITUI O PROGRAMA PROTETORES MIRINS DOS ANIMAIS NO MUNICÍPIO DE CAMPO LARGO, E DÁ OUTRAS PROVIDÊNCIAS.***",Meio ambiente e animais,"IA, por regras temáticas documentadas",não,https://sapl.campolargo.pr.leg.br/materia/26457
793,30350,UNANIMIDADE,26772,85,2026,PLL,PROJETO DE LEI DO LEGISLATIVO,INSTITUI A SEMANA MUNICIPAL DE PROTEÇÃO DAS NASCENTES NO MUNICIPIO DE CAMPO LARGO E DÁ OUTRAS PROVIDÊNCIAS.,"Homenagens, nomes e datas","IA, por regras temáticas documentadas",não,https://sapl.campolargo.pr.leg.br/materia/26772
793,30359,UNANIMIDADE,26985,21,2026,VRC,VOTAÇÃO REQUERIMENTOS EM CONJUNTO,VOTAÇÃO ENGLOBADA DE TODOS REQUERIMENTOS.,Outros,"IA, por regras temáticas documentadas",não,https://sapl.campolargo.pr.leg.br/materia/26985
793,30360,UNANIMIDADE,26967,1658,2026,REQ,REQUERIMENTO,SOLICITA PLACA DE AVISOS QUANTO A OBRIGATORIEDADE DE USO DE FOCINHEIRA EM CÃES DE GRANDE PORTE NA PRAÇA DA POLÔNIA - CENTRO.,Outros,"IA, por regras temáticas documentadas",não,https://sapl.campolargo.pr.leg.br/materia/26967
793,30361,UNANIMIDADE,26968,1659,2026,REQ,REQUERIMENTO,"SOLICITA REMOÇÃO DE TRONCOS E GALHOS EXISTENTES NA CALÇADA RUA JOSÉ ARNALDO COSMO, ESQUINA COM A RUA PAULO ABDALA - SALGADINHO.","Ruas, trânsito e transporte","IA, por regras temáticas documentadas",não,https://sapl.campolargo.pr.leg.br/materia/26968
793,30362,UNANIMIDADE,26969,1660,2026,REQ,REQUERIMENTO,"SOLICITA PATROLAMENTO E ENSAIBRAMENTO NA ESTRADA TRÊS CORREGUINHOS, TRÊS CORREGOS.","Ruas, trânsito e transporte","IA, por regras temáticas documentadas",não,https://sapl.campolargo.pr.leg.br/materia/26969
793,30363,UNANIMIDADE,26970,1661,2026,REQ,REQUERIMENTO,"SOLICITA ABERTURA DAS RUAS I E K PARA AS RUAS CAPIVARI E PARANÁ, RESPECTIVAMENTE, NO BAIRRO JARDIM TRÊS RIOS.","Ruas, trânsito e transporte","IA, por regras temáticas documentadas",não,https://sapl.campolargo.pr.leg.br/materia/26970
793,30364,UNANIMIDADE,26920,1593,2026,REQ,REQUERIMENTO,"SOLICITA REPERFILAMENTO ASFÁLTICO EM TODA EXTENSÃO DA RUA LOURIVAL DA SILVA, JARDIM CÉU AZUL.","Ruas, trânsito e transporte","IA, por regras temáticas documentadas",não,https://sapl.campolargo.pr.leg.br/materia/26920
793,30365,UNANIMIDADE,26921,1594,2026,REQ,REQUERIMENTO,"SOLICITA REPERFILAMENTO ASFÁLTICO EM TODA EXTENSÃO DA RUA VALENTIM BENATO, JARDIM CÉU AZUL.","Ruas, trânsito e transporte","IA, por regras temáticas documentadas",não,https://sapl.campolargo.pr.leg.br/materia/26921
793,30366,UNANIMIDADE,26922,1596,2026,REQ,REQUERIMENTO,"SOLICITA REPERFILAMENTO ASFÁLTICO EM TODA EXTENSÃO DA RUA DOMINGOS BAPTISTEL, JARDIM CÉU AZUL.","Ruas, trânsito e transporte","IA, por regras temáticas documentadas",não,https://sapl.campolargo.pr.leg.br/materia/26922
793,30367,UNANIMIDADE,26923,1597,2026,REQ,REQUERIMENTO,"SOLICITA PADRONIZAÇÃO DE MEIO-FIO NA RUA ROMUALDO PORTUGAL, FRENTE AO N° 2.145, BAIRRO CENTRO.","Ruas, trânsito e transporte","IA, por regras temáticas documentadas",não,https://sapl.campolargo.pr.leg.br/materia/26923
793,30368,UNANIMIDADE,26924,1602,2026,REQ,REQUERIMENTO,SOLICITA VISTORIA TÉCNICA NA FIAÇÃO DE CABOS DE TELEFONIA NA AVENIDA CAMPO LARGO – SÃO GERÔNIMO.,"Ruas, trânsito e transporte","IA, por regras temáticas documentadas",não,https://sapl.campolargo.pr.leg.br/materia/26924
793,30369,UNANIMIDADE,26928,1609,2026,REQ,REQUERIMENTO,SOLICITA INSTALAÇÃO DE TENDAS DE APOIO PARA A REALIZAÇÃO DE FEIRAS ITINERANTES.,Outros,"IA, por regras temáticas documentadas",não,https://sapl.campolargo.pr.leg.br/materia/26928
793,30370,UNANIMIDADE,26929,1610,2026,REQ,REQUERIMENTO,SOLICITA INSTALAÇÃO DE CÂMERAS COM SISTEMA DE MONITORAMENTO NO PARQUE DA LAGOA.,Outros,"IA, por regras temáticas documentadas",não,https://sapl.campolargo.pr.leg.br/materia/26929
793,30371,UNANIMIDADE,26936,1623,2026,REQ,REQUERIMENTO,SOLICITA PAISAGISMO COM ARBORIZAÇÃO E PADRONIZAÇÃO DE CALÇADAS NA AVENIDA DOS EXPEDICIONÁRIOS.,"Ruas, trânsito e transporte","IA, por regras temáticas documentadas",não,https://sapl.campolargo.pr.leg.br/materia/26936
793,30373,UNANIMIDADE,26931,1615,2026,REQ,REQUERIMENTO,SOLICITA PROVIDÊNCIAS QUANTO À FALTA DE CANETAS DE INSULINA NA UBS DANTE VANIN.,Saúde,"IA, por regras temáticas documentadas",não,https://sapl.campolargo.pr.leg.br/materia/26931
793,30374,UNANIMIDADE,26932,1616,2026,REQ,REQUERIMENTO,"SOLICITA AÇÃO TAPA-BURACOS NA RUA MANOEL LOPES VIEIRA, BAIRRO BOTIATUVA.","Ruas, trânsito e transporte","IA, por regras temáticas documentadas",não,https://sapl.campolargo.pr.leg.br/materia/26932
793,30375,UNANIMIDADE,26933,1617,2026,REQ,REQUERIMENTO,SOLICITA PLACAS DE EMBARQUE E DESEMBARQUE AO LONGO DA RUA ALCEBÍADES AFONSO GUIMARÃES.,"Ruas, trânsito e transporte","IA, por regras temáticas documentadas",não,https://sapl.campolargo.pr.leg.br/materia/26933
793,30376,UNANIMIDADE,26934,1618,2026,REQ,REQUERIMENTO,"SOLICITA PATROLAMENTO NA RUA FRANCISCO MARTHAUS, JARDIM FLORESTAL.","Ruas, trânsito e transporte","IA, por regras temáticas documentadas",não,https://sapl.campolargo.pr.leg.br/materia/26934
793,30377,UNANIMIDADE,26916,1587,2026,REQ,REQUERIMENTO,"SOLICITA SERVIÇO DE LIMPEZA E DESENTUPIMENTO DE BUEIRO NA RUA JOÃO STUKA, ESQUINA COM A RUA IRUAMA.",Iluminação e serviços urbanos,"IA, por regras temáticas documentadas",não,https://sapl.campolargo.pr.leg.br/materia/26916
793,30378,UNANIMIDADE,26917,1588,2026,REQ,REQUERIMENTO,"SOLICITA SINALIZAÇÃO VIÁRIA HORIZONTAL E VERTICAL (PINTURA) EM TODA EXTENSÃO DA RUA LEOPOLDO JOSÉ DE LARA, JARDIM TROPICAL.","Ruas, trânsito e transporte","IA, por regras temáticas documentadas",não,https://sapl.campolargo.pr.leg.br/materia/26917
793,30379,UNANIMIDADE,26918,1589,2026,REQ,REQUERIMENTO,"SOLICITA RECUPERAÇÃO E NIVELAMENTO IMEDIATO DO PASSEIO PÚBLICO (CALÇADA) DA AVENIDA AYRTON SENNA DA SILVA, PRÓXIMO AO NUMERAL 1.236.","Ruas, trânsito e transporte","IA, por regras temáticas documentadas",não,https://sapl.campolargo.pr.leg.br/materia/26918
793,30380,UNANIMIDADE,26919,1592,2026,REQ,REQUERIMENTO,"SOLICITA SINALIZAÇÃO VIÁRIA HORIZONTAL E VERTICAL (PINTURA) EM TODA EXTENSÃO DA RUA JOÃO ZANLORENCI, JARDIM TROPICAL.","Ruas, trânsito e transporte","IA, por regras temáticas documentadas",não,https://sapl.campolargo.pr.leg.br/materia/26919
793,30381,UNANIMIDADE,26957,1648,2026,REQ,REQUERIMENTO,"SOLICITA MANUTENÇÃO ASFÁLTICA NA RUA JOÃO STUKAS, PRÓXIMO AO N° 379 - BOTIATVA.","Ruas, trânsito e transporte","IA, por regras temáticas documentadas",não,https://sapl.campolargo.pr.leg.br/materia/26957
793,30382,UNANIMIDADE,26958,1649,2026,REQ,REQUERIMENTO,"SOLICITA MANUTENÇÃO ASFÁLTICA NA RUA AFONSO GUIMARÃES, PRÓXIMO AO N° 12 – BOM JESUS.","Ruas, trânsito e transporte","IA, por regras temáticas documentadas",não,https://sapl.campolargo.pr.leg.br/materia/26958
793,30383,UNANIMIDADE,26959,1650,2026,REQ,REQUERIMENTO,"SOLICITA MANUTENÇÃO E REPARO DA AVENIDA DO CANAL, EM FRENTE AI N° 448, VILA SOLENE.","Ruas, trânsito e transporte","IA, por regras temáticas documentadas",não,https://sapl.campolargo.pr.leg.br/materia/26959
793,30384,UNANIMIDADE,26960,1651,2026,REQ,REQUERIMENTO,"SOLICITA MANUTENÇÃO E REPARO NO PAVIMENTO DA RUA CENTENÁRIO, AO LADO DO N° 1.900 – CENTRO.","Ruas, trânsito e transporte","IA, por regras temáticas documentadas",não,https://sapl.campolargo.pr.leg.br/materia/26960
793,30385,UNANIMIDADE,26961,1652,2026,REQ,REQUERIMENTO,"SOLICITA PATROLAMENTO E DISPOSIÇÃO DE SAIBRO NO KM 3.800, NO FELPUDO, CHÁCARA ÁGUA RASA.","Ruas, trânsito e transporte","IA, por regras temáticas documentadas",não,https://sapl.campolargo.pr.leg.br/materia/26961
793,30386,UNANIMIDADE,26935,1622,2026,REQ,REQUERIMENTO,"SOLICITA PLACAS DE SINALIZAÇÃO DE TRÂNSITO NA RUA PETRÓPOLIS, CRUZAMENTO COM A RUA CONCÓRDIA, BAIRRO RIVABEM.","Ruas, trânsito e transporte","IA, por regras temáticas documentadas",não,https://sapl.campolargo.pr.leg.br/materia/26935
793,30387,UNANIMIDADE,26981,1672,2026,REQ,REQUERIMENTO,SOLICITA INFORMAÇÕES SOBRE A LEI ORDINÁRIA N° 3.489/2025.,Outros,"IA, por regras temáticas documentadas",não,https://sapl.campolargo.pr.leg.br/materia/26981
793,30388,UNANIMIDADE,26982,1673,2026,REQ,REQUERIMENTO,"SOLICITA SUBSTITUIÇÃO DAS LÂMPADAS COMUNS POR LÂMPADAS DE LED NA RUA VEREADOR ADEMIR JOSÉ DE ANDRADE WILSEK, BOM JESUS.",Iluminação e serviços urbanos,"IA, por regras temáticas documentadas",não,https://sapl.campolargo.pr.leg.br/materia/26982
793,30389,UNANIMIDADE,26983,1674,2026,REQ,REQUERIMENTO,"SOLICITA SUBSTITUIÇÃO DAS LÂMPADAS COMUNS POR LÂMPADAS DE LED NA RUA SANTA CRUZ, BOM JESUS.",Iluminação e serviços urbanos,"IA, por regras temáticas documentadas",não,https://sapl.campolargo.pr.leg.br/materia/26983
793,30390,UNANIMIDADE,26984,1675,2026,REQ,REQUERIMENTO,"SOLICITA PATROLAMENTO E ENSAIBRAMENTO DA RUA ALEIXO COSMO, RONDINHA.","Ruas, trânsito e transporte","IA, por regras temáticas documentadas",não,https://sapl.campolargo.pr.leg.br/materia/26984
793,30395,UNANIMIDADE,26973,1664,2026,REQ,REQUERIMENTO,SOLICITA INSTALAÇÃO DE PLACA DE SINALIZAÇÃO INDICATIVA DE VAGA DE CURTA DURAÇÃO EM FRENTE À CLINICA VETERINÁRIA MAISON PET.,"Ruas, trânsito e transporte","IA, por regras temáticas documentadas",não,https://sapl.campolargo.pr.leg.br/materia/26973
793,30391,UNANIMIDADE,26974,1665,2026,REQ,REQUERIMENTO,SOLICITA APRIMORAMENTO DA ILUMINAÇÃO EM TODA A EXTENSÃO DA ESTRADA DA SEREIA.,Iluminação e serviços urbanos,"IA, por regras temáticas documentadas",não,https://sapl.campolargo.pr.leg.br/materia/26974
793,30392,UNANIMIDADE,26975,1666,2026,REQ,REQUERIMENTO,SOLICITA ESTUDO ORÇAMENTÁRIO PARA AMPLIAÇÃO DO CIOSP E INSTALAÇÃO DE VIDEOMONITORAMENTO NAS PRAÇAS PÚBLICAS.,Segurança pública,"IA, por regras temáticas documentadas",não,https://sapl.campolargo.pr.leg.br/materia/26975
793,30393,UNANIMIDADE,26976,1667,2026,REQ,REQUERIMENTO,SOLICITA CAMPANHA EDUCATIVA SOBRE O BEM-ESTAR ANIMAL.,Meio ambiente e animais,"IA, por regras temáticas documentadas",não,https://sapl.campolargo.pr.leg.br/materia/26976
793,30394,UNANIMIDADE,26977,1668,2026,REQ,REQUERIMENTO,SOLICITA INFORMAÇÕES ACERCA DAS MEDIDAS COMPENSATÓRIAS APLICADAS NA INSTALAÇÃO DE GRANDES EMPREENDIMENTOS NO MUNICIPIO DE CAMPO LARGO.,Outros,"IA, por regras temáticas documentadas",não,https://sapl.campolargo.pr.leg.br/materia/26977
793,30396,UNANIMIDADE,26952,1643,2026,REQ,REQUERIMENTO,"SOLICITA SINALIZAÇÃO VIÁRIA VERTICAL E HORIZONTAL EM TODA EXTENSÃO DA RUA NESTOR HOMEM DE MELO, BAIRRO TROPICAL.","Ruas, trânsito e transporte","IA, por regras temáticas documentadas",não,https://sapl.campolargo.pr.leg.br/materia/26952
793,30397,UNANIMIDADE,26953,1644,2026,REQ,REQUERIMENTO,"SOLICITA SINALIZAÇÃO VIÁRIA VERTICAL E HORIZONTAL EM TODA EXTENSÃO DA RUA MARIA AMELIA FIALKOSKI, BAIRRO TROPICAL.","Ruas, trânsito e transporte","IA, por regras temáticas documentadas",não,https://sapl.campolargo.pr.leg.br/materia/26953
793,30398,UNANIMIDADE,26954,1645,2026,REQ,REQUERIMENTO,"SOLICITA SUBSTITUIÇÃO DO PONTO DE ÔNIBUS NA ESTRADA DOM RODRIGO, EM FRENTE AO IMÓVEL N° 532, LOTEAMENTO MIRANDA.","Ruas, trânsito e transporte","IA, por regras temáticas documentadas",não,https://sapl.campolargo.pr.leg.br/materia/26954
793,30399,UNANIMIDADE,26955,1646,2026,REQ,REQUERIMENTO,"SOLICITA SUBSTITUIÇÃO DO PONTO DE ÔNIBUS NA ESTRADA DOM RODRIGO, EM FRENTE AO IMÓVEL N° 416, LOTEAMENTO MIRANDA.","Ruas, trânsito e transporte","IA, por regras temáticas documentadas",não,https://sapl.campolargo.pr.leg.br/materia/26955
793,30400,UNANIMIDADE,26956,1647,2026,REQ,REQUERIMENTO,"SOLICITA SUBSTITUIÇÃO DO PONTO DE ÔNIBUS NA ESTRADA DOM RODRIGO, EM FRENTE AO IMÓVEL N° 1.028, LOTEAMENTO MIRANDA.","Ruas, trânsito e transporte","IA, por regras temáticas documentadas",não,https://sapl.campolargo.pr.leg.br/materia/26956
793,30401,UNANIMIDADE,26939,1626,2026,REQ,REQUERIMENTO,SOLICITA REPERFILAMENTO ASFÁLTICO NA RUA RUI BARBOSA ENTRE AS RUAS JOAQUIM RIBAS DE ANDRADE E XAVIER DA SILVA.,"Ruas, trânsito e transporte","IA, por regras temáticas documentadas",não,https://sapl.campolargo.pr.leg.br/materia/26939
793,30402,UNANIMIDADE,26940,1627,2026,REQ,REQUERIMENTO,SOLICITA DESCONTAMINAÇÃO DE ESGOTO DAS NASCENTES NA RUA LENI DE JESUS FABRIS ZANIN.,Iluminação e serviços urbanos,"IA, por regras temáticas documentadas",não,https://sapl.campolargo.pr.leg.br/materia/26940
793,30403,UNANIMIDADE,26941,1628,2026,REQ,REQUERIMENTO,"SOLICITA IMPLANTAÇÃO DE NOVO PARQUINHO INFANTIL PARA O CMEI DEDÉ MOCELIN, BAIRRO JARDIM SOCIAL.",Educação,"IA, por regras temáticas documentadas",não,https://sapl.campolargo.pr.leg.br/materia/26941
793,30404,UNANIMIDADE,26943,1630,2026,REQ,REQUERIMENTO,SOLICITA REDIMENSIONAMENTO E INSTALAÇÃO DA CAIXA DE GORDURA DA ESCOLA REINO DA LOUCINHA.,Educação,"IA, por regras temáticas documentadas",não,https://sapl.campolargo.pr.leg.br/materia/26943
793,30405,UNANIMIDADE,26972,1663,2026,REQ,REQUERIMENTO,"SOLICITA ILUMINAÇÃO PÚBLICA NA TRAVESSIA DA SERRARIA ATÉ A CHÁCARA DA SAIBRENA, NA ESTRADA DA FAXINA.",Iluminação e serviços urbanos,"IA, por regras temáticas documentadas",não,https://sapl.campolargo.pr.leg.br/materia/26972
793,30406,UNANIMIDADE,26937,1624,2026,REQ,REQUERIMENTO,"SOLICITA LIMPEZA E DESOBSTRUÇÃO DE CÓRREGO NA RUA QUATRO ATÉ A RUA ALBERTO GONÇALVES, SANTA ÂNGELA, FERRARIA.",Meio ambiente e animais,"IA, por regras temáticas documentadas",não,https://sapl.campolargo.pr.leg.br/materia/26937
793,30407,UNANIMIDADE,26938,1625,2026,REQ,REQUERIMENTO,"SOLICITA SUBSTITUIÇÃO DOS POSTES EXISTENTES NA RUA MATO GROSSO, FERRARIA, POR POSTES DE MAIOR ALTURA, NO TRECHO ENTRE OS NUMEROS 1.265 E 2.045.","Ruas, trânsito e transporte","IA, por regras temáticas documentadas",não,https://sapl.campolargo.pr.leg.br/materia/26938
793,30408,UNANIMIDADE,26978,1669,2026,REQ,REQUERIMENTO,SOLICITA INSTALAÇÃO DE VENTILADORES NA UBS FERRARIA.,Saúde,"IA, por regras temáticas documentadas",não,https://sapl.campolargo.pr.leg.br/materia/26978
793,30409,UNANIMIDADE,26979,1670,2026,REQ,REQUERIMENTO,"SOLICITA NOTIFICAÇÃO À EMPRESA EXECUTORA DE OBRAS NO CRAS FERRARIA PARA REPAROS E MANUTENÇÕES NA RUA ANTÔNIO GUARESI, N° 341 – VILA TORRES - FERRARIA.",Assistência social e direitos,"IA, por regras temáticas documentadas",não,https://sapl.campolargo.pr.leg.br/materia/26979
793,30410,UNANIMIDADE,26980,1671,2026,REQ,REQUERIMENTO,"SOLICITA RAMPA DE ACESSO PARA CADEIRANTES NA ESTRADA DA PRAÇA DA FERRARIA, AVENIDA ARAPONGAS.","Ruas, trânsito e transporte","IA, por regras temáticas documentadas",não,https://sapl.campolargo.pr.leg.br/materia/26980
793,30411,UNANIMIDADE,26926,1607,2026,REQ,REQUERIMENTO,"SOLICITA ASFALTAMENTO NA RUA JOSÉ KRUPA, N° 190 – JARDIM SÃO VICENTE.","Ruas, trânsito e transporte","IA, por regras temáticas documentadas",não,https://sapl.campolargo.pr.leg.br/materia/26926
793,30412,UNANIMIDADE,26927,1608,2026,REQ,REQUERIMENTO,"SOLICITA MANUTENÇÃO DAS MANILHAS EXISTENTES NA RUA MANOEL BATISTA DINIZ, ENTRE OS NUMEROS 730 E 900.","Ruas, trânsito e transporte","IA, por regras temáticas documentadas",não,https://sapl.campolargo.pr.leg.br/materia/26927
793,30413,UNANIMIDADE,26944,1631,2026,REQ,REQUERIMENTO,"SOLICITA MELHORIA NO SISTEMA DE ESCOAMENTO DE ÁGUAS PLUVIAIS NA RUA ENGENHEIRO TOURINHO, EM FRENTE AO N° 1.537 – CENTRO.","Ruas, trânsito e transporte","IA, por regras temáticas documentadas",não,https://sapl.campolargo.pr.leg.br/materia/26944
793,30414,UNANIMIDADE,26945,1632,2026,REQ,REQUERIMENTO,"SOLICITA INSTALAÇÃO DE MEIO-FIO NA RUA BANDEIRAS, CONTINUAÇÃO DA RUA ALBERTO CAVALIN, LOTEAMENTO IARA.","Ruas, trânsito e transporte","IA, por regras temáticas documentadas",não,https://sapl.campolargo.pr.leg.br/materia/26945
793,30415,UNANIMIDADE,26946,1633,2026,REQ,REQUERIMENTO,SOLICITA REGULARIZAÇÃO FUNDIÁRIA DAS REGIÕES DO JARDIM MELIANE E NOVO HORIZONTE.,"Desenvolvimento, moradia e agricultura","IA, por regras temáticas documentadas",não,https://sapl.campolargo.pr.leg.br/materia/26946
793,30416,UNANIMIDADE,26947,1634,2026,REQ,REQUERIMENTO,SOLICITA OFICIO AO GOVERNO DO ESTADO PEDINDO ENSAIBRAMENTO E PATROLAMENTO NA PR – 090.,"Ruas, trânsito e transporte","IA, por regras temáticas documentadas",não,https://sapl.campolargo.pr.leg.br/materia/26947
793,30417,UNANIMIDADE,26948,1635,2026,REQ,REQUERIMENTO,"SOLICITA MANILHAMENTO/ABERTURA DE BUEIROS NA RUA SERAFIM AMUR FERREIRA DO AMARAL, TENDO COMO REFERENCIA O NUMERAL 650 – JARDIM SOCIAL.",Iluminação e serviços urbanos,"IA, por regras temáticas documentadas",não,https://sapl.campolargo.pr.leg.br/materia/26948
793,30418,UNANIMIDADE,26971,1662,2026,REQ,REQUERIMENTO,"SOLICITA LIMPEZA/DESASSOREAMENTO DE RIACHO PARALELO À RUA DAS BANDEIRAS, LOTEAMENTO IARA.",Meio ambiente e animais,"IA, por regras temáticas documentadas",não,https://sapl.campolargo.pr.leg.br/materia/26971
794,30422,UNANIMIDADE,26700,7,2026,MOC,MOÇÃO,"SOLICITA MOÇÃO DE APLAUSOS PARA O COLÉGIO ESTADUAL CLOTÁRIO PORTUGAL, EM RAZÃO DO DESENVOLVIMENTO DO PROJETO MENINAS DE DIREITO.","Homenagens, nomes e datas","IA, por regras temáticas documentadas",não,https://sapl.campolargo.pr.leg.br/materia/26700
794,30423,UNANIMIDADE,26701,8,2026,MOC,MOÇÃO,"SOLICITA MOÇÃO DE APLAUSOS PARA A OAB/PR SUBSEÇÃO CAMPO LARGO, EM RAZÃO DO DESENVOLVIMENTO DO PROJETO MENINAS DE DIREITO.","Homenagens, nomes e datas","IA, por regras temáticas documentadas",não,https://sapl.campolargo.pr.leg.br/materia/26701
794,30424,UNANIMIDADE,26925,9,2026,MOC,MOÇÃO,SOLICITA MOÇÃO DE APLAUSOS PARA O PASTOR ENOQUE DOS SANTOS.,"Homenagens, nomes e datas","IA, por regras temáticas documentadas",não,https://sapl.campolargo.pr.leg.br/materia/26925
794,30425,UNANIMIDADE,26949,10,2026,MOC,MOÇÃO,SOLICITA MOÇÃO DE APLAUSOS PARA KAKO DECALQUES E PORCELANAS.,"Homenagens, nomes e datas","IA, por regras temáticas documentadas",não,https://sapl.campolargo.pr.leg.br/materia/26949
794,30426,UNANIMIDADE,26950,11,2026,MOC,MOÇÃO,SOLICITA MOÇÃO DE APLAUSOS PARA CANECARIA CAMPO LARGO.,"Homenagens, nomes e datas","IA, por regras temáticas documentadas",não,https://sapl.campolargo.pr.leg.br/materia/26950
794,30427,UNANIMIDADE,26963,12,2026,MOC,MOÇÃO,SOLICITA MOÇÃO DE APLAUSOS PARA SERGIO BASSANI.,"Homenagens, nomes e datas","IA, por regras temáticas documentadas",não,https://sapl.campolargo.pr.leg.br/materia/26963
794,30428,UNANIMIDADE,26964,13,2026,MOC,MOÇÃO,SOLICITA MOÇÃO DE APLAUSOS PARA MARIA APARECIDA FIGUEIREDO RIBEIRO.,"Homenagens, nomes e datas","IA, por regras temáticas documentadas",não,https://sapl.campolargo.pr.leg.br/materia/26964
794,30429,UNANIMIDADE,26965,14,2026,MOC,MOÇÃO,SOLICITA MOÇÃO DE APLAUSOS PARA O PASTOR JOAQUIM PEREIRA DA SILVA.,"Homenagens, nomes e datas","IA, por regras temáticas documentadas",não,https://sapl.campolargo.pr.leg.br/materia/26965
794,30430,UNANIMIDADE,26966,15,2026,MOC,MOÇÃO,SOLICITA MOÇÃO DE APLAUSOS PARA O PASTOR ANDERSON LEANDRO DA SILVA.,"Homenagens, nomes e datas","IA, por regras temáticas documentadas",não,https://sapl.campolargo.pr.leg.br/materia/26966
794,30431,UNANIMIDADE,26995,16,2026,MOC,MOÇÃO,"SOLICITA MOÇÃO DE APLAUSOS PARA A DUPLA OS BATATAS, FORMADA POR ALTAIR ZATERA E MATHEUS ZATERA.","Homenagens, nomes e datas","IA, por regras temáticas documentadas",não,https://sapl.campolargo.pr.leg.br/materia/26995
794,30432,UNANIMIDADE,26996,17,2026,MOC,MOÇÃO,SOLICITA MOÇÃO DE APLAUSOS PARA YAGO SAMPAIO.,"Homenagens, nomes e datas","IA, por regras temáticas documentadas",não,https://sapl.campolargo.pr.leg.br/materia/26996
794,30433,UNANIMIDADE,26997,18,2026,MOC,MOÇÃO,SOLICITA MOÇÃO DE APLAUSOS PARA LUCIMARI PERIN MIRETZKI.,"Homenagens, nomes e datas","IA, por regras temáticas documentadas",não,https://sapl.campolargo.pr.leg.br/materia/26997
794,30435,UNANIMIDADE,27000,20,2026,MOC,MOÇÃO,SOLICITA MOÇÃO DE APLAUSOS PARA IVAN DE MEIRA JUNIOR.,"Homenagens, nomes e datas","IA, por regras temáticas documentadas",não,https://sapl.campolargo.pr.leg.br/materia/27000
794,30436,UNANIMIDADE,27001,21,2026,MOC,MOÇÃO,SOLICITA MOÇÃO DE APLAUSOS PARA MILTON DE ANDRADE CORDEIRO.,"Homenagens, nomes e datas","IA, por regras temáticas documentadas",não,https://sapl.campolargo.pr.leg.br/materia/27001
794,30434,UNANIMIDADE,27002,22,2026,MOC,MOÇÃO,SOLICITA MOÇÃO DE APLAUSOS PARA FABIANO CARLOS DA SILVA.,"Homenagens, nomes e datas","IA, por regras temáticas documentadas",não,https://sapl.campolargo.pr.leg.br/materia/27002
794,30437,UNANIMIDADE,27003,23,2026,MOC,MOÇÃO,SOLICITA MOÇÃO DE APLAUSOS PARA JEAN MICHEL HELER.,"Homenagens, nomes e datas","IA, por regras temáticas documentadas",não,https://sapl.campolargo.pr.leg.br/materia/27003
794,30438,UNANIMIDADE,27004,24,2026,MOC,MOÇÃO,SOLICITA MOÇÃO DE APLAUSOS PARA RONALDO DE SOUZA ALMEIDA.,"Homenagens, nomes e datas","IA, por regras temáticas documentadas",não,https://sapl.campolargo.pr.leg.br/materia/27004
794,30439,UNANIMIDADE,27005,25,2026,MOC,MOÇÃO,SOLICITA MOÇÃO DE APLAUSOS PARA RICARDO ADRIANO DA SILVA.,"Homenagens, nomes e datas","IA, por regras temáticas documentadas",não,https://sapl.campolargo.pr.leg.br/materia/27005
794,30440,UNANIMIDADE,27006,26,2026,MOC,MOÇÃO,SOLICITA MOÇÃO DE APLAUSOS PARA DONIZETE ANDRADE DA SILVA.,"Homenagens, nomes e datas","IA, por regras temáticas documentadas",não,https://sapl.campolargo.pr.leg.br/materia/27006
794,30441,UNANIMIDADE,27007,27,2026,MOC,MOÇÃO,SOLICITA MOÇÃO DE APLAUSOS PARA PAULO ROBERTO IVONIAK.,"Homenagens, nomes e datas","IA, por regras temáticas documentadas",não,https://sapl.campolargo.pr.leg.br/materia/27007
794,30442,UNANIMIDADE,27008,28,2026,MOC,MOÇÃO,SOLICITA MOÇÃO DE APLAUSOS PARA GIOVANNI FEDALTO.,"Homenagens, nomes e datas","IA, por regras temáticas documentadas",não,https://sapl.campolargo.pr.leg.br/materia/27008
794,30443,UNANIMIDADE,27009,29,2026,MOC,MOÇÃO,SOLICITA MOÇÃO DE APLAUSOS PARA LEANDRO BEUREN.,"Homenagens, nomes e datas","IA, por regras temáticas documentadas",não,https://sapl.campolargo.pr.leg.br/materia/27009
794,30444,UNANIMIDADE,27010,30,2026,MOC,MOÇÃO,SOLICITA MOÇÃO DE APLAUSOS PARA WANDERLEY WAGNER.,"Homenagens, nomes e datas","IA, por regras temáticas documentadas",não,https://sapl.campolargo.pr.leg.br/materia/27010
794,30445,UNANIMIDADE,27011,31,2026,MOC,MOÇÃO,SOLICITA MOÇÃO DE APLAUSOS PARA FABIANO ZANETTI.,"Homenagens, nomes e datas","IA, por regras temáticas documentadas",não,https://sapl.campolargo.pr.leg.br/materia/27011
794,30446,UNANIMIDADE,27012,32,2026,MOC,MOÇÃO,SOLICITA MOÇÃO DE APLAUSOS PARA HELLINGTON ZUIR DA SILVA.,"Homenagens, nomes e datas","IA, por regras temáticas documentadas",não,https://sapl.campolargo.pr.leg.br/materia/27012
794,30447,UNANIMIDADE,27013,33,2026,MOC,MOÇÃO,SOLICITA MOÇÃO DE APLAUSOS PARA THIAGO FOGAÇA.,"Homenagens, nomes e datas","IA, por regras temáticas documentadas",não,https://sapl.campolargo.pr.leg.br/materia/27013
794,30448,UNANIMIDADE,27014,34,2026,MOC,MOÇÃO,SOLICITA MOÇÃO DE APLAUSOS PARA RODRIGO FERREIRA DE OLIVEIRA.,"Homenagens, nomes e datas","IA, por regras temáticas documentadas",não,https://sapl.campolargo.pr.leg.br/materia/27014
794,30449,UNANIMIDADE,27015,35,2026,MOC,MOÇÃO,SOLICITA MOÇÃO DE APLAUSOS PARA KARINA DABROWSKI BOMBARDIÉRI.,"Homenagens, nomes e datas","IA, por regras temáticas documentadas",não,https://sapl.campolargo.pr.leg.br/materia/27015
794,30450,UNANIMIDADE,27016,36,2026,MOC,MOÇÃO,SOLICITA MOÇÃO DE APLAUSOS PARA GILSON FABRI.,"Homenagens, nomes e datas","IA, por regras temáticas documentadas",não,https://sapl.campolargo.pr.leg.br/materia/27016
794,30451,UNANIMIDADE,27017,37,2026,MOC,MOÇÃO,SOLICITA MOÇÃO DE APLAUSOS PARA OSVALDO PEDRO EULÁLIO.,"Homenagens, nomes e datas","IA, por regras temáticas documentadas",não,https://sapl.campolargo.pr.leg.br/materia/27017
794,30452,UNANIMIDADE,27018,38,2026,MOC,MOÇÃO,SOLICITA MOÇÃO DE APLAUSOS PARA FABIO CEZAR DUARTE.,"Homenagens, nomes e datas","IA, por regras temáticas documentadas",não,https://sapl.campolargo.pr.leg.br/materia/27018
794,30453,UNANIMIDADE,27019,39,2026,MOC,MOÇÃO,SOLICITA MOÇÃO DE APLAUSOS PARA VILMAR MESSIAS DA SILVA.,"Homenagens, nomes e datas","IA, por regras temáticas documentadas",não,https://sapl.campolargo.pr.leg.br/materia/27019
794,30454,UNANIMIDADE,27024,40,2026,MOC,MOÇÃO,SOLICITA MOÇÃO DE APLAUSOS PARA A EMPRESA CASA DAS MALHAS CATARINENSE.,"Homenagens, nomes e datas","IA, por regras temáticas documentadas",não,https://sapl.campolargo.pr.leg.br/materia/27024
794,30455,UNANIMIDADE,26687,43,2026,PLE,PROJETO DE LEI DO EXECUTIVO,"INSTITUI PLANO DE AMORTIZAÇÃO PARA EQUACIONAMENTO DO DÉFICIT ATUARIAL DO REGIME PRÓPRIO DE PREVIDÊNCIA SOCIAL DOS SERVIDORES PÚBLICOS DO MUNICÍPIO DE CAMPO LARGO/PR – RPPS, COM CONTRIBUIÇÕES SUPLEMENTARES, NA FORMA DE APORTES CRESCENTES.",Administração e finanças,"IA, por regras temáticas documentadas",não,https://sapl.campolargo.pr.leg.br/materia/26687
794,30456,UNANIMIDADE,26457,62,2026,PLL,PROJETO DE LEI DO LEGISLATIVO,"INSTITUI O PROGRAMA PROTETORES MIRINS NO MUNICÍPIO DE CAMPO LARGO, E DÁ OUTRAS PROVIDENCIAS.
***COM SUBSTITUTIVO GERAL, CUJA SÚMULA: INSTITUI O PROGRAMA PROTETORES MIRINS DOS ANIMAIS NO MUNICÍPIO DE CAMPO LARGO, E DÁ OUTRAS PROVIDÊNCIAS.***",Meio ambiente e animais,"IA, por regras temáticas documentadas",não,https://sapl.campolargo.pr.leg.br/materia/26457
794,30457,UNANIMIDADE,26772,85,2026,PLL,PROJETO DE LEI DO LEGISLATIVO,INSTITUI A SEMANA MUNICIPAL DE PROTEÇÃO DAS NASCENTES NO MUNICIPIO DE CAMPO LARGO E DÁ OUTRAS PROVIDÊNCIAS.,"Homenagens, nomes e datas","IA, por regras temáticas documentadas",não,https://sapl.campolargo.pr.leg.br/materia/26772
794,30458,UNANIMIDADE,26673,38,2026,PLE,PROJETO DE LEI DO EXECUTIVO,RATIFICA O PROTOCOLO DE INTENÇÕES PARA CONSTITUIÇÃO DO CONSÓRCIO INTERMUNICIPAL MULTIFINALITÁRIO - CONSULEP.,Outros,"IA, por regras temáticas documentadas",não,https://sapl.campolargo.pr.leg.br/materia/26673
794,30459,UNANIMIDADE,26905,53,2026,PLE,PROJETO DE LEI DO EXECUTIVO,"ALTERA DISPOSITIVOS DA LEI MUNICIPAL Nº2028, DE 22 DE DEZEMBRO DE 2011, QUE DISPÕE SOBRE O PLANO DE CARGOS, CARREIRAS E REMUNERAÇÃO DOS PROFISSIONAIS DO MAGISTÉRIO DO MUNICÍPIO DE CAMPO LARGO, CONFORME ESPECIFICA.
***COM SUBSTITUTIVO GERAL*** ***COM EMENDA MODIFICATIVA***",Administração e finanças,"IA, por regras temáticas documentadas",não,https://sapl.campolargo.pr.leg.br/materia/26905
794,30470,UNANIMIDADE,27098,22,2026,VRC,VOTAÇÃO REQUERIMENTOS EM CONJUNTO,VOTAÇÃO ENGLOBADA DE TODOS REQUERIMENTOS.,Outros,"IA, por regras temáticas documentadas",não,https://sapl.campolargo.pr.leg.br/materia/27098
794,30471,UNANIMIDADE,27048,1729,2026,REQ,REQUERIMENTO,"SOLICITA MODERNIZAÇÃO DE SISTEMA DE ILUMINAÇÃO COM INSTALAÇÃO DE LÂMPADAS DE LED EM TODA EXTENSÃO DA RUA CALIFORNIA, BAIRRO RIVABEM.",Iluminação e serviços urbanos,"IA, por regras temáticas documentadas",não,https://sapl.campolargo.pr.leg.br/materia/27048
794,30472,UNANIMIDADE,27049,1730,2026,REQ,REQUERIMENTO,"SOLICITA MODERNIZAÇÃO DE SISTEMA DE ILUMINAÇÃO COM INSTALAÇÃO DE LÂMPADAS DE LED EM TODA EXTENSÃO DA RUA SIQUEIRA CAMPOS, BAIRRO RIVABEM.",Iluminação e serviços urbanos,"IA, por regras temáticas documentadas",não,https://sapl.campolargo.pr.leg.br/materia/27049
794,30473,UNANIMIDADE,27050,1731,2026,REQ,REQUERIMENTO,"SOLICITA SOLUÇÃO PARA ESCOAMENTO DE ÁGUA AO FINAL DA RUA SEBASTIÃO ALVES, BAIRRO JARDIM BELA VISTA.","Ruas, trânsito e transporte","IA, por regras temáticas documentadas",não,https://sapl.campolargo.pr.leg.br/materia/27050
794,30474,UNANIMIDADE,27051,1732,2026,REQ,REQUERIMENTO,"SOLICITA REPERFILAMENTO ASFÁLTICO EM TODA EXTENSÃO DA RUA SIQUEIRA CAMPOS, BAIRRO VILA RIVABEM.","Ruas, trânsito e transporte","IA, por regras temáticas documentadas",não,https://sapl.campolargo.pr.leg.br/materia/27051
794,30475,UNANIMIDADE,27052,1733,2026,REQ,REQUERIMENTO,"SOLICITA REPERFILAMENTO ASFÁLTICO NA RUA JOÃO TIGRINHO DE FREITAS, ENTRE A RUA ANTONIO VIDAL ATE O CONDOMINIO VILAGGIO VERDE, BAIRRO JARDIM CÉU AZUL.","Ruas, trânsito e transporte","IA, por regras temáticas documentadas",não,https://sapl.campolargo.pr.leg.br/materia/27052
794,30476,UNANIMIDADE,27087,1768,2026,REQ,REQUERIMENTO,"Realizar obra de manutenção e recuperação do estacionamento localizado em frente à escola municipal Caetano Munhoz da Rocha, estrada da Sereia, nº 140, Rondinha.",Educação,"IA, por regras temáticas documentadas",não,https://sapl.campolargo.pr.leg.br/materia/27087
794,30477,UNANIMIDADE,27088,1769,2026,REQ,REQUERIMENTO,"Solicitar a Cocel a instalação e/ou adequação da iluminação pública no trecho da rua São Caetano que faz ligação com a empresa Depecil, São Caetano.",Iluminação e serviços urbanos,"IA, por regras temáticas documentadas",não,https://sapl.campolargo.pr.leg.br/materia/27088
794,30478,UNANIMIDADE,27091,1770,2026,REQ,REQUERIMENTO,"Vistoria técnica e fiscalização, por parte dos responsáveis pela contratação e pelo acompanhamento da obra na rua Alcebíades Affonso Guimarães, a fim de verificar se a empresa contratada está cumprindo as especificações técnicas, os prazos e demais requisitos previstos no contrato.",Administração e finanças,"IA, por regras temáticas documentadas",não,https://sapl.campolargo.pr.leg.br/materia/27091
794,30479,UNANIMIDADE,27093,1771,2026,REQ,REQUERIMENTO,"Vistoria técnica na rua Gumercindo Santana, Bairro Vila Verde, a fim de avaliar as condições da camada asfáltica recém aplicada e verificar a viabilidade da realização de serviço de impermeabilização, com o objetivo de aumentar a durabilidade do pavimento e preservar a qualidade da via.","Ruas, trânsito e transporte","IA, por regras temáticas documentadas",não,https://sapl.campolargo.pr.leg.br/materia/27093
794,30480,UNANIMIDADE,27089,1772,2026,REQ,REQUERIMENTO,"Solicitar realização de vistoria técnica na obra da rua Alcebíades Affonso Guimarães, mais precisamente com relação ao manilhamento na travessia da curva próximo ao numero 2525.",Iluminação e serviços urbanos,"IA, por regras temáticas documentadas",não,https://sapl.campolargo.pr.leg.br/materia/27089
794,30481,UNANIMIDADE,27038,1716,2026,REQ,REQUERIMENTO,"SOLICITA PATROLAMENTO NA RUA CONSTANTINO PANGRACIO, BAIRRO JARDIM SOCIAL.","Ruas, trânsito e transporte","IA, por regras temáticas documentadas",não,https://sapl.campolargo.pr.leg.br/materia/27038
794,30482,UNANIMIDADE,27039,1717,2026,REQ,REQUERIMENTO,"SOLICITA PINTURA DE QUADRADO DE SINALIZAÇÃO NA RUA ADEMAR DE BARROS, ESQUINA COM A RUA AFONSO GUIMARÃES.","Ruas, trânsito e transporte","IA, por regras temáticas documentadas",não,https://sapl.campolargo.pr.leg.br/materia/27039
794,30483,UNANIMIDADE,27040,1718,2026,REQ,REQUERIMENTO,"SOLICITA AÇÃO TAPA-BURACOS PARA A RUA AFONSO GUIMARÃES, JARDIM SOCIAL.","Ruas, trânsito e transporte","IA, por regras temáticas documentadas",não,https://sapl.campolargo.pr.leg.br/materia/27040
794,30484,UNANIMIDADE,27041,1719,2026,REQ,REQUERIMENTO,SOLICITA INFORMAÇÕES SOBRE O ATENDIMENTO E TRANSFERENCIA DA PACIENTE ANA LUIZ DE ANDRADE DOS SANTOS.,Saúde,"IA, por regras temáticas documentadas",não,https://sapl.campolargo.pr.leg.br/materia/27041
794,30485,UNANIMIDADE,27055,1736,2026,REQ,REQUERIMENTO,"SOLICITA MANILHAMENTO, ABERTURA DE BOCA DE LOBO E CANALIZAÇÃO DO RIO, NO BAIRRO SANTA ANA, NA TRAVESSA ENTRE A RUA IGNACIO NUNES E A RUA SÃO LUCAS.",Iluminação e serviços urbanos,"IA, por regras temáticas documentadas",não,https://sapl.campolargo.pr.leg.br/materia/27055
794,30486,UNANIMIDADE,27077,1762,2026,REQ,REQUERIMENTO,"SOLICITA MELHORIAS NA FISCALIZAÇÃO, SINALIZAÇÃO E ORGANIZAÇÃO DO TRAFEGO DE CAMINHÕES DE TRANSPORTE DE SAIBRO NAS RUAS CAETANO MUNHOZ DA ROCHA E FRANCISCO GONÇALVES FABRÍCIO.","Ruas, trânsito e transporte","IA, por regras temáticas documentadas",não,https://sapl.campolargo.pr.leg.br/materia/27077
794,30487,UNANIMIDADE,27078,1763,2026,REQ,REQUERIMENTO,SOLICITA VISTORIA TECNICA E SUBSTITUIÇÃO DO VEICULO ALOCADO NA LINHA 40ª DE TRANSPORTE ESCOLAR.,Educação,"IA, por regras temáticas documentadas",não,https://sapl.campolargo.pr.leg.br/materia/27078
794,30488,UNANIMIDADE,27079,1764,2026,REQ,REQUERIMENTO,"SOLICITA ESTUDO DE VIABILIDADE TECNICA E POSTERIOR CONSTRUÇÃO DE UMA COBERTURA EM FRENTE À INSTITUIÇÃO HOSPITAL DE OLHOS DO PARANÁ, RUA QUINTINO BOCAIÚVA, 1733 - CENTRO.",Saúde,"IA, por regras temáticas documentadas",não,https://sapl.campolargo.pr.leg.br/materia/27079
794,30489,UNANIMIDADE,27080,1765,2026,REQ,REQUERIMENTO,"SOLICITA MANILHAMENTO NA RUA SANTA INÊS, N° 39, ÁGUAS CLARAS.",Iluminação e serviços urbanos,"IA, por regras temáticas documentadas",não,https://sapl.campolargo.pr.leg.br/materia/27080
794,30490,UNANIMIDADE,27081,1766,2026,REQ,REQUERIMENTO,"SOLICITA CONSTRUÇÃO DA CABECEIRA NA PONTE (MANILHA) DA ESTRADA DO VARGEDO, NAS PROXIMIDADES DO CAMPO DO VALTER.","Ruas, trânsito e transporte","IA, por regras temáticas documentadas",não,https://sapl.campolargo.pr.leg.br/materia/27081
794,30491,UNANIMIDADE,27082,1767,2026,REQ,REQUERIMENTO,"SOLICITA PATROLAMENTO E ENSAIBRAMENTO EM TODA EXTENSÃO DA RUA PROGRESSO, BAIRRO JARDIM YARA.","Ruas, trânsito e transporte","IA, por regras temáticas documentadas",não,https://sapl.campolargo.pr.leg.br/materia/27082
794,30492,UNANIMIDADE,27072,1757,2026,REQ,REQUERIMENTO,"SOLICITA MANUTENÇÃO DO SISTEMA DE DRENAGEM E RECUPERAÇÃO DA ESTRADA DO RIBEIRÃO, NAS PROXIMIDADES DA FRUTICOLA CABRAL, FELPUDO.",Iluminação e serviços urbanos,"IA, por regras temáticas documentadas",não,https://sapl.campolargo.pr.leg.br/materia/27072
794,30493,UNANIMIDADE,27073,1758,2026,REQ,REQUERIMENTO,"SOLICITA PATROLAMENTO E DISPOSIÇÃO DE SAIBRO NA RUA PRESIDENTE GETÚLIO VARGAS, NAS PROXIMIDADES DO NUMERAL 164, CERCADINHO.","Ruas, trânsito e transporte","IA, por regras temáticas documentadas",não,https://sapl.campolargo.pr.leg.br/materia/27073
794,30494,UNANIMIDADE,27074,1759,2026,REQ,REQUERIMENTO,"OLICITA PATROLAMENTO E DISPOSIÇÃO DE SAIBRO NA RUA VICENTE JASKIEVICZ, A PARTIR DA NUMERAÇÃO 109, BAIRRO COLÔNIA MARIANA.","Ruas, trânsito e transporte","IA, por regras temáticas documentadas",não,https://sapl.campolargo.pr.leg.br/materia/27074
794,30495,UNANIMIDADE,27075,1760,2026,REQ,REQUERIMENTO,"SOLICITA CONSTRUÇÃO DE UMA CRECHE MUNICIPAL NO JARDIM LISE, RUA JOÃO DE BARRO, BAIRRO ITABOA.",Educação,"IA, por regras temáticas documentadas",não,https://sapl.campolargo.pr.leg.br/materia/27075
794,30496,UNANIMIDADE,27076,1761,2026,REQ,REQUERIMENTO,"SOLICITA IMPLANTAÇÃO DE UMA ÁREA DE ESPORTE E LAZER NO JARDIM BELA VISTA, CONTEMPLANDO O CAMPO DE FUTEBOL, QUADRA DE BASQUETE E PLAYGROUND.","Cultura, esporte e lazer","IA, por regras temáticas documentadas",não,https://sapl.campolargo.pr.leg.br/materia/27076
794,30497,UNANIMIDADE,27032,1710,2026,REQ,REQUERIMENTO,"SOLICITA A INCORPORAÇÃO AO SISTEMA VIÁRIO MUNICIPAL DA VIA RURAL LOCALIZADA AO LADO DO MERCADO DO CERNE, CONFORME MAPA.","Ruas, trânsito e transporte","IA, por regras temáticas documentadas",não,https://sapl.campolargo.pr.leg.br/materia/27032
794,30498,UNANIMIDADE,27033,1711,2026,REQ,REQUERIMENTO,"SOLICITA A INCORPORAÇÃO AO SISTEMA VIÁRIO MUNICIPAL DA VIA RURAL LOCALIZADA ENTRE AS RUAS 15 DE MAIO E RUA DA CATA, CONFORME MAPA.","Ruas, trânsito e transporte","IA, por regras temáticas documentadas",não,https://sapl.campolargo.pr.leg.br/materia/27033
794,30499,UNANIMIDADE,27034,1712,2026,REQ,REQUERIMENTO,"SOLICITA A INCORPORAÇÃO AO SISTEMA VIÁRIO MUNICIPAL DA VIA RURAL LOCALIZADA NA RUA JOÃO PERLACI, CONFORME MAPA.","Ruas, trânsito e transporte","IA, por regras temáticas documentadas",não,https://sapl.campolargo.pr.leg.br/materia/27034
794,30500,UNANIMIDADE,27035,1713,2026,REQ,REQUERIMENTO,"SOLICITA A INCORPORAÇÃO AO SISTEMA VIÁRIO MUNICIPAL DA VIA RURAL LOCALIZADA NO ÁGUAS CLARAS, CONFORME MAPA.","Ruas, trânsito e transporte","IA, por regras temáticas documentadas",não,https://sapl.campolargo.pr.leg.br/materia/27035
794,30501,UNANIMIDADE,27036,1714,2026,REQ,REQUERIMENTO,"SOLICITA A INCORPORAÇÃO AO SISTEMA VIÁRIO MUNICIPAL DA VIA RURAL LOCALIZADA NA RONDINHA, CONFORME MAPA.","Ruas, trânsito e transporte","IA, por regras temáticas documentadas",não,https://sapl.campolargo.pr.leg.br/materia/27036
794,30502,UNANIMIDADE,27066,1751,2026,REQ,REQUERIMENTO,SOLICITA LEVANTAMENTO DE TODAS AS SOLICITAÇÕES À GUARDA MUNICIPAL PARA APOIO EM EVENTOS NA ÁREA RURAL.,Segurança pública,"IA, por regras temáticas documentadas",não,https://sapl.campolargo.pr.leg.br/materia/27066
794,30503,UNANIMIDADE,27067,1752,2026,REQ,REQUERIMENTO,SOLICITA AÇÃO CONJUNTA DE FISCALIZAÇÃO EM HOTÉIS DE ANIMAIS.,Meio ambiente e animais,"IA, por regras temáticas documentadas",não,https://sapl.campolargo.pr.leg.br/materia/27067
794,30504,UNANIMIDADE,27068,1753,2026,REQ,REQUERIMENTO,SOLICITA DESTINAÇÃO DE CONTAINER PARA TAREFAS ADMINISTRATIVAS DA ASSOCIAÇÃO DO TAQUARAL.,Outros,"IA, por regras temáticas documentadas",não,https://sapl.campolargo.pr.leg.br/materia/27068
794,30505,UNANIMIDADE,27069,1754,2026,REQ,REQUERIMENTO,"SOLICITA DESASSOREAMENTO DO RIO PRESENTE NAS PROXIMIDADES DO TERRENO CEDIDO PELA PREFEITURA À ASSOCIAÇÃO DE MORADORES DO TAQUARAL, NOS TERMOS DO DECRETO 358/2025.",Meio ambiente e animais,"IA, por regras temáticas documentadas",não,https://sapl.campolargo.pr.leg.br/materia/27069
794,30506,UNANIMIDADE,27070,1755,2026,REQ,REQUERIMENTO,"SOLICITA INSTALAÇÃO DE EQUIPAMENTO DE LAZER PARA CRIANÇAS NO TAQUARAL, NO TERRENO DISPONIBILIZADO PELO MUNICÍPIO À ASSOCIAÇÃO DE MORADORES.","Cultura, esporte e lazer","IA, por regras temáticas documentadas",não,https://sapl.campolargo.pr.leg.br/materia/27070
794,30507,UNANIMIDADE,27028,1706,2026,REQ,REQUERIMENTO,"SOLICITA SUBSTITUIÇÃO DE PONTO DE ÔNIBUS DE AMBOS OS LADOS DA AVENIDA BOM JESUS, EM FRENTE AO CEMITÉRIO SANTO ÂNGELO.","Ruas, trânsito e transporte","IA, por regras temáticas documentadas",não,https://sapl.campolargo.pr.leg.br/materia/27028
794,30508,UNANIMIDADE,27029,1707,2026,REQ,REQUERIMENTO,"SOLICITA SUBSTITUIÇÃO DE PONTO DE ÔNIBUS NA AVENIDA BOM JESUS EM FRENTE AO IMÓVEL N° 1.454, BAIRRO BOM JESUS.","Ruas, trânsito e transporte","IA, por regras temáticas documentadas",não,https://sapl.campolargo.pr.leg.br/materia/27029
794,30509,UNANIMIDADE,27030,1708,2026,REQ,REQUERIMENTO,"SOLICITA SUBSTITUIÇÃO DOS PONTOS DE ÔNIBUS DE AMBOS OS LADOS NA AVENIDA BOM JESUS EM FRENTE AO IMÓVEL N° 872, BAIRRO BOM JESUS.","Ruas, trânsito e transporte","IA, por regras temáticas documentadas",não,https://sapl.campolargo.pr.leg.br/materia/27030
794,30510,UNANIMIDADE,27031,1709,2026,REQ,REQUERIMENTO,"SOLICITA CONSTRUÇÃO DE TRAVESSIA COM GALERIA DE ÁGUAS PLUVIAIS NA RUA JOÃO CAMPESI, PRÓXIMO AO IMÓVEL N° 161, LOCALIZADO NO BAIRRO ITABOA.","Ruas, trânsito e transporte","IA, por regras temáticas documentadas",não,https://sapl.campolargo.pr.leg.br/materia/27031
794,30511,UNANIMIDADE,27062,1747,2026,REQ,REQUERIMENTO,"SOLICITA PAVIMENTAÇÃO ASFÁLTICA EM TODA EXTENSÃO DA RUA FRANCISCO VESELOVSKI, BAIRRO ITAQUI DE CIMA.","Ruas, trânsito e transporte","IA, por regras temáticas documentadas",não,https://sapl.campolargo.pr.leg.br/materia/27062
794,30512,UNANIMIDADE,27056,1737,2026,REQ,REQUERIMENTO,"SOLICITA TAPA-BURACO NA RUA XV DE NOVEMBRO EM FRENTE AO NUMERAL 2.958, NO CENTRO DE CAMPO LARGO.","Ruas, trânsito e transporte","IA, por regras temáticas documentadas",não,https://sapl.campolargo.pr.leg.br/materia/27056
794,30513,UNANIMIDADE,27057,1738,2026,REQ,REQUERIMENTO,"SOLICITA MANUTENÇÃO EM TRECHOS DA CALÇADA DA RUA XV DE NOVEMBRO, ENTRE OS NÚMEROS 2.132 E 2.061, NO CENTRO DE CAMPO LARGO.","Ruas, trânsito e transporte","IA, por regras temáticas documentadas",não,https://sapl.campolargo.pr.leg.br/materia/27057
794,30514,UNANIMIDADE,27058,1739,2026,REQ,REQUERIMENTO,"SOLICITA MANUTENÇÃO NA CALÇADA EM FRENTE À CASA DE APOIO CASA NOVA CECÍLIA, NA RUA CONSTANTINO MAROCHI, N° 1.033, CAMPO LARGO.","Ruas, trânsito e transporte","IA, por regras temáticas documentadas",não,https://sapl.campolargo.pr.leg.br/materia/27058
794,30515,UNANIMIDADE,27059,1740,2026,REQ,REQUERIMENTO,"SOLICITA ROÇADA NA ESTRADA BALSA NOVA, CAMPO DO MEIO, PRÓXIMO AO N° 318.",Iluminação e serviços urbanos,"IA, por regras temáticas documentadas",não,https://sapl.campolargo.pr.leg.br/materia/27059
794,30516,UNANIMIDADE,27060,1741,2026,REQ,REQUERIMENTO,"SOLICITA REFORMA DO PARQUINHO NA ESCOLA PROFESSORA DORACI, TRÊS CÓRREGOS.",Educação,"IA, por regras temáticas documentadas",não,https://sapl.campolargo.pr.leg.br/materia/27060
794,30517,UNANIMIDADE,27043,1722,2026,REQ,REQUERIMENTO,"SOLICITA VISTORIA TÉCNICA EM BARRANCO COM RISCO DE DESMORONAMENTO, LOCALIZADO NA RUA ANTÔNIO GABARDO JUNIOR, PRÓXIMO AO NUMERAL 504, ÁGUAS CLARAS.",Defesa Civil,"IA, por regras temáticas documentadas",não,https://sapl.campolargo.pr.leg.br/materia/27043
794,30518,UNANIMIDADE,27047,1728,2026,REQ,REQUERIMENTO,SOLICITA AMBULÂNCIA DE EMERGÊNCIA À DISPOSIÇÃO DA UBS FERRARIA.,Saúde,"IA, por regras temáticas documentadas",não,https://sapl.campolargo.pr.leg.br/materia/27047
794,30519,UNANIMIDADE,27090,1773,2026,REQ,REQUERIMENTO,"Solicita instalação de bancos no posto de saúde Águas Claras, para atender os pacientes que aguardam atendimento e enfrentam longas filas.",Saúde,"IA, por regras temáticas documentadas",não,https://sapl.campolargo.pr.leg.br/materia/27090
794,30520,UNANIMIDADE,27086,1779,2026,REQ,REQUERIMENTO,"Solicita reparos na pavimentação asfáltica devido a buracos e cedimento do solo, na rua Mato Grosso, próximo ao numeral 7610, ferraria.","Ruas, trânsito e transporte","IA, por regras temáticas documentadas",não,https://sapl.campolargo.pr.leg.br/materia/27086
794,30521,UNANIMIDADE,27085,1780,2026,REQ,REQUERIMENTO,"Solicita a pavimentação asfáltica no pequeno trecho da estrada Dom Rodrigo esquina com a PR 423, loteamento Itaboa.","Ruas, trânsito e transporte","IA, por regras temáticas documentadas",não,https://sapl.campolargo.pr.leg.br/materia/27085
794,30522,UNANIMIDADE,27061,1745,2026,REQ,REQUERIMENTO,"SOLICITA ENSAIBRAMENTOP EM TODA EXTENSÃO DA RUA MIGUEL ROGITSKI, LOCALIZADA NA VILA DOM PEDRO, CAMPO LARGO.","Ruas, trânsito e transporte","IA, por regras temáticas documentadas",não,https://sapl.campolargo.pr.leg.br/materia/27061
794,30523,UNANIMIDADE,27063,1748,2026,REQ,REQUERIMENTO,"SOLICITA SUBSTITUIÇÃO DO PONTO DE ÔNIBUS NA ESTRADA DE BATEIAS, PRÓXIMO AO NUMERAL 5.692.","Ruas, trânsito e transporte","IA, por regras temáticas documentadas",não,https://sapl.campolargo.pr.leg.br/materia/27063
794,30524,UNANIMIDADE,27092,1774,2026,REQ,REQUERIMENTO,Disponibilização de cursos técnicos e profissionalizantes na região do bairro Itaqui de cima.,"Desenvolvimento, moradia e agricultura","IA, por regras temáticas documentadas",não,https://sapl.campolargo.pr.leg.br/materia/27092
794,30525,UNANIMIDADE,27083,1775,2026,REQ,REQUERIMENTO,"Manutenção/reparos de asfalto na rua das Palmas, tendo como referência o numeral 332, bairro Jardim das Palmas.","Ruas, trânsito e transporte","IA, por regras temáticas documentadas",não,https://sapl.campolargo.pr.leg.br/materia/27083
794,30526,UNANIMIDADE,27084,1777,2026,REQ,REQUERIMENTO,Reforma do parquinho no bairro novo horizonte.,"Cultura, esporte e lazer","IA, por regras temáticas documentadas",não,https://sapl.campolargo.pr.leg.br/materia/27084
